WY709CM 3 25 7.7 162 13, 159 5, 185 9, 177 7, 101 15, 109 5, 106 6, 101 15, 141 15, 173 6, 140 7, 128 11, 129 14, 92 8, 130 5, 146 9, 126 12, 147 6, 107 11, 134 9, 98 5, 157 10, 163 11, 132 8, 96 6, 89 11, 107 14, 142 7, 94 5, 101 6.89109
ND925GZ 26 28 9.1 129 6, 117 6, 189 4.44444
AV100KF 2 24 14.5 180 11, 142 14, 112 6, 152 15, 177 12, 179 9, 184 6, 117 8, 117 6, 152 6, 95 14, 180 7, 96 5, 153 9, 185 14, 99 15, 133 7, 147 15, 103 8, 138 15, 104 12, 92 9, 122 5, 109 14, 162 13, 134 1.11194
ZK797ZG 24 26 17.9 140 14, 89 5, 96 11, 190 5.53158
DX029PE 13 29 23.9 135 6, 109 10, 143 11, 125 7, 141 5, 83 11, 89 14, 132 5, 97 13, 115 10, 92 10, 185 15, 182 10, 119 8, 176 12, 135 15, 86 8, 147 13, 166 8, 86 7, 145 5.58621
SJ741XK 23 26 30.6 84 13, 108 12, 144 14, 141 10, 175 4.32
VN616MP 4 24 35.9 105 12, 175 9, 175 13, 98 12, 166 13, 91 8, 111 8, 123 9, 128 13, 164 5, 100 5, 141 11, 109 10, 127 12, 176 12, 156 15, 173 7, 140 10, 168 14, 90 7, 181 6, 156 5, 102 7, 100 3.73
BC064WL 25 28 41.1 179 6, 172 8, 119 5, 112 12, 139 2.26619
WN547ZA 16 17 49.2 139 6, 145 0.744828
NB410VR 14 18 54.6 99 15, 106 15, 81 10, 161 9, 140 0.6
TK219EX 23 24 57.3 80 7, 152 9, 152 0.855263
AK123HN 19 21 60.9 112 13, 86 6, 119 10, 128 10, 184 0.869565
EC587DS 3 23 64.3 120 5, 144 5, 89 9, 97 5, 189 12, 156 8, 105 8, 171 11, 88 5, 163 14, 165 13, 104 7, 170 14, 88 13, 142 14, 172 11, 166 8, 152 13, 128 9, 147 7, 96 8, 163 12, 120 6.075
FD769LF 24 29 65.1 148 13, 145 9, 98 6, 91 14, 141 11, 145 6.66207
NR976CC 3 6 70.9 102 15, 186 11, 152 5, 174 5.70115
VS099GW 28 29 74.6 145 5.37931
NS866XL 2 8 77.3 170 13, 169 10, 178 6, 116 13, 173 11, 165 14, 103 3.87379
DV939NG 17 21 79.2 154 7, 130 13, 168 13, 165 13, 139 0.352518
BW903ZF 25 27 82.9 86 15, 108 11, 95 7, 117 8.36752
PZ889MZ 4 18 90.3 187 7, 103 6, 171 10, 104 6, 159 11, 87 15, 106 9, 95 10, 133 14, 136 5, 144 12, 123 5, 173 12, 189 6, 187 6, 102 14, 118 8.86441
ED227HN 6 19 96.7 146 13, 129 14, 103 7, 83 12, 107 6, 93 8, 168 8, 145 13, 81 14, 94 10, 158 13, 176 6, 86 14, 160 8.5
PV964GT 8 29 105.9 166 10, 143 15, 119 5, 180 12, 179 12, 109 14, 119 8, 112 8, 127 12, 101 5, 190 7, 106 8, 175 13, 92 14, 81 5, 90 14, 111 14, 167 12, 118 6, 98 6, 135 6, 162 7, 184 15, 186 4.15591
YS927BL 11 27 110.4 177 10, 166 11, 121 6, 90 10, 167 5, 165 11, 171 7, 176 14, 178 14, 120 8, 145 14, 88 13, 176 10, 124 10, 103 10, 109 13, 157 12, 167 9.1497
CJ763BC 7 22 112 87 12, 116 12, 92 7, 91 6, 112 14, 103 6, 95 9, 87 11, 157 14, 139 15, 93 9, 121 6, 132 7, 183 10, 133 5, 116 13, 146 11, 120 11, 139 6.35252
WB188TM 20 29 116.6 126 12, 102 10, 140 13, 186 12, 131 14, 120 12, 84 8, 162 14, 145 15, 91 1.02198
VT999TG 6 12 120.5 151 7, 141 9, 157 5, 171 11, 104 9, 120 11, 181 1.79006
AK774KV 24 27 126.4 94 14, 173 7, 190 15, 186 4.67204
JY063YE 3 6 130.5 106 8, 144 6, 103 6, 123 8, 139 12, 124 2.79032
ET612VB 26 27 136.7 171 10.1404
RZ383TK 22 23 137.9 101 9, 106 8, 95 4.68421
MH719XS 28 29 138.4 151 5.16556
WE926MG 23 27 140 146 13, 116 11, 81 8, 111 8, 141 14, 123 12, 101 1.42574
DC065RK 21 24 145.3 105 15, 162 5, 84 6, 158 7, 124 9, 168 0.077381
MK286BE 9 11 146.8 112 9, 157 9.89809
SA774RX 21 22 147.4 152 5.68421
PC496YE 26 27 150.1 165 10.5091
SS808DP 6 7 159.4 123 8.4878
GF119TW 7 8 162.6 175 10, 80 5.95
HK583TF 11 16 166.2 123 14, 135 10, 150 10, 88 13, 183 10.0765
FY193WM 16 22 167.4 118 9, 135 10, 140 9, 97 10, 189 6, 122 9, 161 5, 83 11, 163 2.20859
GH197PK 17 24 172.4 137 14, 109 7, 107 9, 93 15, 145 5, 134 13, 158 12, 131 11, 144 8, 177 1.55367
FX635LH 15 27 180.8 126 9, 134 11, 122 14, 119 9, 140 12, 129 12, 172 7, 133 6, 155 12, 138 6, 152 8, 156 7, 118 8, 145 15, 187 12.8984
WY690HA 16 20 187.7 149 15, 160 8, 188 7, 137 6.73723
VS806DK 18 20 197.4 135 9, 157 7, 129 4.89922
YG391RK 20 26 198.4 88 9, 92 7, 127 7, 84 9, 83 12, 97 8, 133 11, 80 10, 131 5, 174 14, 139 12.6835
BM430YS 10 20 199.2 143 7, 89 12, 131 12, 126 6, 92 14, 126 13, 147 15, 115 14, 97 11, 190 9.59474
YF981JM 11 15 204.7 183 14, 135 15, 93 5, 179 4.59218
GT617YV 16 25 209.6 112 6, 153 6, 187 5, 104 14, 180 8, 125 12, 161 7, 137 15, 188 7, 94 10, 126 8, 109 5, 153 9.30719
CB978LB 21 23 213.2 115 9, 146 13.911
PE402WS 9 18 221 100 10, 166 12, 182 6, 168 8, 88 10, 98 12, 84 13, 174 8, 103 11, 86 11, 180 4.90556
XF290FX 2 18 221.9 172 9, 179 9, 89 15, 161 11, 180 13, 114 9, 133 7, 169 15, 185 15, 96 9, 166 5, 148 6, 129 13, 130 9, 175 6, 138 8, 149 9, 162 0.790123
XF357TY 8 18 225.9 177 12, 183 14, 143 9, 89 14, 187 10, 85 8, 145 10, 185 6, 92 9, 137 4.9562
SM862HG 20 25 232.6 100 5, 92 6, 108 10, 139 14, 160 12, 82 6, 173 14, 98 6.83673
VM182NT 25 27 237.4 92 10, 162 5, 156 10, 163 5.10429
WW011SV 15 24 239.4 166 7, 163 7, 122 9, 186 12, 158 9, 130 9, 150 9, 116 15, 110 8, 179 10, 180 5.07222
TK301CN 12 28 243.9 88 5, 133 14, 135 7, 188 13, 132 5, 90 5, 172 8, 190 9, 123 11, 97 5, 174 6, 80 9, 138 10, 101 10, 160 10, 121 11, 162 15, 121 6, 178 5, 102 5, 159 11, 93 8, 174 5.21264
RN323KS 16 21 248.1 147 15, 119 15, 135 15, 138 13, 82 3.40244
ES059DL 18 26 255.4 80 13, 151 13, 138 13, 134 8, 180 6, 126 5, 153 8, 89 5, 131 8, 162 15, 80 8, 157 6, 163 3.73006
AM700LV 5 18 261.5 180 8, 128 11, 97 14, 106 8, 114 12, 162 9, 172 12, 103 7, 143 13, 174 12, 146 14, 116 8, 152 7, 170 8, 87 0.850575
BG715DF 28 29 265.1 82 9, 116 0.362069
SB236MR 19 20 272 158 5, 110 8, 83 5, 113 1.61947
GG870DN 23 24 279.7 157 13, 172 0.0988372
KF000SL 26 29 282.6 154 7, 95 12, 89 8, 118 1.40678
VS818SH 26 28 285.6 175 13.2343
CB600SL 20 23 294.5 98 11, 133 13, 176 5, 129 13.2791
MF278XD 16 23 297.7 118 9, 171 15, 169 13, 165 12, 96 15, 92 12, 169 4.76923
NZ540JN 21 27 306.6 146 12, 175 14, 183 8, 161 13, 94 15, 99 7, 170 6, 160 3.05
YS214KV 14 23 314.1 98 10, 161 11, 94 5, 85 7, 130 7, 175 15, 90 5, 103 6, 134 9, 173 9, 156 6, 102 15, 173 0.67052
NZ227ND 26 28 321.7 119 15, 119 4.46218
JM705FA 24 29 325.7 127 6, 130 14, 176 11, 160 7, 110 14, 189 2.27513
TC460TK 20 26 327.4 166 11, 104 5, 145 10, 176 7, 115 14, 160 13, 155 15, 190 4.87895
WK271LZ 16 17 331.7 189 4.98413
VK595NH 13 28 334.6 86 15, 162 5, 137 8, 105 6, 146 10, 164 15, 102 9, 181 13, 102 10, 161 9, 156 14, 92 15, 124 11, 156 6, 105 11, 153 7, 136 12, 140 8, 128 8.73437
FN447GE 20 29 342.2 85 14, 102 11, 160 11, 124 5, 88 15, 103 12, 151 7, 189 5, 111 14, 172 5, 156 11, 159 8, 149 2.77852
RE084ZY 22 24 347.6 138 7, 176 15, 160 4.0875
ZH372WV 11 22 349.4 97 9, 181 11, 102 12, 119 9, 100 8, 166 9, 102 10, 97 9, 144 8, 99 11, 86 5, 126 9, 88 8, 101 14, 122 8, 90 2.96667
YT107GV 22 24 357.7 132 8, 136 5, 187 9, 165 5.09697
VT475ZT 11 29 359.6 183 13, 103 15, 154 7, 106 13, 172 5, 101 13, 122 7, 145 11, 156 5, 124 13, 106 6, 173 14, 130 7, 89 12, 170 12, 136 10, 110 9, 95 7, 121 9, 122 15, 147 13, 182 0.357143
DW276SN 6 7 363.7 174 6
JX003BA 5 8 368.8 158 14, 121 6, 171 14, 84 10.881
GF527TN 2 6 377.6 166 5, 164 13, 189 9, 188 15, 126 2.65873
RR084FP 15 25 382.7 187 7, 90 5, 190 12, 184 15, 134 7, 103 6, 82 11, 142 5, 87 12, 167 10, 107 12, 81 12, 114 9, 154 6.87662
DF375VH 9 21 391.6 163 7, 180 12, 107 10, 178 10, 131 9, 162 8, 178 10, 190 11, 110 15, 119 5, 109 7, 139 9, 80 13, 130 3.19231
TR975KE 17 24 396.4 102 6, 133 6, 159 14, 165 5, 81 14, 113 14, 98 5, 182 15, 128 5, 190 6.48947
SL958VP 12 29 403.8 112 10, 152 11, 90 12, 130 11, 97 10, 112 10, 114 14, 174 14, 145 12, 170 8, 133 8, 133 12, 160 14, 160 15, 134 9, 100 15, 128 14, 138 8.86957
HY684RF 18 25 407.2 94 10, 110 15, 165 12, 130 7, 160 11, 121 11, 82 5, 100 6, 97 13, 136 6, 163 5.33742
JS423TP 18 29 408.4 144 13, 188 9, 129 6, 139 5, 108 15, 115 13, 148 15, 188 13, 83 12, 86 8, 110 6, 95 8, 143 10, 140 4.75714
VL741RX 26 27 412.9 166 5, 153 5, 88 1.57955
GG426KK 4 25 419.7 115 14, 141 14, 180 12, 164 15, 111 14, 137 5, 175 10, 150 13, 104 11, 165 15, 139 5, 173 12, 154 8, 111 10, 189 6, 116 10, 185 14, 168 15, 176 5, 174 9, 174 4.0977
CR497WH 21 28 426.1 110 12, 109 12, 151 14, 137 7, 97 6, 178 10, 82 12, 141 7, 159 9, 169 2.88166
GG698JL 13 15 433.9 129 8, 130 10, 104 5, 109 7.9633
LB031CP 25 28 437.4 159 10, 97 14, 137 7, 136 5.86029
NB855FR 16 18 444.2 108 12, 127 10, 100 2.42
FX230CH 10 20 446.6 133 7, 147 15, 83 14, 186 10, 190 10, 171 15, 134 11, 181 10.6685
RZ443XZ 7 9 453.9 91 7, 121 15, 174 3.90805
DW616XN 14 26 461.3 85 5, 162 14, 155 15, 103 5, 90 5, 129 7, 140 13, 119 10, 179 12, 99 7, 110 9, 96 14, 111 9, 182 13, 104 12, 183 3.55191
ES396RT 23 29 463.2 82 7, 148 12, 167 6, 161 10, 161 11, 107 11, 120 14, 82 0.926829
RW324DC 28 29 466.1 81 9, 142 0.359155
PZ274EK 1 25 473.7 172 6, 120 5, 116 8, 107 5, 130 10, 108 6, 96 6, 152 11, 136 6, 169 10, 84 13, 124 6, 154 12, 144 12, 181 14, 189 13, 90 10, 176 6, 140 6, 132 12, 125 5, 123 6, 174 8, 152 6, 168 14, 117 11, 138 7, 136 11, 190 13, 128 11.4219
BR360WS 16 24 480.6 176 14, 165 5, 89 13, 150 6, 114 7, 179 10, 121 9, 189 7, 119 6, 80 6, 106 14, 96 1.95833
AF143TG 24 25 490.3 147 12, 87 4.13793
XC632MW 19 20 495.9 83 12, 125 8, 85 3.2
NR860YH 13 24 499 97 12, 106 14, 158 14, 98 9, 110 15, 155 7, 143 10, 130 13, 177 8, 179 11, 160 12, 169 6, 140 5.01429
KD808BM 16 23 501.8 147 13, 113 6, 93 8, 83 8, 148 9, 155 11, 149 14, 173 11.7572
ZR440DX 13 15 510.3 109 15, 93 11, 81 12, 99 0.909091
LN469PL 14 20 518.6 154 12, 168 14, 187 5, 162 9, 141 12.5603
AB808NX 14 25 526.9 173 8, 146 8, 174 9, 171 11, 91 12, 182 11, 145 7, 187 5, 101 10, 122 7, 189 7, 115 12, 130 10, 171 6.05848
LP263PY 25 29 530.2 132 7, 123 12, 90 8, 150 12, 120 4.7
DE583HR 4 11 534.3 150 7, 187 15, 158 14, 145 15, 174 8, 106 8.56604
RT628YH 10 15 538.4 122 10, 122 14, 86 7, 95 10, 109 6, 185 7.85946
VS093VL 24 26 540.8 114 12, 161 15, 160 4.55625
VV395FD 4 23 541.5 82 15, 122 7, 163 15, 141 5, 165 5, 131 7, 106 8, 183 5, 149 7, 121 12, 180 5, 82 11, 136 9, 109 14, 150 13, 190 6, 103 5, 112 7, 146 9, 156 8, 187 15, 95 11, 105 8, 116 12, 97 4.50515
YG472PY 1 27 546.8 182 9, 121 7, 127 15, 163 7, 157 10, 172 6, 128 11, 156 8, 141 14, 120 11, 107 7, 132 6, 181 6, 109 14, 85 6, 187 9, 170 7, 186 7, 105 14, 114 13, 132 15, 128 6, 119 15, 93 10, 140 15, 128 8, 107 11, 109 5, 169 6, 132 12, 106 7, 123 13, 151 8.48344
RN546MM 21 28 552.6 177 15, 155 14, 99 5, 189 10, 186 10, 153 7, 166 9, 176 1.80114
YE934ZK 15 28 562 178 7, 139 10, 105 12, 127 14, 150 7, 147 11, 134 11, 100 8, 100 15, 136 12, 130 11, 153 12, 99 12, 110 6, 143 7, 190 9.81053
AE397WM 21 26 568.7 131 9, 152 5, 187 14, 145 15, 182 14, 136 2.61765
BA776KF 4 6 577.6 144 12, 136 15, 129 0.27907
SY076PM 10 22 579.3 85 9, 186 7, 89 11, 171 15, 126 8, 111 10, 168 15, 121 15, 90 6, 81 14, 122 8, 156 6, 109 12, 84 3.19048
BP123GX 1 26 585.9 103 8, 100 15, 96 13, 127 9, 106 11, 99 10, 180 14, 134 7, 114 13, 162 12, 178 11, 113 11, 126 10, 157 15, 125 5, 130 9, 169 9, 108 5, 120 8, 113 8, 83 8, 144 10, 190 6, 167 13, 187 14, 135 13, 130 13, 154 7, 115 5, 165 7.55152
FD641GA 23 26 588 93 13, 181 14, 129 13, 112 6, 186 2.56989
JZ873YC 21 26 592.7 128 7, 153 14, 175 5, 110 12, 125 10, 190 13, 105 6.50476
WE537DK 10 25 594.5 167 6, 92 10, 93 7, 132 10, 165 7, 148 7, 110 14, 178 15, 119 9, 161 14, 142 7, 178 15, 163 14, 166 15, 174 8.93678
DG475GZ 28 29 595.5 92 8.47826
MG828WG 19 28 601.1 182 11, 102 13, 149 13, 96 15, 81 12, 113 9, 117 13, 144 13, 166 9, 164 7, 145 5, 129 8.52713
CX681GX 12 19 607.9 108 11, 175 14, 136 12, 162 6, 168 14, 134 6, 154 5.28571
ZZ262KT 26 28 613.9 172 9, 92 8.34783
ML985BS 9 20 614.9 82 9, 108 6, 190 11, 130 13, 92 12, 188 8, 181 12, 182 7, 142 11, 168 11, 179 6.96089
SN546TP 2 23 619.9 174 15, 188 12, 148 11, 105 12, 133 6, 187 5, 186 7, 156 11, 148 6, 106 15, 159 9, 127 5, 103 8, 119 8, 174 8, 138 15, 133 14, 90 6, 119 11, 92 7, 163 11, 95 6, 168 7, 111 10, 178 5, 158 5, 154 1.94156
FV142DX 21 22 624.2 165 5.23636
KC710AH 2 5 628.8 134 10, 141 12, 159 11.3836
PY400ZK 22 24 632.9 119 12, 155 7, 168 10.3988
TF335DK 17 21 636.4 183 8, 97 7, 92 10, 102 5, 141 11, 110 9, 182 5.67033
VN961PH 6 14 643.3 182 5, 125 6, 166 14, 169 10, 84 8, 124 9, 181 9, 85 5, 125 10, 138 6.68116
YM047KM 8 21 646.6 123 14, 180 10, 179 14, 140 6, 139 6, 187 15, 167 10, 142 8, 162 11, 86 5, 178 9, 178 5, 101 6, 124 3.97581
KF409YF 12 18 650.7 120 10, 91 15, 133 14, 153 8, 160 14, 141 11, 139 0.661871
MV078DA 22 26 653.9 142 6, 100 10, 161 8, 190 14, 189 5, 145 13.9793
JP173VN 13 18 659.3 118 9, 87 11, 162 13, 92 13, 143 5, 112 12, 108 7.72222
XL107MA 20 25 660.6 122 15, 106 11, 93 7, 82 11, 126 5, 170 10, 90 11, 177 9.67797
WW739ZV 4 19 661.2 181 6, 147 14, 86 8, 126 5, 130 14, 98 7, 169 8, 116 13, 103 11, 162 6, 151 14, 137 10, 143 5, 148 13, 187 15, 177 4.10734
DP933NK 10 26 668.9 129 15, 122 12, 84 5, 121 12, 131 8, 171 9, 120 7, 155 12, 151 12, 167 9, 116 5, 143 6, 103 15, 129 11, 112 15, 91 13, 164 13, 134 13, 181 5.44751
KL719VV 9 16 673.9 98 7, 85 13, 116 8, 103 8, 160 9, 156 7, 155 10, 118 7, 96 13, 94 4.5
SK107AV 5 18 678 167 12, 149 15, 153 11, 137 6, 82 11, 82 13, 105 5, 174 10, 162 9, 106 15, 178 15, 145 8, 98 8, 132 10.9318
VY828GC 18 25 684.4 91 13, 183 13, 141 8, 149 9, 183 10, 139 13, 158 11, 168 6.67857
SB418FN 15 20 690.2 137 9, 166 11, 188 8, 99 11, 112 9, 126 6.19048
PW044KN 13 27 691.9 172 13, 88 6, 83 6, 163 11, 114 9, 179 14, 131 14, 124 14, 101 10, 86 8, 116 14, 168 14, 121 9, 125 5, 187 11, 134 14, 171 8.10526
CE052JV 3 21 694.7 175 9, 189 10, 154 7, 128 5, 149 10, 151 6, 138 5, 163 10, 149 11, 175 9, 183 12, 138 10, 131 6, 159 15, 182 11, 155 9, 161 7, 183 11, 163 5, 106 4.73585
FH930DV 15 17 703.5 95 5, 138 15, 120 0.691667
LP174DP 26 27 708.2 111 7, 124 6, 134 1.58955
HL844FH 5 24 714.3 177 9, 187 14, 154 5, 111 7, 97 15, 151 9, 81 5, 104 13, 114 12, 189 6, 112 12, 143 14, 120 13, 159 14, 188 12, 84 14, 175 14, 108 6, 105 11, 146 7, 88 7, 117 5, 146 4.21233
SP662LH 21 23 723.2 131 11, 93 6, 176 6.0625
NT230CP 18 23 723.7 130 14, 124 13, 181 15, 156 6, 98 8, 132 3.62879
EH788MH 27 29 726.8 122 11.1639
JD375CM 5 19 728.4 124 5, 121 5, 115 13, 107 13, 87 10, 163 8, 142 8, 174 13, 143 13, 133 9, 156 9, 80 6, 166 10, 170 11, 155 13, 189 3.13228
YS180YA 13 16 730.8 109 13, 161 14, 186 9.32796
KA591CF 16 27 738.1 112 6, 148 14, 142 12, 163 5, 96 15, 161 6, 141 10, 100 11, 172 13, 178 12, 86 9, 90 15, 174 6, 124 10, 117 4.26496
VA530JR 21 22 746.7 99 8.72727
LJ388GF 25 29 753.5 82 6, 168 12, 117 7, 115 13, 177 3.74011
MR427KW 16 18 763.2 115 6, 130 5, 129 8, 129 3.37984
XP371ZZ 21 25 771.9 145 7, 81 13, 94 10, 176 14, 112 7, 187 5.30481
ZN905FA 11 19 772.4 140 10, 86 8, 118 7, 169 5, 114 7, 151 8, 180 12, 139 8, 163 9, 86 6.30233
BA682HS 18 28 779.5 175 9, 162 10, 175 6, 122 7, 93 13, 153 5, 159 11, 98 14, 112 8, 106 14, 103 9, 188 8, 190 11.7211
HN187TJ 18 20 781.5 94 11, 81 9, 126 5, 172 3.21512
ST393HH 2 19 787.8 160 9, 149 6, 128 5, 115 8, 149 8, 124 13, 130 7, 185 14, 107 7, 110 6, 90 9, 82 7, 179 10, 178 13, 100 7, 165 5, 157 9, 180 6, 81 5, 83 11, 135 6, 157 14, 111 1.46847
HR630WK 24 28 791.7 91 8, 90 11, 187 9, 102 11, 83 13, 128 9.57812
EB525GJ 11 16 792.7 135 11, 168 5, 151 15, 110 8, 123 5, 139 10.6115
CT409RP 8 26 796.1 141 5, 178 8, 173 12, 96 15, 84 6, 95 15, 129 7, 81 6, 157 8, 115 13, 92 15, 140 14, 158 11, 138 9, 106 11, 145 13, 154 10, 188 10, 142 6, 100 8, 172 6, 138 7, 182 3.28022
SA653NA 24 27 804.9 183 12, 190 5, 92 11, 163 6, 83 13, 105 0.295238
RB451MN 12 24 813.9 130 7, 151 7, 173 15, 163 15, 177 5, 136 9, 112 15, 139 6, 126 7, 119 5, 89 14, 129 14, 101 7, 145 12, 106 10, 110 2.47273
EJ062TC 15 18 823 172 14, 110 11, 120 7, 184 0.195652
MV779WA 8 14 826.9 175 7, 111 10, 105 6, 181 9, 92 6, 186 14, 145 4.6069
CJ965FA 4 9 833.5 89 13, 171 6, 130 15, 181 8, 129 10, 162 6.84568
YF236VA 4 27 836.9 177 10, 148 9, 146 5, 143 6, 182 14, 124 7, 131 6, 190 8, 125 5, 179 12, 156 10, 145 8, 170 8, 188 11, 173 5, 164 10, 161 10, 125 15, 173 6, 85 12, 125 14, 112 12, 182 8, 163 14, 152 8, 97 10, 99 11.7273
CL804BK 15 28 841.4 170 14, 182 15, 100 5, 119 10, 117 5, 161 12, 146 5, 109 5, 107 5, 145 5, 154 7, 163 10, 127 5, 91 5, 181 9, 154 12, 129 8, 186 8.42473
HL611KL 20 24 843.8 133 8, 85 14, 99 15, 86 12, 141 14, 81 7, 121 1.20661
HV381CJ 10 15 851.9 106 9, 86 13, 167 13, 151 9, 124 7.95161
LW344KP 5 8 860.2 95 14, 159 6, 80 12, 80 14, 124 7, 137 7.40146
PX534JH 26 28 863.3 163 6, 158 7, 130 1.78462
RZ631YL 21 26 868.1 160 9, 110 6, 159 5, 184 15, 133 9, 115 9, 124 9, 166 3.81325
JM368BY 28 29 872 164 4.7561
WP120DZ 26 29 873.5 148 10, 121 8, 179 3.62011
RY802WK 13 16 883.2 170 14, 178 7, 121 14, 109 0.788991
WJ730VE 28 29 883.7 168 4.64286
SP936XT 19 23 890.4 108 13, 147 6, 166 12, 170 14, 118 8.55932
WW653JP 23 28 894.7 101 15, 102 7, 136 14, 149 10, 153 15, 186 5, 133 0.285714
EX997CD 19 29 901.5 141 13, 187 13, 91 6, 186 11, 170 8, 149 8, 142 7, 169 12, 167 6, 85 6, 188 9, 160 5, 106 8.49057
PN049JT 4 10 910.5 138 12, 104 11, 141 8, 116 5, 114 6, 109 11, 164 14, 134 8, 129 0.534884
FK973FY 25 27 914.2 158 10, 94 13, 103 8, 184 2.69565
KM535YH 15 29 917.5 116 14, 125 10, 148 8, 135 8, 84 10, 88 12, 189 12, 162 6, 153 13, 168 5, 109 13, 128 12, 105 5, 185 13, 173 6, 162 6, 144 10.4861
SM838NE 6 23 919.3 180 13, 105 5, 89 9, 137 6, 89 14, 134 9, 93 9, 152 15, 125 11, 120 12, 136 12, 104 15, 90 14, 107 14, 162 5, 132 10, 175 5, 188 11, 91 9, 176 4.19318
BC363JB 17 22 924.7 130 12, 170 7, 84 13, 84 6, 175 13, 166 7, 140 1.62143
PS316HB 26 27 925.9 185 9.37297
NP488EF 15 18 935.3 179 14, 83 15, 124 5.99194
LN351PB 23 26 936.7 182 5, 158 11, 168 6, 190 10, 150 6.76
ZM605BZ 18 22 938.5 123 5, 173 14, 173 6, 160 6, 139 7.97842
BP106ZX 16 25 947.2 172 14, 152 9, 98 13, 170 13, 177 9, 82 7, 104 9, 122 15, 133 15, 86 13.3488
ZJ829NF 17 23 953.9 187 13, 160 6, 150 13, 176 11, 189 12, 168 3.97024
JA635VZ 18 19 955.6 81 6, 118 1.62712
JB244KW 24 25 959.4 87 13, 161 6.1677
XT077ED 5 7 965.1 119 13, 140 10, 82 11, 145 1.17931
MP233NL 4 14 972.7 100 15, 130 7, 95 6, 85 15, 89 13, 177 6, 150 9, 97 8, 180 5, 149 15, 151 13, 111 14, 88 2.72727
DZ009HG 20 28 978.3 82 6, 93 15, 185 7, 114 14, 96 12, 105 7, 101 13, 129 11, 99 14, 134 5, 85 15, 162 6, 135 4.34074
MC690XL 9 10 988.3 137 11, 172 1.98256
BG135XX 21 28 992.4 148 6, 80 5, 154 8, 102 14, 170 12, 148 6, 151 5, 150 8, 90 6, 119 6, 164 9, 184 2.125
VL205WT 24 26 997.1 94 7, 96 11, 120 13, 103 6, 103 6.01942
CM696EX 2 27 1003.6 90 11, 137 8, 138 11, 88 15, 123 12, 186 9, 177 15, 129 7, 96 8, 179 8, 137 9, 154 8, 146 6, 155 8, 119 9, 89 14, 178 8, 85 14, 94 6, 120 13, 92 9, 92 7, 178 9, 107 10, 137 12, 136 8, 176 5, 132 10, 119 8, 190 10, 149 15, 173 7, 139 5.26619
RW923MP 10 22 1009.5 151 10, 176 9, 89 14, 159 10, 109 12, 177 15, 92 9, 95 14, 189 8, 97 12, 173 10, 172 4.47093
VD642YX 10 22 1018.3 174 5, 158 12, 81 6, 137 10, 167 13, 180 6, 109 12, 164 5, 89 13, 109 9, 133 12, 151 8, 128 11, 171 5.11696
SX117NT 4 15 1021.7 108 6, 92 5, 123 10, 118 12, 178 13, 134 5, 110 14, 136 5, 116 5, 155 10, 184 7, 140 9, 117 13, 118 8, 89 3.53933
DD057DJ 18 25 1022.8 161 9, 89 7, 141 6, 100 8, 157 9, 185 13, 119 6, 153 15, 164 7, 130 5, 129 1.43411
YN145BL 22 28 1028.8 156 5, 99 11, 83 10, 100 7, 85 9, 113 13, 122 7, 123 12, 135 12, 115 13.087
VC225GF 3 22 1034.7 188 5, 120 5, 138 13, 173 5, 170 12, 115 6, 176 6, 144 9, 135 8, 189 14, 101 12, 120 7, 86 13, 156 6, 148 6, 133 13, 176 12, 82 14, 159 7, 143 9, 144 7, 129 7, 165 7.73939
DR681TA 16 17 1037.7 97 9.71134
WX784GE 13 14 1040.3 182 9, 146 7.93151
SH717DP 2 17 1044.2 105 12, 122 7, 138 11, 131 9, 157 13, 145 12, 159 15, 116 7, 136 11, 189 12, 163 11, 83 12, 144 11, 169 11, 108 6, 125 5
JE336XB 10 12 1051.8 173 6, 120 4.25
GB539DY 23 26 1057.7 148 14, 184 10, 117 9, 179 8.96648
YL159FN 10 16 1060.1 141 10, 116 8, 148 10, 102 14, 135 15, 172 5.8314
FD660AL 23 26 1062.9 161 14, 95 10, 116 14, 158 11.0253
VS917JB 23 27 1071.9 183 12, 138 8, 96 7, 85 6, 166 12, 155 10, 145 1.93103
RJ232ZB 6 17 1074.2 144 6, 97 9, 169 12, 138 6, 118 13, 88 12, 159 13, 149 13, 104 7, 187 7, 108 15, 158 2.50633
MZ001PF 22 28 1079.8 109 13, 190 7, 171 5, 116 10, 82 11, 82 10, 145 6, 82 15, 184 6, 130 9, 167 1.37725
NX329SV 6 29 1080.8 166 14, 140 13, 92 6, 83 5, 138 11, 81 12, 91 11, 178 10, 120 5, 100 8, 147 9, 187 15, 138 8, 186 10, 166 10, 166 12, 180 7, 119 5, 176 15, 129 11, 102 12, 104 6, 115 11, 145 8, 172 8, 174 5.91379
CD344JH 10 22 1085.8 162 11, 106 7, 139 7, 167 6, 104 9, 130 14, 82 5, 152 13, 92 14, 123 6, 178 6, 188 5, 144 6, 113 14, 83 6, 168 3.6131
JW750CF 13 24 1088 183 12, 128 6, 92 15, 130 13, 109 8, 140 10, 142 10, 120 9, 87 8, 98 8, 187 9, 145 8, 182 15, 106 7.16038
AA260AE 27 28 1088.9 173 3.36416
PS907ME 23 25 1090.9 156 10, 108 7, 181 6, 104 7.5
AH320RB 8 15 1092.8 87 8, 163 7, 96 6, 92 12, 135 7, 105 9, 100 5, 140 12, 119 7, 153 6.02614
WT354JC 22 28 1102.1 158 14, 93 7, 151 12, 121 7, 131 13, 129 13, 186 6, 99 10.8081
LJ993MX 9 22 1108.9 139 15, 160 8, 135 11, 153 7, 152 5, 170 5, 100 8, 93 14, 123 5, 179 7, 174 7, 135 11, 123 7, 125 15, 101 14, 127 5, 117 0.726496
CW387EH 7 24 1113.6 140 6, 133 11, 147 11, 181 8, 146 15, 128 8, 107 10, 110 15, 90 7, 93 7, 173 13, 136 7, 85 6, 92 14, 185 6, 103 14, 110 13, 118 9, 187 9, 163 12, 104 1.93269
VG872GB 13 22 1123.1 116 9, 185 8, 154 13, 139 11, 134 5, 120 14, 167 5, 118 15, 143 10, 182 10.5385
GA700ZE 22 26 1124.3 123 9, 117 14, 178 9, 165 10, 154 6, 175 5, 131 7.45038
TC584RJ 10 14 1133.6 166 14, 82 9, 136 13, 155 5.38065
NL293PR 18 28 1134.9 155 15, 166 8, 80 8, 84 10, 175 15, 186 10, 101 7, 189 8, 124 13, 80 9, 99 6, 118 14, 152 5.375
RG150HB 14 16 1143.2 88 10, 92 9, 89 10.1348
SW188AJ 12 16 1147 169 5, 187 9, 115 7, 161 13, 169 7.69231
NX017YV 6 26 1150.2 82 9, 105 14, 110 5, 155 14, 150 8, 98 15, 91 15, 172 14, 105 14, 129 10, 80 10, 82 7, 168 5, 188 12, 146 8, 80 6, 135 6, 127 6, 181 15, 143 11, 182 10, 85 14, 170 7, 145 11.8138
DV589VT 2 11 1152.1 110 11, 165 11, 163 12, 143 8, 183 13, 121 6, 177 14, 102 15, 153 8.61438
YD266NF 25 28 1157.2 108 12, 168 9, 180 8, 126 3.61905
HJ033TB 26 29 1161.2 152 15, 86 9.48837
TG794PW 27 29 1162.1 151 9.01987
ZJ225ZY 22 29 1167.4 173 15, 83 10, 146 10, 178 11, 95 10, 161 14, 94 5, 178 7.58989
EK761AE 22 24 1168.2 150 8, 127 15, 156 7, 121 0.520661
RJ428LW 26 27 1176.8 178 7, 150 3.25333
GP527FG 9 12 1186.7 183 10, 144 8, 124 3.33871
LA441LA 27 29 1192.8 131 10, 132 0.393939
PZ725TF 8 24 1193.3 153 11, 186 15, 114 8, 118 7, 134 10, 147 10, 116 8, 122 11, 97 11, 98 5, 159 7, 88 5, 186 8, 158 5, 131 14, 177 12, 161 7, 171 7, 93 10, 161 2.1677
RP054BJ 7 27 1195.4 95 11, 129 15, 188 11, 165 11, 147 10, 124 14, 137 12, 121 7, 135 9, 189 11, 102 12, 120 5, 137 12, 95 8, 186 14, 161 10, 96 9, 140 11, 122 5, 146 9, 86 13, 144 8, 141 12.8936
WL077BZ 25 27 1202.6 185 9, 144 9, 182 6.37912
NA608FS 3 6 1212.5 129 6, 162 5, 95 15, 166 6, 141 9.38298
YV269AT 16 24 1218.4 129 6, 169 12, 129 9, 153 11, 164 10, 181 12, 144 14, 176 9.875
TF678CG 14 17 1226.2 173 5, 84 9, 171 8, 117 4.81197
WP480EK 1 16 1227.1 159 13, 163 7, 105 14, 147 10, 152 6, 108 7, 133 14, 144 15, 143 7, 129 15, 127 12, 146 9, 176 12, 161 6, 132 7, 123 6, 182 3.25275
CS071YX 5 15 1231.1 106 10, 80 5, 88 14, 158 7, 100 11, 135 8, 120 8, 103 12, 177 14, 98 15, 157 12, 187 6, 87 5.28736
KW020NC 17 18 1237.3 130 14.3538
TG523ZS 21 24 1244 184 9, 182 8, 163 6, 148 6.98649
LP093YF 28 29 1252.4 98 7.95918
EJ608PW 5 21 1260.9 101 8, 113 5, 103 14, 172 6, 113 10, 94 7, 184 6, 99 5, 189 12, 102 15, 190 6, 97 12, 181 15, 103 14, 163 7, 134 10, 146 11, 168 5, 103 10, 137 7, 94 6, 145 2.68276
LP394KA 25 27 1270.2 173 6, 84 8, 182 11, 95 4.31579
MA590HG 6 15 1279.3 88 7, 135 15, 138 10, 125 15, 86 11, 114 10, 146 15, 87 13, 156 8.39103
PW132NB 25 28 1286.5 185 6, 89 14, 157 5, 175 6, 183 2.80328
TG196BX 21 25 1288.3 95 9, 166 7, 106 12, 172 6, 162 12, 175 5.61714
XK724BF 5 6 1297.6 158 12, 163 6.62577
CR177EZ 13 17 1305.2 142 7, 91 15, 137 5, 168 13, 149 6, 91 2.48352
TS079FT 27 29 1305.7 90 10, 161 2.86957
NX161AZ 16 21 1311.4 86 6, 129 10, 174 14, 80 11, 147 5, 159 6, 90 13, 188 0.569149
CH737YF 27 28 1317.2 166 3.50602
DV883DS 5 7 1324.6 129 5, 107 9, 181 13.326
AN791DL 23 27 1330.3 110 6, 89 14, 101 8, 84 14, 120 13, 98 10, 156 12.0128
JM598FW 27 28 1335.9 116 5.01724
FX356SY 27 29 1337.7 100 13, 147 0.421769
PH522NJ 8 17 1340.2 110 15, 111 5, 138 10, 180 11, 103 7, 128 8, 110 10, 139 11, 143 6, 136 8.625
TF537FG 20 26 1346.2 145 15, 141 12, 121 15, 131 15, 87 6, 135 12, 162 5, 182 7, 171 0.567251
FD239ZF 10 17 1349.2 104 15, 177 5, 157 15, 105 15, 100 6, 95 9, 128 6, 126 4.90476
VJ841NT 22 26 1354.7 161 10, 145 13, 126 10, 154 15, 158 10.8038
CW813RS 9 25 1355.2 80 5, 125 10, 163 13, 111 14, 93 14, 111 7, 82 8, 178 15, 117 7, 134 15, 178 5, 93 9, 173 9, 135 7, 97 13, 155 5, 142 12, 86 7, 88 7, 190 14, 112 0.482143
CY286FA 15 21 1358.8 114 9, 80 11, 107 14, 160 15, 102 8, 182 9, 101 6, 119 7.64706
MN225KD 3 27 1360.1 96 7, 183 12, 188 12, 181 12, 112 8, 104 9, 159 15, 141 9, 160 5, 83 14, 157 7, 148 15, 179 9, 186 12, 177 11, 110 13, 119 15, 175 12, 130 9, 105 11, 182 12, 175 10, 146 12, 93 8, 87 10, 82 3.54878
WT979PN 24 28 1365.3 122 13, 169 8, 165 14, 160 6, 130 4.76923
YF323JB 18 26 1371.7 98 15, 174 8, 113 12, 117 7, 154 15, 98 8, 124 7, 92 9, 186 9, 107 12, 165 12.9152
JK942SX 3 12 1374.3 177 5, 190 12, 154 14, 97 5, 149 5, 109 9, 145 7, 132 6, 95 5, 161 9, 125 13.096
ZE305VN 14 24 1383.2 143 9, 174 12, 95 13, 87 10, 104 13, 134 10, 128 14, 116 14, 131 5, 113 13, 170 7, 153 6.01307
NT470DR 6 22 1392.4 96 9, 112 6, 183 15, 123 12, 109 7, 109 5, 162 14, 181 6, 132 9, 131 9, 152 11, 101 12, 101 11, 93 11, 100 6, 147 15, 174 5, 160 7, 106 6.14151
BF722ER 8 10 1401 83 7, 86 15, 124 7.12097
RL757WP 7 18 1405.2 181 5, 104 6, 178 11, 190 8, 162 8, 130 10, 129 8, 95 10, 97 8, 139 10, 145 8, 109 7, 128 10, 169 6.55621
WS231PB 24 26 1413.2 122 6, 83 14, 144 14, 144 4.18056
AM952XT 3 22 1414.1 109 8, 139 8, 155 5, 152 15, 102 14, 150 14, 99 13, 85 10, 86 6, 169 7, 144 14, 158 15, 149 5, 178 12, 119 7, 135 8, 169 8, 187 9, 82 13, 125 9, 159 10, 89 2.01124
SY501LP 7 23 1419.1 163 14, 110 15, 97 5, 179 9, 140 14, 150 6, 86 10, 122 5, 134 14, 166 15, 182 8, 185 14, 188 15, 149 11, 121 9.7438
KK653FX 18 23 1428.4 127 9, 186 12, 143 11, 143 8, 117 9, 87 11, 109 2.23853
KY811PW 19 24 1432.8 124 14, 152 13, 145 10, 120 9, 164 6, 145 7, 138 8, 129 2.95349
EA995ME 20 26 1438.8 147 15, 145 11, 186 6, 115 7, 172 9, 177 8, 148 12, 143 7, 101 5.0297
VW278SL 15 22 1444.3 184 7, 117 7, 109 7, 132 5, 81 8, 104 14, 151 6, 147 14, 110 5, 136 10.9559
KA361KF 15 19 1450.3 138 9, 80 13, 119 9, 102 5, 158 6, 172 2.09884
AB307CB 11 25 1451.1 144 12, 85 15, 174 10, 154 11, 86 11, 168 9, 136 12, 151 11, 160 9, 108 8, 142 13, 86 5, 110 6, 180 10, 87 6, 157 5, 102 10, 114 8, 176 2.4375
RW261DY 23 27 1460.6 188 8, 186 8, 164 5, 93 13, 120 12, 168 5, 115 5, 122 3.5082
TG812ED 7 20 1463.9 94 10, 154 10, 163 13, 159 6, 108 10, 105 5, 124 6, 122 7, 144 6, 168 7, 175 8, 172 6, 137 7, 174 11, 173 10, 99 5, 102 6.68627
BP629AR 6 22 1466.5 126 8, 105 9, 154 7, 116 9, 179 11, 168 6, 146 5, 150 7, 167 7, 121 13, 121 12, 122 12, 110 12, 81 6, 159 6, 81 13, 137 5, 103 10, 160 7, 140 9, 156 5.46154
BM045VY 25 28 1476.3 127 10, 158 10, 88 7, 82 5, 134 6.1791
HA136TP 18 20 1480.4 112 9, 166 11.6747
KE115ML 5 14 1481.7 168 14, 83 7, 80 9, 133 6, 160 15, 154 11, 145 9, 83 11, 184 5, 183 11, 114 8.49123
KY765NF 14 29 1490.1 140 7, 89 10, 174 13, 108 9, 124 7, 164 6, 116 8, 159 14, 95 11, 114 9, 130 13, 167 5, 167 13, 153 5, 156 7, 144 12, 177 9, 107 10, 132 2.31061
BT593SS 2 23 1496.6 86 7, 135 9, 95 9, 95 8, 162 10, 131 10, 125 9, 127 6, 98 9, 114 5, 169 15, 141 9, 86 5, 161 13, 106 9, 156 5, 87 8, 108 10, 91 11, 177 5, 92 8, 158 11, 152 8, 139 5, 190 13, 117 7, 124 13, 138 14, 145 4.33103
LK210RS 12 19 1503.4 160 10, 142 11, 159 10, 83 10, 135 10, 190 15, 163 2.63804
TJ778YH 3 7 1512.8 169 14, 168 8, 95 12, 130 11.7077
NL147GE 15 26 1515.2 187 7, 133 6, 138 12, 188 11, 179 5, 140 9, 92 8, 158 5, 116 13, 110 15, 156 13, 99 12, 158 13, 158 9.3038
PX787MH 2 25 1521.5 123 13, 111 7, 176 8, 154 5, 135 10, 187 13, 172 9, 173 11, 131 9, 80 5, 150 6, 175 13, 174 11, 112 9, 92 5, 83 7, 187 5, 185 5, 132 5, 95 7, 100 6, 86 8, 90 14, 186 15, 118 14, 136 13, 172 7, 173 10, 82 5, 173 9.60694
NS162TK 17 20 1527.7 164 14, 116 9, 89 5, 189 5.43386
SB123MF 22 27 1534.2 97 12, 135 15, 129 12, 133 8, 144 14, 116 7, 119 6, 143 7, 187 0.86631
RJ773VL 20 26 1541.9 168 7, 105 14, 158 12, 93 13, 189 11, 101 9, 85 9, 155 15, 142 0.992958
HT522HL 4 28 1546.1 182 15, 86 8, 133 15, 143 5, 114 10, 167 13, 171 13, 90 10, 166 5, 179 13, 105 11, 153 6, 179 8, 117 5, 150 14, 170 12, 84 12, 155 13, 112 9, 163 7, 130 12, 125 14, 97 9, 126 6, 139 15, 132 12, 168 2.45833
DL359EL 28 29 1548 179 4.35754
TB918PE 13 20 1552.8 170 8, 176 6, 117 7, 178 13, 178 15, 156 13, 80 6, 155 2.79355
YV924AR 12 21 1557.8 168 13, 124 15, 138 8, 176 13, 98 15, 150 10, 131 14, 143 15, 125 3.432
MM900ZN 19 25 1566.6 149 7, 113 6, 101 9, 156 9, 164 13, 100 5, 175 11, 154 10, 185 6, 139 4.38129
KZ740LA 18 28 1573 86 14, 130 11, 140 12, 115 12, 154 14, 153 13, 88 14, 89 9, 116 6, 91 9, 90 5, 128 11, 160 12.4187
AZ665CG 13 25 1578.5 157 11, 157 6, 187 7, 152 9, 111 15, 153 8, 116 11, 160 9, 189 8, 149 12, 175 12, 152 5, 122 11, 142 9, 140 7, 96 0.322917
DH457LV 11 19 1585.9 167 10, 103 6, 149 7, 166 8, 117 12, 98 13, 188 15, 132 6.73485
JR432EW 18 25 1590.7 105 10, 101 5, 131 13, 91 14, 159 9, 131 10, 107 15, 87 11, 179 5, 88 10, 186 4.93548
MD610TL 17 19 1598.1 116 15, 96 5, 172 1.88372
BR790ZM 19 25 1600.3 183 8, 187 7, 154 9, 137 12, 163 5, 161 14, 104 11, 97 8, 80 7, 101 4.93069
RA424HK 9 28 1601 140 15, 148 14, 135 9, 106 11, 113 7, 112 13, 90 7, 135 9, 92 10, 189 8, 135 15, 178 5, 146 10, 150 13, 116 5, 171 9, 122 12, 111 8, 165 10, 140 8, 106 10, 115 11, 181 6, 119 0.907563
BC921WW 16 27 1609.1 100 7, 190 15, 82 5, 112 6, 89 15, 129 11, 131 6, 100 9, 115 6, 128 6, 159 11, 111 12, 134 5, 107 11, 154 15, 186 9.08602
ZT189ZY 10 22 1613.2 110 7, 96 15, 147 6, 99 8, 162 15, 156 14, 140 9, 103 9, 161 8, 157 10, 111 14, 106 5, 178 8.98315
SN043XE 13 18 1622.7 149 13, 171 15, 117 7, 172 11, 123 8.13821
EV589KE 6 20 1627.3 93 12, 168 10, 93 9, 105 6, 100 10, 184 15, 164 10, 146 9, 119 11, 115 12, 125 13, 158 11, 131 8, 147 7, 178 5.31461
VW347CB 26 28 1631.1 151 11, 149 4.39597
LB518EA 21 23 1632.1 105 10, 135 14.9333
KL110YZ 6 29 1642 121 12, 111 5, 124 14, 166 12, 148 14, 133 10, 93 8, 97 14, 170 7, 86 5, 83 13, 145 10, 128 15, 110 14, 96 8, 97 10, 187 5, 86 14, 90 10, 131 8, 136 8, 102 13, 84 13, 166 7, 90 12, 182 12, 169 10, 102 8.06863
WV136CX 2 22 1643 129 12, 102 11, 117 14, 177 15, 112 15, 98 8, 114 15, 116 9, 165 8, 171 12, 80 5, 139 14, 105 10, 168 12, 172 10, 166 7, 103 13, 172 15, 156 9, 100 7, 172 6.96512
DW292YX 28 29 1643.6 112 6.96429
GP952GJ 1 16 1647.4 118 15, 179 15, 85 12, 90 7, 160 8, 128 14, 112 8, 117 13, 124 10, 85 9, 125 12, 127 8, 168 13, 139 6, 99 11, 81 15, 87 5, 141 7.60284
TT732JZ 17 29 1652 145 9, 168 12, 140 15, 158 7, 131 14, 109 11, 107 12, 138 5, 136 12, 148 5, 165 7, 167 5, 120 8, 108 15, 133 8, 146 2.31507
RJ965TL 28 29 1652.5 184 4.23913
ZJ310GV 22 23 1655.7 182 6, 80 13.875
VW845FL 22 26 1659 143 14, 122 13, 178 8, 123 11, 80 14, 142 9.06338
AP494BV 19 23 1667.6 166 12, 108 15, 163 13, 86 13, 112 7.3125
CZ676BA 12 19 1674.9 155 6, 133 13, 170 7, 139 13, 152 6, 123 11, 162 8, 91 10.9341
SB045RS 18 21 1683.9 91 6, 116 14, 158 9, 171 9.87135
XB681XK 2 17 1688.4 164 10, 178 15, 152 11, 184 11, 83 5, 103 15, 140 13, 147 10, 92 13, 107 14, 175 6, 131 12, 143 12, 190 14.5789
ZE604JP 9 14 1689.3 87 9, 154 10, 114 12, 83 8, 115 12, 87 8, 123 8.78862
ZS453ZJ 14 15 1693 184 5.02174
HH954YJ 25 27 1696 156 13, 157 5, 171 5, 91 4.98901
FE299CR 18 22 1704.8 125 8, 159 5, 172 12, 187 9, 166 3.62651
AN268EA 21 22 1705.4 187 4.62032
RW797XX 13 22 1707.1 91 9, 85 8, 153 7, 160 7, 115 5, 162 14, 120 13, 186 8, 127 13, 183 11, 170 5, 161 1.63354
AM816PK 10 23 1715.2 178 9, 98 15, 140 7, 127 7, 124 15, 91 11, 87 5, 110 7, 128 9, 83 10, 135 14, 133 11, 86 15, 173 11, 87 8, 148 8.08784
LL405ZE 17 20 1722 104 7, 106 15, 133 6, 140 8, 105 5.48571
DA741AX 15 19 1726.2 135 12, 84 8, 82 12, 119 9, 84 9.82143
ZS663KZ 9 28 1732.4 172 10, 171 6, 186 15, 99 9, 103 6, 152 12, 157 13, 121 13, 105 14, 121 10, 133 9, 164 12, 180 14, 158 11, 107 14, 133 15, 92 8, 172 14, 148 6.34459
BD727JM 13 15 1735.8 86 6, 116 11, 162 11.9012
VV337YK 3 25 1743.6 120 6, 91 5, 179 7, 171 12, 189 12, 178 12, 147 10, 150 12, 189 10, 114 12, 95 5, 142 14, 187 13, 120 15, 153 14, 164 10, 154 5, 82 12, 119 5, 116 11, 117 7, 113 11, 122 6, 117 13, 98 9, 103 2.4466
WL101BC 22 29 1749 118 7, 189 11, 124 11, 138 13, 106 14, 145 7, 109 6, 146 12, 182 4.94505
JK855LG 16 28 1754.3 125 13, 156 12, 80 13, 87 7, 179 12, 127 10, 154 11, 102 11, 123 13, 173 9, 182 15, 127 12, 120 10, 104 0.480769
JA360PS 25 27 1756.2 180 14, 142 10, 84 2.16667
BH112TH 15 29 1757.4 112 12, 117 8, 117 12, 120 11, 160 10, 148 10, 111 14, 106 14, 91 8, 134 5, 172 7, 119 12, 177 6, 127 11, 115 15, 98 13, 138 9, 115 5.68696
CZ837ZL 9 23 1765 126 9, 157 6, 82 15, 130 12, 183 11, 148 15, 108 12, 87 5, 171 14, 167 7, 182 9, 136 9, 137 5, 157 6, 147 6, 169 8.94675
GP007JH 15 26 1766.3 127 9, 134 7, 133 7, 144 13, 118 11, 104 15, 159 5, 102 9, 117 9, 130 15, 130 7, 166 11, 95 9, 83 10, 120 15, 94 7.7766
DF706ES 24 27 1775.5 177 8, 100 5, 145 9, 97 13, 98 6, 169 6.95858
FP043CF 14 16 1783.6 89 8, 156 11, 143 1.27273
WJ434GX 3 26 1786.5 144 5, 170 9, 126 13, 162 15, 171 5, 83 9, 145 14, 124 9, 188 8, 188 15, 143 15, 109 8, 93 10, 163 8, 157 9, 120 10, 86 5, 157 11, 175 11, 129 14, 80 7, 118 13, 124 12, 119 14, 108 11, 93 12, 86 7, 102 0.529412
MW863XL 24 27 1791.5 113 6, 96 15, 158 13, 160 12.9625
NB008HA 5 27 1795.9 174 10, 86 11, 91 8, 112 14, 117 9, 103 10, 161 15, 188 13, 136 9, 148 7, 167 8, 160 6, 108 9, 114 14, 101 7, 108 15, 146 10, 175 10, 143 14, 110 8, 103 8, 127 6, 184 14, 112 6, 125 12, 113 5, 127 5, 81 5, 170 6, 82 3.73171
HZ492JA 7 27 1803 84 14, 148 9, 111 5, 179 8, 126 12, 115 10, 155 14, 114 15, 131 9, 90 14, 185 6, 183 13, 148 6, 85 12, 120 10, 136 8, 83 15, 86 13, 90 11, 184 9, 166 6, 185 8, 161 9, 158 11, 109 8.06422
RR639KS 21 27 1809.6 125 10, 162 8, 184 5, 107 12, 99 11, 179 8, 169 15, 174 5, 151 4.59603
AB437ZB 17 26 1815.6 91 12, 109 10, 85 5, 121 12, 86 9, 141 15, 179 8, 188 9, 165 9, 163 12, 106 10, 143 15, 179 0.357542
BP734FY 3 19 1825.3 168 5, 164 9, 117 7, 96 14, 129 12, 130 10, 140 8, 106 12, 118 6, 92 10, 123 5, 184 8, 123 7, 181 6, 121 6, 136 10, 82 9, 153 13, 182 5, 126 11, 81 7.67901
XW050LX 5 7 1832.2 186 7, 87 13, 147 10.7959
EM032KB 2 26 1841.1 100 5, 101 8, 86 11, 92 5, 148 8, 154 9, 167 12, 142 7, 132 12, 166 6, 162 14, 104 10, 164 6, 129 14, 126 13, 152 6, 162 10, 140 9, 148 7, 94 15, 81 8, 135 13, 161 9, 115 10, 154 14, 94 12, 163 14, 121 14, 185 6, 112 14, 104 0.615385
FV462SH 4 23 1850.2 105 14, 90 14, 124 5, 178 13, 90 14, 148 14, 86 7, 175 14, 95 8, 181 14, 163 13, 148 12, 111 9, 174 7, 177 14, 136 14, 132 11, 121 13, 164 2.40854
KK221XK 25 28 1850.7 151 9, 149 9, 89 5, 102 11, 168 2.60119
VK940JS 23 25 1853 124 12, 177 13, 91 4.31868
EP987PW 26 29 1854.6 161 8, 108 15, 154 1.22078
HG195RB 5 10 1861.9 95 7, 161 12, 135 8, 97 7, 123 8, 172 5, 105 7, 95 11, 148 6.89189
YC696BC 22 24 1870.4 107 7, 117 9, 125 6, 157 10, 139 0.992806
AV481ZX 24 28 1872 90 6, 129 13, 132 5, 127 5, 149 8, 96 9, 103 8, 113 3.85841
CD473VC 24 27 1874.3 105 6, 167 7, 156 11, 183 11, 184 3.90217
FS539ZR 9 24 1875.3 176 6, 107 11, 96 8, 107 6, 90 13, 96 7, 110 15, 104 9, 118 6, 141 5, 86 14, 103 14, 113 10, 131 13, 153 8, 134 11, 89 12, 81 10, 177 6, 160 13, 92 7.09783
VE838JS 26 29 1883.2 86 10, 121 10, 183 5.60656
TV835TW 9 24 1893 125 9, 132 10, 109 15, 109 11, 96 14, 140 15, 142 7, 149 14, 101 15, 85 7, 145 12, 151 8, 186 7, 128 10, 147 7, 186 9, 149 6, 153 1.92157
WY011MV 11 12 1896.1 103 8.09709
LF127AZ 4 20 1903.4 122 9, 163 11, 90 12, 107 9, 132 10, 155 14, 135 6, 91 14, 162 9, 169 6, 128 8, 115 13, 161 9, 147 6, 181 6, 97 13, 128 10, 128 10, 139 8.05036
RN935DW 6 24 1904.5 120 9, 162 11, 103 7, 100 11, 164 11, 87 5, 125 11, 126 13, 114 13, 105 6, 139 6, 87 9, 177 14, 186 12, 117 12, 101 12, 181 13, 94 8, 113 8, 183 6, 123 7, 127 4.34646
VF395NT 1 18 1911.5 102 10, 100 13, 150 13, 98 7, 131 7, 82 14, 103 9, 178 6, 142 15, 168 5, 116 11, 184 5, 128 10, 118 9, 145 15, 134 9, 128 5, 95 15, 136 13, 173 7, 150 5.35333
JY070YK 14 27 1914 145 14, 133 5, 84 9, 81 10, 130 13, 174 15, 124 6, 131 6, 173 14, 185 15, 107 9, 96 14, 170 15, 162 8, 124 5.05645
DX546FP 3 7 1918.1 147 10, 122 15, 185 7, 91 14, 161 3.12422
CP146GA 1 21 1925.9 138 13, 174 6, 168 11, 179 11, 121 13, 121 10, 120 15, 84 11, 143 7, 104 14, 89 7, 130 13, 89 11, 172 6, 101 7, 114 6, 143 15, 176 15, 119 15, 82 13, 90 15, 92 15, 173 1.91908
KF701DP 8 14 1930.1 182 10, 167 5, 107 6, 153 9, 132 11, 162 8, 139 7.16547
FA770XA 20 23 1932.9 180 7, 179 8, 97 7, 119 14, 170 2.13529
NT874YY 5 28 1933.8 117 10, 113 5, 168 11, 171 6, 127 8, 150 11, 158 13, 115 15, 83 5, 107 10, 171 11, 144 12, 114 10, 142 8, 105 14, 102 5, 96 15, 130 12, 180 6, 169 10, 117 10, 98 15, 166 5, 117 6, 154 13, 181 8, 174 6, 86 13, 94 14.4255
WN678TA 3 26 1943.4 100 11, 105 11, 118 7, 172 9, 116 12, 153 9, 116 10, 92 7, 148 12, 105 14, 163 7, 116 15, 133 5, 186 14, 92 5, 185 12, 164 10, 176 9, 94 9, 118 6, 122 14, 123 7, 173 5, 80 7, 130 12, 189 14, 81 9, 152 9, 184 5.41848
BF487DP 5 21 1951.3 185 10, 107 9, 170 12, 177 7, 93 12, 101 5, 94 8, 82 7, 82 12, 131 13, 92 6, 122 8, 118 9, 183 15, 87 15, 120 13, 183 7, 90 6, 180 12, 179 8.12849
JJ012DK 9 16 1952.5 130 10, 134 13, 90 9, 89 14, 123 13, 99 13, 88 8, 168 8.53571
EW371TM 11 22 1957.6 146 8, 106 6, 145 5, 181 13, 80 12, 81 13, 186 10, 100 8, 185 10, 90 12, 91 14, 173 12, 158 4.28481
JH532TK 27 29 1963.5 176 7.73864
KR451RE 28 29 1968.6 84 9.28571
RK924FJ 6 23 1969.2 132 8, 158 14, 130 10, 146 10, 182 14, 187 12, 84 10, 188 5, 131 7, 133 8, 138 11, 171 14, 103 14, 101 10, 190 5, 108 8, 185 7, 144 9.70833
PA715LM 6 17 1971.3 99 9, 114 12, 104 13, 182 13, 190 12, 129 10, 119 6, 159 13, 90 15, 172 8, 131 1.41985
HH369AN 3 4 1980.1 84 8, 97 7, 99 1.74747
WJ265AK 20 21 1984.9 145 12, 124 4.79032
HE284CY 24 29 1989.4 188 12, 125 13, 176 9, 148 11, 164 3.14024
GH769KK 8 11 1993.4 184 7, 160 13.625
TK558DH 7 13 2000.8 140 8, 96 8, 108 13, 162 6, 95 12, 149 11, 127 6.33858
WS557DS 1 2 2008 171 4.84211
MP777YT 26 29 2015.1 127 6, 156 14.9615
HX029MB 27 28 2024.1 167 3.48503
ZC778JM 20 22 2033.9 82 10, 171 9, 98 8.56122
BK111RP 14 23 2040.7 116 12, 106 10, 80 5, 134 15, 159 5, 170 13, 101 13, 114 6, 187 10, 170 7, 148 5.67568
KW546BC 23 27 2044 105 7, 156 12, 123 5, 104 7, 120 12, 107 12, 131 10, 170 1.88235
DN011WA 22 26 2047.4 87 12, 130 9, 141 13, 96 5, 82 13, 119 12, 155 10, 91 2.20879
KB163LW 6 27 2053.7 169 8, 187 11, 95 10, 184 13, 98 15, 188 13, 115 11, 185 13, 140 10, 124 15, 173 9, 157 7, 103 14, 100 8, 151 7, 137 8, 172 15, 176 8, 177 6, 105 12, 142 13, 88 10.8409
WN237WK 18 21 2061.7 172 6, 123 11, 110 8, 81 15, 149 5.36913
VR776WL 19 27 2071.2 147 15, 117 14, 176 8, 132 7, 163 11, 112 6, 173 13, 173 7, 156 10, 109 12, 171 5.87135
SW076ZP 9 21 2075.6 184 8, 117 7, 120 14, 126 14, 102 11, 187 7, 129 13, 110 7, 137 10, 157 9, 148 9, 146 9, 190 7, 161 5.20497
EV474GY 26 29 2085.5 188 15, 142 1.94366
HB212GD 13 19 2092.3 157 8, 106 15, 179 12, 182 11, 114 15, 97 1.91753
DY382LF 8 26 2093.2 181 13, 174 12, 157 11, 173 12, 145 5, 123 6, 103 9, 127 7, 113 8, 93 6, 177 5, 157 6, 157 5, 148 5, 87 10, 111 14, 111 9, 172 10, 107 15, 170 11, 99 6, 132 9, 136 8, 149 6.22148
PE398MR 9 18 2100.8 97 14, 146 9, 88 7, 142 11, 97 10, 92 14, 186 8, 144 11, 92 5, 143 8, 179 6.40223
BV729WF 16 17 2103.1 162 5.81481
RZ969LL 9 20 2111.8 175 15, 126 11, 158 11, 173 10, 93 14, 152 10, 137 13, 181 8, 93 8, 95 12, 175 2.64
HJ783CY 17 23 2115.7 166 15, 118 9, 157 15, 167 11, 187 13.1979
XS623YD 28 29 2118.5 133 5.86466
BX422LX 25 27 2124.5 184 6, 150 11, 162 8.44444
DD210XJ 8 15 2126.9 115 12, 128 6, 187 6, 164 14, 153 7, 95 8, 148 8, 184 4.13587
AB577BE 16 21 2128.7 82 12, 118 10, 121 15, 161 8, 169 5, 158 12.5063
VA620GT 14 29 2133.6 164 8, 158 12, 93 7, 157 5, 181 13, 159 9, 148 11, 112 12, 186 15, 82 5, 136 12, 111 10, 144 12, 162 6, 120 5, 132 10, 175 8, 141 0.48227
ZH082EC 21 26 2142.4 115 11, 106 15, 86 11, 173 7, 127 15, 103 8, 111 7, 153 7.30719
KE648AY 3 27 2142.9 141 14, 138 8, 80 15, 128 9, 174 8, 111 8, 185 15, 188 13, 157 10, 143 11, 167 15, 84 6, 184 5, 120 9, 167 11, 113 15, 161 15, 150 13, 100 10, 179 6, 176 12, 181 15, 117 7, 97 13, 168 6.69643
KP260YF 4 21 2150.2 90 8, 109 7, 128 8, 121 10, 164 8, 97 14, 126 14, 100 8, 160 14, 151 14, 154 11, 90 8, 167 6, 154 10, 149 7, 111 6, 140 9, 151 5, 161 13, 91 5, 92 6, 180 6, 106 0.235849
ML938RR 27 29 2152.1 126 10.8095
YL297PY 26 29 2157.9 95 14, 145 9, 153 3.01307
BZ929CH 2 20 2159.8 166 6, 115 13, 173 6, 152 13, 82 15, 100 12, 91 15, 122 14, 190 7, 152 15, 151 13, 153 13, 97 7, 145 6, 102 14, 92 10, 131 6, 101 11, 123 14, 94 6, 90 5, 188 4.09574
VJ483JE 11 15 2167.7 99 14, 109 13, 156 7, 174 7, 118 6.44915
WE493MP 24 28 2176.7 121 7, 169 7, 127 10, 133 15, 80 7, 120 6, 163 1.55215
VY188NH 17 22 2185.9 155 9, 104 12, 161 15, 173 14, 141 3.75887
LS024FB 11 25 2193.6 189 12, 167 10, 152 9, 180 8, 167 6, 151 14, 173 7, 116 10, 109 15, 106 5, 181 10, 147 15, 90 13, 164 7, 137 7, 177 6.81356
VB641ZV 17 28 2194.9 87 6, 91 15, 124 11, 86 6, 151 8, 89 10, 167 15, 172 11, 92 14, 96 8, 84 12, 147 13, 110 5, 146 11, 131 13.0153
SR112GJ 9 27 2197.5 90 10, 91 13, 108 14, 88 13, 82 13, 91 9, 189 15, 116 13, 154 14, 120 14, 86 5, 149 8, 132 15, 180 12, 150 9, 122 9, 84 5, 173 9, 152 11, 115 8, 103 8, 186 6.31183
FD459VS 28 29 2202.4 92 8.47826
PF890AJ 9 29 2205.8 170 12, 88 12, 90 7, 103 14, 92 15, 175 13, 183 5, 127 5, 161 6, 88 15, 174 13, 142 7, 115 11, 125 10, 119 10, 184 5, 115 7, 127 13, 95 14, 145 12, 122 12, 113 13, 136 12, 166 1.87349
MF545FW 12 24 2211.2 81 7, 86 7, 117 12, 116 11, 83 7, 151 9, 93 7, 86 12, 137 7, 179 5, 150 12, 100 7, 145 10, 120 14, 171 12, 98 9, 171 11.9766
ZA997ZY 10 28 2220.9 147 11, 123 12, 148 7, 136 13, 130 12, 165 15, 114 10, 139 14, 124 11, 131 5, 152 12, 112 12, 117 11, 161 6, 176 8, 130 14, 135 5, 133 11, 141 15, 187 2.00535
HZ581RD 13 19 2222.9 157 15, 164 9, 88 6, 117 13, 164 14, 133 5.38346
KT319CG 24 28 2230.7 187 5, 155 5, 123 14, 135 10, 164 8, 123 5.96748
AE619CH 18 28 2235.1 169 15, 116 7, 115 9, 119 12, 159 7, 181 12, 158 12, 147 7, 85 8, 137 14, 139 14, 139 4.80576
MF522SY 18 20 2240.9 109 5, 190 6, 170 7.41765
SM478RD 9 14 2246.1 126 9, 179 15, 104 12, 105 10, 141 9.89362
ZW133ER 1 25 2251 159 5, 134 7, 149 15, 160 12, 126 12, 129 6, 112 8, 158 8, 173 5, 156 6, 169 13, 108 6, 115 7, 95 8, 173 7, 110 13, 134 5, 122 10, 101 13, 188 11, 173 11, 122 12, 82 14, 147 11, 185 5, 131 12, 123 9, 95 9, 133 8, 126 5, 105 12, 120 2.31667
FT461XS 27 28 2255.9 162 3.59259
FG631GV 1 14 2264.8 164 15, 147 5, 130 5, 162 14, 107 13, 86 11, 113 15, 184 9, 159 8, 133 13, 159 10, 87 5, 96 7, 111 11, 126 12.8095
HV058KL 26 28 2267.7 172 8, 91 10.3297
SN077AF 9 26 2275.9 174 6, 169 13, 123 14, 129 10, 180 10, 88 15, 111 7, 95 11, 184 13, 86 6, 117 11, 89 10, 104 8, 159 13, 103 9, 160 15, 103 14, 120 12, 161 8, 139 8.41727
KR315NF 20 28 2284.2 174 8, 138 13, 98 14, 88 7, 87 12, 126 6, 90 11, 187 7, 146 11, 150 7, 100 9, 93 6, 156 5.76282
JJ823EY 6 17 2285.6 179 13, 83 6, 140 5, 175 7, 168 15, 161 10, 178 7, 146 15, 179 5, 113 10, 94 9.56383
PM374VZ 20 29 2294.2 171 13, 87 10, 176 15, 162 10, 99 15, 185 12, 131 14, 122 12, 172 4.12791
AL510ZR 14 18 2301.1 109 12, 120 11, 136 13, 147 6.95238
EF133VW 25 29 2310.8 164 11, 162 14, 161 8.77019
KT177VB 17 25 2316.5 190 11, 114 10, 133 11, 172 14, 181 11, 189 12, 108 8, 127 7, 160 8.00625
MP344NY 5 20 2324.2 81 10, 117 8, 181 11, 152 9, 187 15, 81 13, 181 10, 105 7, 120 12, 189 8, 159 12, 96 13, 121 13, 190 12, 92 12, 87 5.22989
HN617JY 24 27 2326.2 161 15, 121 13, 96 8, 186 5, 139 4.02878
VR467HJ 10 14 2335.2 179 5, 179 15, 143 14, 162 0.506173
ER144GW 27 29 2343.3 148 9, 148 0.202703
GH218TB 14 23 2349.2 95 9, 104 14, 123 11, 103 8, 186 6, 175 15, 163 8, 142 15, 110 13, 138 4.86232
ER075RZ 1 15 2352.3 172 8, 159 11, 95 7, 113 13, 153 7, 127 13, 113 8, 102 6, 103 13, 154 14, 115 9, 134 11, 104 7, 103 9, 115 6, 126 5, 164 12, 118 6.89831
JJ035JZ 9 28 2358.7 132 10, 139 11, 142 13, 84 14, 111 13, 117 14, 179 10, 147 11, 110 7, 173 11, 186 7, 111 9, 152 14, 106 14, 164 11, 115 11, 158 8, 97 12, 154 6, 96 13, 106 9, 185 3.21081
DF865GK 9 16 2360.7 87 7, 120 14, 94 12, 121 6, 163 11, 132 12, 93 9, 148 9, 185 2.34054
GL505AN 2 17 2370.1 84 7, 118 12, 182 14, 97 12, 178 11, 177 14, 147 12, 185 14, 180 6, 189 9, 143 13, 110 10, 130 9, 166 9.89157
SX429AL 27 28 2374.2 91 6.3956
JZ808KM 2 10 2378.8 174 6, 119 7, 121 7, 83 12, 112 15, 174 12, 147 5, 189 11, 188 9, 170 10.8706
ET198MN 18 19 2386.5 90 7.53333
PN971HS 1 16 2388 183 7, 119 13, 184 11, 141 9, 124 13, 84 10, 135 5, 170 9, 95 5, 87 14, 164 7, 176 6, 134 5, 153 8, 166 6, 162 15, 188 10, 120 8.90833
GG280MC 7 13 2393.6 111 13, 173 8, 140 14, 165 14, 172 4.36628
DV293WA 27 29 2394.2 116 10, 135 1.4963
AT470TR 21 28 2401.2 176 12, 82 11, 179 9, 178 14, 174 6, 133 8, 81 6, 120 15, 95 4.64211
AT774CH 22 24 2405.2 146 6, 88 12, 173 9, 107 7.20561
TS704HY 9 13 2406.8 162 11, 110 9, 105 12, 158 4.32911
RE431YM 25 28 2410.7 145 12, 190 12, 172 3.97674
CP791FV 9 24 2412.1 130 7, 178 15, 183 8, 124 14, 142 10, 168 7, 177 15, 155 9, 144 15, 171 15, 186 5, 88 11, 190 12, 137 7.33577
RV032CZ 25 27 2413.6 142 8, 125 14, 170 7.27059
HB297LJ 19 21 2420.4 139 9, 181 9, 173 9.95376
JW566NP 17 26 2423.5 177 9, 190 10, 110 5, 102 12, 174 6, 133 15, 128 9, 97 9, 185 7, 128 13, 142 13, 127 11, 140 1.77857
MG301PH 17 29 2428.9 113 11, 179 6, 83 15, 151 15, 158 13, 91 7, 101 15, 120 7, 108 8, 151 14, 130 15, 102 9, 128 6, 116 13, 140 5, 185 0.989189
RK261TY 21 24 2429.8 83 14, 144 7, 135 6, 114 14, 103 5.32039
XG627SZ 20 27 2436 162 13, 131 9, 83 7, 94 5, 172 6, 148 11, 94 7, 153 10, 157 14, 117 5, 156 11.1346
FV478CC 27 29 2445.5 187 7.28342
JW310HF 23 26 2446.6 82 8, 190 14, 173 13, 122 7, 151 1
AX721NZ 3 26 2448.9 80 14, 82 11, 151 6, 117 9, 111 8, 178 6, 139 13, 165 6, 170 15, 137 7, 111 8, 136 5, 103 11, 89 9, 145 5, 108 14, 151 12, 163 7, 168 5, 96 12, 188 7, 95 7, 97 10, 80 15, 184 14, 104 6, 149 6, 95 12, 88 9, 83 8, 156 9, 108 6, 162 9, 137 0.525547
RE670GC 24 27 2458.4 183 11, 120 11, 104 5, 114 5, 101 10, 110 7.39091
LB804MA 19 24 2466.5 84 6, 142 11, 184 7, 95 11, 114 11, 103 14, 154 10, 86 10, 128 1.80469
FN289JK 18 20 2468.3 161 14, 133 5.20301
DA874LD 13 16 2473.6 138 12, 106 9, 90 5, 177 13.2542
ZM938NT 21 26 2475.2 83 9, 125 7, 93 13, 161 7, 187 13, 89 7, 91 6, 103 10, 178 5.88764
CT532AF 12 18 2482.6 119 12, 83 11, 97 11, 151 6, 118 9, 101 11, 150 12, 100 12.47
CF908AZ 21 23 2484 162 10, 97 5, 100 9.61
MA322ED 15 27 2485.6 105 10, 89 14, 166 10, 123 9, 171 14, 155 12, 152 5, 186 6, 84 9, 162 12, 185 15, 106 10, 152 13, 165 8.72727
EP583BF 7 20 2494 139 5, 115 5, 166 9, 131 14, 125 5, 140 12, 125 7, 155 5, 139 5, 82 15, 108 12, 117 8, 137 8, 167 14, 113 13, 101 8, 105 5.59048
WR265LB 11 14 2503.1 116 15, 144 10, 112 5, 136 8.89706
DV487FA 22 25 2507.2 145 14, 142 14, 92 15, 190 5.18947
HB321FN 4 8 2517.2 160 6, 167 8, 140 11, 119 12, 172 5, 99 9.59596
AZ155TV 26 27 2518.3 128 5, 166 6.59036
CB767EA 15 28 2522.7 134 12, 87 7, 126 5, 139 13, 179 15, 188 5, 172 15, 146 13, 147 15, 111 5, 126 11, 84 8, 161 11, 188 12.6596
RT566ZN 23 28 2529.5 118 9, 118 13, 113 9, 179 6, 82 10, 185 11, 96 12, 147 1.30612
YL909FC 17 19 2534.1 92 6, 97 6, 111 12.7027
TJ750WR 22 29 2544.1 111 8, 153 5, 178 7, 153 8, 152 10, 116 14, 95 14, 119 9, 180 10, 145 2.75862
BK396MF 22 24 2550.6 165 13, 113 14, 86 6.19767
DV615BM 20 25 2552.3 187 9, 149 9, 115 12, 167 10, 137 8, 155 12, 80 6, 118 0.610169
KY023YK 8 23 2560.3 97 12, 124 15, 85 10, 189 10, 181 15, 108 12, 165 6, 178 7, 175 6, 134 9, 108 14, 119 7, 121 10, 101 5, 145 13, 158 8, 89 7.93258
TT445RM 6 23 2569.9 184 5, 104 14, 149 10, 148 11, 108 15, 168 13, 114 5, 95 10, 130 5, 140 5, 122 7, 131 12, 173 7, 121 15, 158 12, 94 7, 176 13, 166 14, 158 4.21519
BZ117JL 18 21 2572.7 117 5, 166 6, 156 6, 186 12, 89 5.96629
GB415RV 3 14 2575.3 84 11, 124 7, 104 10, 133 11, 167 8, 91 11, 94 11, 136 9, 85 12, 82 15, 106 13, 108 13, 152 15, 98 8.30612
CT165FN 17 24 2578.5 160 13, 187 7, 110 13, 188 8, 176 7, 139 5, 121 12, 143 14, 169 3.34911
NR310XC 12 29 2584.7 96 14, 153 8, 178 6, 171 12, 182 5, 102 5, 122 14, 153 7, 140 9, 101 9, 136 10, 161 15, 175 5, 80 6, 185 7, 160 11, 143 8, 142 5, 159 5, 127 10, 156 8, 80 9, 128 7, 118 4.42373
SB879SX 24 28 2586.9 123 13, 160 10, 187 6, 105 9, 84 8, 148 6.01351
VK848BC 6 9 2592.1 93 13, 152 15, 174 3.94828
WH200BS 25 28 2601.6 92 15, 185 8, 167 11.0419
LR221MB 24 29 2610.7 156 11, 82 15, 116 10, 158 5, 95 12, 176 8.93182
EJ792WH 14 15 2614.2 124 6, 133 1.35338
JW500MT 18 25 2619.9 124 11, 161 7, 130 5, 128 13, 176 9, 82 10, 84 8, 154 8, 185 15, 146 4.38356
SG599WT 3 6 2625.2 156 11, 95 7, 175 15, 154 2.09091
DK414TD 20 29 2625.9 156 8, 133 13, 88 6, 161 15, 166 11, 174 12, 139 5, 87 6, 175 8, 190 13.7632
KP728EB 24 27 2627 167 12, 125 11, 130 14, 103 5, 102 5.21569
EH687GF 1 11 2628.5 111 15, 103 7, 152 7, 133 13, 87 7, 164 8, 189 9, 174 5, 167 6, 108 13, 118 11, 127 12, 179 2.7095
LT694SS 11 25 2629.9 95 7, 167 10, 186 13, 133 14, 185 8, 144 5, 94 5, 85 11, 162 11, 174 8, 88 15, 173 15, 81 14, 104 7, 118 15, 87 9, 119 9.84874
HZ857RM 20 23 2634.9 123 12, 87 10, 80 9, 153 8, 112 8, 140 1.52857
WY474ZW 8 17 2643.7 92 11, 106 8, 167 9, 100 5, 130 15, 178 11, 189 8, 163 7, 110 14.0545
FF211ZA 18 21 2651.5 189 13, 154 14, 188 3.54787
AZ715EW 20 28 2655.7 94 9, 84 12, 96 13, 99 13, 80 9, 167 10, 97 10, 159 11, 149 10, 86 8, 164 8, 134 9.68657
MV181LN 11 23 2662.4 161 14, 94 10, 131 8, 127 14, 163 6, 80 5, 110 5, 135 14, 166 12, 165 7, 89 10, 139 10, 94 12, 138 10, 143 6.58042
CZ236HS 14 23 2671.2 181 10, 160 8, 171 14, 102 6, 151 15, 156 13, 94 12, 88 9, 180 8.08333
KZ584EC 7 22 2675.3 81 8, 128 15, 96 5, 130 14, 178 6, 117 13, 178 12, 87 9, 105 12, 115 11, 133 9, 99 11, 177 14, 119 9, 100 9, 89 6, 129 15, 172 0.587209
FE238EW 1 19 2680.8 131 15, 100 14, 148 6, 154 13, 107 15, 94 14, 151 6, 119 13, 95 5, 89 5, 142 5, 157 13, 141 6, 82 7, 172 8, 189 12, 129 10, 129 11, 137 8, 181 10, 168 2.68452
LN637KC 5 17 2681.7 189 6, 111 14, 114 5, 89 10, 138 6, 172 7, 83 8, 176 14, 169 15, 179 7, 152 9, 159 12, 87 10, 167 5.83234
YH043AE 7 9 2689.2 151 8, 137 11, 86 4.84884
PB805KW 26 29 2697.3 158 10, 147 10.3129
GC779ES 21 25 2698.7 184 7, 120 8, 183 14, 105 14, 185 5.23243
RN158DP 7 25 2704.9 95 6, 187 14, 118 6, 135 10, 114 5, 189 13, 140 5, 138 8, 117 6, 137 5, 104 13, 120 8, 84 7, 175 5, 110 10, 165 11, 173 12, 170 12, 154 14, 118 8, 139 11, 113 6, 118 6, 151 2.01987
DA831GL 10 19 2713.4 160 8, 139 11, 129 13, 135 5, 189 15, 167 10, 155 7, 90 7, 105 3.60952
TG234TG 7 26 2718.8 93 6, 140 15, 84 12, 183 15, 125 8, 116 7, 128 13, 151 9, 82 14, 158 12, 178 5, 104 6, 134 12, 92 14, 101 12, 156 8, 181 9, 109 7, 104 12, 127 9, 161 8, 165 7, 118 5, 169 11.8462
MK170HR 8 23 2719.3 130 12, 119 13, 142 5, 83 7, 121 14, 92 9, 147 7, 92 7, 157 9, 135 13, 131 11, 147 8, 160 10, 92 7, 133 9, 155 11, 117 10, 141 10.5532
HH203DE 27 28 2727.7 109 5.33945
GC985XT 2 23 2731.2 172 11, 147 15, 130 8, 107 9, 93 15, 107 15, 113 14, 93 10, 111 10, 136 12, 184 10, 101 13, 133 12, 80 11, 129 8, 176 11, 184 14, 107 15, 165 12, 91 13, 83 13, 161 11.7764
XL234ZD 4 7 2738.9 104 15, 128 14, 189 5, 143 3.85315
AS087NP 2 24 2743.2 152 9, 162 7, 143 12, 122 5, 105 14, 153 12, 121 12, 128 8, 178 13, 91 12, 173 14, 149 14, 136 10, 169 6, 117 6, 185 8, 170 9, 189 15, 121 6, 113 7, 98 8, 166 9, 139 13, 129 9, 142 7, 131 0.961832
DV496PA 19 23 2748.4 158 6, 184 12, 102 15, 86 15, 159 10.6415
GW888AN 12 20 2755.8 149 5, 159 9, 109 12, 96 12, 156 6, 120 6, 167 14, 136 13, 141 13, 106 2.34906
FX947LR 26 28 2756.9 81 15, 96 11.4688
JK100ZJ 11 12 2759.3 152 5.48684
GG618YE 1 4 2764.9 177 11, 180 14, 136 2.75735
BS713BL 5 19 2772.6 99 6, 103 5, 98 15, 135 12, 98 11, 159 6, 174 6, 112 10, 153 7, 105 11, 112 14, 153 11, 156 7, 80 7, 121 10, 122 6, 142 10, 121 9, 130 6.03846
TH560SZ 12 26 2776.5 123 6, 118 10, 102 12, 101 11, 187 5, 100 10, 185 14, 177 14, 123 7, 128 15, 104 9, 189 9, 125 11, 189 14, 132 14, 184 10.3641
MR642LV 12 19 2777.4 121 11, 175 15, 162 6, 92 9, 111 15, 150 8, 91 7, 148 5, 190 1.12632
DG143PT 18 20 2782.9 129 14, 159 6, 127 1.46457
ZP061WJ 1 21 2791.9 97 10, 126 15, 180 6, 97 12, 180 7, 147 8, 135 9, 169 11, 100 8, 145 6, 102 10, 143 13, 85 7, 134 13, 80 9, 162 11, 166 6, 140 12, 116 8, 183 14, 190 5, 80 14, 163 5, 154 10, 145 3.02759
AR851MJ 15 24 2795.8 96 7, 131 13, 170 8, 141 11, 88 14, 158 15, 172 12, 159 5, 179 12, 81 12.3827
KH345MB 3 14 2802.9 148 13, 155 13, 135 10, 188 12, 173 13, 189 10, 127 11, 87 13, 117 12, 85 11, 91 5.10989
VK338BV 26 28 2807.3 109 11, 188 5.94149
EV706PV 25 27 2816 165 10, 110 8, 158 7, 106 4.58491
JM407DG 5 11 2823.5 189 8, 156 5, 129 5, 136 7, 85 10, 144 11, 179 14, 83 7, 141 2.15603
XL455SF 12 20 2827.3 110 9, 159 6, 153 8, 176 11, 189 7, 122 6, 132 13, 175 15, 134 7.31343
WF546AN 18 27 2834.9 118 14, 81 9, 116 7, 110 11, 138 9, 169 5, 91 13, 187 14, 184 11, 159 8, 160 14, 93 8.84946
PS267DV 23 28 2837.4 147 7, 88 7, 147 15, 159 6, 125 13, 100 15, 176 5.4375
HF112AX 3 8 2838.6 171 15, 131 14, 119 7, 131 9, 152 12, 101 3.59406
KN887VJ 24 26 2843.8 176 6, 173 14, 181 5, 188 0.68617
KD531VL 17 26 2850.1 86 8, 83 9, 118 9, 185 9, 118 8, 85 6, 104 11, 103 8, 92 12, 90 7, 179 8, 127 5, 110 9, 183 5, 141 8, 108 14, 118 7.22034
XY984TG 26 29 2853.5 148 7, 122 13, 98 4.83673
BG143WG 4 23 2854 120 14, 142 6, 110 6, 81 5, 89 7, 130 7, 110 13, 180 15, 150 7, 100 6, 153 6, 153 12, 181 9, 170 6, 103 10, 184 5, 183 15, 98 12, 103 7, 163 8, 146 9, 123 14, 179 9, 160 2.5
GL548FV 15 17 2857.1 182 13, 91 2.87912
WL402JV 24 28 2863.4 119 13, 141 12, 97 5, 113 11, 159 8, 106 5.5566
NF896SP 8 25 2865.2 183 15, 188 6, 153 11, 188 12, 146 5, 98 12, 128 8, 117 13, 167 7, 138 10, 128 7, 131 8, 163 12, 105 7, 138 15, 102 9, 112 13, 149 10, 181 5.43094
ZN260ZX 22 29 2874.4 120 8, 129 10, 93 10, 92 9, 172 10, 92 8, 125 5, 170 13, 117 12, 144 8.09028
PS441VX 13 26 2876.2 163 6, 127 6, 138 14, 176 14, 112 12, 161 15, 149 7, 87 14, 81 6, 111 11, 168 11, 150 14, 159 9, 150 13, 89 8, 118 10, 108 0.425926
MR952WB 13 15 2886.2 188 6, 85 14, 173 7, 166 1.1506
RT144XH 15 17 2891.9 98 11, 111 5, 100 9.95
NP330BG 1 22 2892.7 119 11, 124 13, 111 9, 94 15, 184 8, 189 15, 102 14, 105 10, 174 8, 170 13, 170 7, 173 10, 174 13, 171 11, 154 13, 104 11, 189 15, 82 13, 180 5, 109 5, 170 3.67059
KX260VZ 9 23 2902.6 145 9, 170 13, 167 5, 80 8, 177 8, 108 11, 123 13, 107 12, 139 6, 136 12, 132 9, 172 11, 169 13, 157 7, 122 11, 169 3.63905
DC225TM 3 22 2911.5 110 13, 83 11, 174 9, 139 12, 184 12, 80 5, 167 6, 141 12, 94 14, 96 7, 147 10, 122 13, 112 13, 99 9, 138 7, 190 5, 167 7, 101 10, 82 8, 153 11, 84 13, 113 15, 119 9.13445
WS491YN 18 23 2914.4 190 6, 125 15, 121 8, 130 11, 100 8, 101 10, 189 5.9418
XR400XT 26 28 2920.3 176 5, 166 5, 95 5, 178 0.735955
PB939ZZ 10 29 2925.9 165 7, 166 14, 156 12, 125 10, 88 12, 178 13, 160 8, 164 14, 93 9, 99 8, 90 5, 114 5, 153 14, 167 6, 159 12, 169 9, 177 5, 134 11, 174 6, 125 11, 131 11.8092
XM846FP 13 14 2933.5 172 8, 88 15, 146 0.684932
LV358BY 12 29 2939 154 14, 94 13, 174 8, 162 15, 122 10, 108 11, 97 8, 156 11, 95 7, 153 14, 111 15, 136 5, 82 10, 189 11, 179 7, 152 9, 81 5, 146 12, 108 11, 87 5, 169 5.88166
SP731JW 1 19 2941.2 163 8, 147 12, 137 12, 142 10, 152 13, 99 11, 126 8, 155 13, 158 13, 174 9, 83 8, 174 6, 151 10, 115 13, 189 7, 126 12, 130 8, 189 10.5926
NM177AN 27 28 2944 149 3.90604
ZH106RX 1 28 2947.8 157 13, 189 14, 142 14, 154 9, 102 11, 164 7, 91 11, 189 6, 96 9, 188 9, 96 11, 109 11, 160 12, 162 13, 133 8, 177 5, 106 6, 96 13, 81 8, 182 6, 81 6, 153 7, 143 11, 186 11, 125 15, 178 9, 99 6, 102 14, 162 8, 189 14, 167 8.92814
PG664CE 2 23 2949.1 171 9, 96 8, 185 7, 92 14, 100 11, 121 8, 174 7, 148 12, 111 14, 102 10, 91 8, 122 9, 147 15, 143 11, 146 15, 85 9, 171 12, 141 12, 154 7, 126 15, 96 14, 175 13, 162 8, 178 3.13483
SZ649KE 8 9 2951.1 138 6.56522
NF424KT 22 23 2958.1 152 14.4868
GG140BS 18 27 2964.5 111 7, 152 5, 130 9, 124 9, 101 7, 168 8, 100 9, 128 5, 126 14, 136 12, 84 6, 125 13, 100 11, 128 5, 168 9, 169 2.71598
GC786RY 11 26 2965.1 173 10, 107 11, 167 5, 86 11, 100 11, 82 15, 122 5, 170 7, 179 9, 112 10, 185 10, 178 12, 90 10, 126 12, 190 12, 184 9, 168 10, 158 5, 175 5, 149 0.375839
SF760BS 25 26 2971.9 98 10, 156 9.02564
JC019FL 5 20 2976.2 173 8, 127 11, 189 11, 165 11, 130 10, 146 6, 176 15, 160 12, 151 6, 116 12, 111 12, 88 11, 119 13, 165 5, 119 7, 96 12, 167 3.96407
MV523KG 18 27 2983.9 169 15, 143 5, 118 15, 111 5, 105 10, 180 7, 113 9, 89 12, 134 6, 134 6, 111 13, 121 15, 111 14, 116 2.24138
ZV393TP 28 29 2986.2 166 4.6988
GK367PA 6 16 2994 119 5, 143 6, 132 8, 175 6, 147 5, 176 8, 99 15, 178 9, 91 12, 97 14, 100 13, 184 5, 146 5.74658
XJ574FB 22 29 2999.2 151 11, 114 9, 141 7, 138 12, 132 8, 190 14, 136 13, 151 6.98013
XD227MD 14 20 3006.8 107 12, 132 12, 119 9, 130 7, 155 13, 185 8.10811
RY663PH 26 28 3013.8 184 12.587
ET852AJ 6 19 3022.1 182 15, 110 11, 144 9, 87 11, 81 11, 104 9, 166 15, 98 11, 172 6, 89 5, 140 5, 81 8, 176 6, 185 12.5135
YH738LC 2 6 3024.7 146 12, 165 10, 109 12, 178 5, 96 12, 170 6.27059
RG055TR 16 17 3025.8 124 7.59677
EC674AX 10 21 3031.9 90 11, 119 9, 95 5, 158 9, 150 10, 149 5, 165 13, 95 7, 155 6, 165 13, 104 15, 108 9, 172 7, 85 6.32941
TE997AZ 6 16 3035.8 110 13, 153 12, 98 13, 81 5, 164 13, 183 7, 135 11, 147 13, 171 5, 129 11, 101 2.67327
DS648FZ 25 28 3038.6 134 10, 138 14, 163 8.78528
SE740BE 10 13 3039.9 80 6, 116 11, 163 6.82209
AZ054RD 14 25 3048.2 104 11, 154 7, 185 12, 152 6, 167 5, 161 10, 166 10, 97 6, 121 11, 136 5, 123 11, 82 13, 102 14, 172 9, 112 4.45536
FJ775ZX 9 27 3054.4 112 8, 147 14, 102 5, 89 7, 161 11, 133 14, 172 11, 168 14, 163 12, 116 12, 149 12, 173 5, 175 8, 134 10, 146 15, 189 10, 125 8, 115 10, 143 9, 117 11, 139 0.510791
TA046TZ 19 28 3062.9 145 7, 106 5, 106 10, 98 12, 95 14, 97 11, 140 8, 112 6, 180 13, 166 13, 83 13, 104 6, 153 11, 188 3.7234
KT038HZ 6 7 3068.1 184 5.67391
PK567JE 10 18 3075.3 176 6, 112 12, 88 10, 148 9, 159 5, 92 8, 84 10, 91 13, 113 15, 185 6, 143 0.776224
ZY921AR 4 19 3080 160 15, 129 5, 88 14, 153 5, 185 6, 169 13, 172 15, 164 5, 143 5, 136 13, 130 13, 139 14, 179 9, 174 8, 144 4.97917
JG029EX 22 27 3087.5 126 10, 96 5, 164 13, 155 11, 153 5, 189 9, 80 10, 104 6, 139 7.47482
PL737VG 28 29 3094.7 101 7.72277
HZ446CE 22 29 3101.4 92 10, 107 13, 87 12, 103 7, 80 13, 161 8, 148 11, 138 14, 103 10, 133 6.57143
GK021CV 15 28 3108 163 13, 93 9, 169 6, 137 8, 92 12, 179 7, 83 12, 150 9, 183 11, 190 10, 186 12, 113 8, 137 5, 159 13, 162 7, 151 6.76821
VK285NN 12 27 3111.2 105 11, 176 8, 164 13, 173 5, 106 5, 151 7, 151 14, 113 8, 138 7, 112 13, 115 5, 188 10, 90 11, 133 8, 182 15, 163 8, 129 14, 84 13, 151 14.2781
DP694JT 12 25 3118.1 81 15, 147 12, 175 12, 93 15, 96 11, 160 15, 184 5, 171 12, 81 12, 167 9, 159 13, 170 8, 84 11, 177 9, 160 4.63125
NK581TK 6 25 3126.7 188 10, 179 10, 86 14, 130 15, 151 13, 96 10, 174 14, 98 5, 166 10, 104 11, 147 13, 119 7, 117 13, 141 9, 169 15, 122 14, 133 7, 124 8, 130 10, 120 9.64167
HL642CJ 21 25 3130.4 119 8, 166 9, 116 12, 82 7, 94 10, 146 11, 109 2.66055
YG584VC 27 28 3140.1 109 5, 183 0.202186
GW542WP 4 16 3146.9 85 5, 124 7, 130 13, 108 7, 90 14, 176 9, 80 10, 152 12, 116 6, 174 5, 140 11, 133 14, 80 15, 152 13, 184 4.08152
BJ873GP 6 20 3148.8 163 14, 100 5, 86 9, 190 6, 169 12, 159 14, 164 12, 152 13, 160 10, 148 9, 130 8, 183 8, 90 6, 120 9.85
HE079ZW 21 24 3151.3 165 12, 99 11, 173 11.8786
VK525FS 27 29 3153.1 133 10.2406
RV923TK 11 28 3158.7 169 6, 145 11, 83 14, 133 15, 170 15, 106 5, 182 15, 152 12, 91 13, 156 5, 115 12, 129 5, 156 12, 124 10, 104 9, 99 6, 127 5, 138 10, 128 13, 103 7, 133 8.79699
WV432GR 21 23 3164.6 149 6, 106 15, 155 3.75484
AC033HP 4 23 3171.7 91 14, 129 12, 156 15, 105 13, 185 6, 134 5, 89 7, 136 8, 126 14, 151 5, 121 11, 109 10, 80 5, 110 14, 154 14, 98 10, 139 7, 114 9, 115 6, 95 6, 130 8, 113 8, 96 10, 185 14, 183 2.56284
ZN080AY 10 26 3180.1 141 5, 132 8, 157 10, 118 15, 153 15, 149 5, 133 12, 141 5, 94 13, 107 8, 106 9, 131 6, 129 9, 187 10, 145 12, 156 14, 188 13, 120 7, 120 10, 182 1.64286
JZ675FN 6 8 3188.4 151 13, 80 9, 80 7.3375
BB621LH 2 22 3189.5 157 10, 115 12, 129 6, 174 9, 113 15, 151 7, 96 11, 169 5, 105 7, 143 12, 173 10, 182 10, 156 8, 80 15, 125 15, 104 5, 142 6, 103 5, 93 13, 170 5, 177 15, 181 10, 114 6, 140 9, 180 2.47778
SG673DX 8 13 3199.3 146 9, 92 12, 133 13, 154 9.57792
SK323RD 13 18 3200.3 89 13, 168 5, 102 7, 120 7, 82 14, 81 11, 158 7, 87 10, 109 5.94495
XK380FX 27 28 3203.9 134 4.34328
ZX573RY 12 20 3207.1 118 12, 176 13, 83 12, 114 13, 135 11, 153 12, 172 8, 130 12.3154
LJ362VV 5 29 3212.8 111 6, 95 8, 98 11, 188 14, 159 14, 184 14, 130 8, 169 12, 132 14, 164 10, 151 13, 112 15, 174 15, 170 9, 134 12, 134 8, 130 11, 121 7, 108 10, 182 13, 151 9, 173 14, 127 5, 128 7.79687
AG799TF 12 18 3218.4 172 11, 167 15, 182 9, 81 10, 100 12, 147 9, 123 1.34959
BR059WZ 16 21 3228.1 85 6, 136 14, 106 14, 95 12, 129 5, 125 5, 83 14, 81 7.62963
ZX069VZ 26 29 3234.7 94 10, 148 8, 182 5, 123 0.504065
WX133JP 20 22 3244.3 83 14, 117 10, 137 6.32117
AF111LT 4 23 3250.6 144 13, 142 7, 96 8, 120 10, 91 9, 95 13, 137 6, 135 11, 95 6, 109 10, 89 5, 124 8, 134 5, 157 8, 177 10, 84 10, 179 15, 89 5, 165 8, 86 8, 166 9, 114 12, 142 7, 150 10, 104 14, 97 4.92784
JJ024VG 6 11 3253.9 181 15, 186 15, 128 9.63281
TD846TG 14 21 3254.4 153 9, 164 12, 97 8, 174 9, 166 7, 92 13, 184 7, 164 8, 165 0.321212
YA580CT 27 28 3255.7 130 4.47692
EF302TN 1 14 3259.4 125 11, 130 10, 130 9, 156 12, 115 5, 157 6, 112 7, 94 9, 161 15, 103 12, 167 6, 99 14, 102 8, 154 14, 169 6, 162 8.91975
GW673EB 15 16 3260.8 152 11.0921
NL928FB 27 28 3264.8 118 4.9322
KP315PE 11 19 3266 163 12, 127 10, 130 15, 180 14, 132 8, 121 6, 170 9.22353
FJ050ED 13 20 3272.5 84 9, 95 11, 121 11, 138 12, 185 14, 167 13, 97 15, 177 0.881356
RH978SN 7 24 3275.3 147 6, 153 5, 181 13, 168 9, 152 8, 89 9, 86 12, 102 11, 134 7, 127 6, 176 10, 140 14, 93 9, 89 6, 148 8, 101 8, 154 6, 119 13, 108 9, 106 10, 160 14, 114 11.0263
LA307PV 2 7 3279.9 153 12, 159 11, 173 5, 124 8, 142 8, 169 13.5148
HS545ZB 10 12 3285.1 89 7, 86 7, 81 3.98765
MR788SG 26 29 3287.4 187 5, 100 15, 152 4.34868
VA677MR 17 23 3288.6 184 9, 135 9, 138 11, 130 7, 117 12, 159 12, 83 14, 164 2.67683
CY512ZA 19 26 3297.5 166 10, 108 11, 125 8, 176 10, 92 14, 189 13, 163 15, 121 8, 110 12, 159 0.955975
ET863JN 17 29 3306.5 138 10, 80 13, 111 14, 163 8, 127 5, 132 10, 90 11, 115 10, 129 8, 135 13, 128 6, 142 14, 132 7, 121 10, 80 10, 113 11, 89 8, 107 0.682243
CT536NH 10 14 3307.7 145 11, 116 13, 175 8, 83 6, 185 3.58378
DC652GF 8 19 3311.3 137 15, 162 10, 106 15, 86 10, 117 14, 127 9, 80 5, 80 10, 132 10, 142 13, 182 6.82418
AT482LV 23 29 3314.9 101 15, 180 8, 188 10, 115 6, 161 12, 124 12, 82 8.79268
HS418VS 7 9 3324 123 6, 188 9, 183 3.83607
JJ687YY 16 19 3328.8 113 13, 181 10, 162 1.27778
LF230CH 17 28 3338.2 104 12, 182 13, 125 9, 96 7, 122 14, 82 15, 183 8, 157 14, 118 7, 103 7, 156 7, 111 14, 86 13, 131 7, 185 4.64324
MP107HG 3 22 3345.3 106 13, 109 13, 113 8, 119 14, 80 12, 119 5, 100 12, 162 11, 89 14, 116 8, 186 7, 122 11, 105 6, 114 12, 146 5, 88 5, 101 13, 86 15, 162 11, 152 12, 151 9, 147 15, 104 6, 158 1.85443
NB594TC 22 29 3347.3 115 9, 109 10, 188 13, 100 7, 124 6, 111 11, 183 11, 130 15, 179 3.7486
MW133BZ 14 27 3352.3 94 15, 130 7, 105 12, 104 7, 186 12, 144 11, 183 5, 168 7, 163 12, 152 9, 97 9, 109 8, 164 12, 118 11, 159 9, 98 6, 156 9.60897
HD802BM 3 16 3356.3 179 10, 141 7, 178 12, 110 7, 119 10, 118 8, 190 8, 161 12, 166 13, 125 12, 147 9, 127 13, 142 12.1479
ZH286CB 25 29 3358.3 96 5, 146 11, 175 9, 88 11, 109 5, 140 2.21429
JH016PM 17 23 3361.2 164 14, 177 15, 160 8, 177 15, 137 9.67883
JF164LA 3 21 3364 139 9, 126 10, 86 11, 130 15, 173 13, 188 14, 134 7, 100 9, 80 11, 94 14, 102 10, 101 14, 111 13, 177 7, 91 15, 170 14, 88 14, 174 15, 167 4.12575
DG021TL 4 26 3372.1 85 13, 112 7, 184 6, 93 15, 182 5, 135 7, 108 6, 86 8, 119 15, 144 9, 129 9, 162 5, 152 11, 166 10, 84 5, 141 15, 122 7, 94 14, 96 5, 108 10, 96 9, 170 12, 122 8, 83 6, 80 10, 188 9, 119 11, 157 6, 118 13, 160 6, 190 9, 84 3.25
DG993ZE 15 22 3373.4 96 15, 155 15, 130 10, 110 9, 89 12, 109 12, 181 11, 119 1.81513
VM003WK 14 27 3378.3 181 15, 134 12, 80 12, 151 7, 143 11, 157 5, 126 10, 160 8, 141 10, 98 13, 170 11, 179 14, 143 9, 161 7, 178 7.61798
XY321BD 18 19 3387.8 89 7.61798
ST324BT 1 12 3390.6 133 13, 106 5, 89 13, 183 9, 91 12, 98 15, 158 14, 84 14, 111 11, 163 11, 157 10, 153 4.05882
NB718XB 8 26 3392 179 10, 93 5, 116 9, 182 11, 145 10, 89 10, 133 9, 110 8, 164 12, 91 8, 170 6, 128 6, 112 10, 80 15, 100 7, 95 14, 154 9, 154 11, 164 13, 145 5, 178 6, 92 5, 134 15, 144 5.03472
MY989YG 19 28 3400.7 151 6, 141 14, 188 15, 104 7, 99 9, 137 15, 102 9, 149 8, 101 14, 185 14, 140 7.61429
ZE684CW 4 18 3405.6 181 8, 166 12, 176 15, 80 10, 90 15, 90 15, 175 7, 187 15, 116 8, 188 8, 117 9, 159 5, 187 6, 128 9, 100 7.46
SK211FJ 26 28 3406.2 181 6, 170 7.23529
XD030PN 7 16 3409.2 120 14, 99 13, 116 8, 102 11, 158 7, 106 7, 91 13, 121 9, 138 10, 114 6, 149 10, 176 3.19886
HL207SP 19 20 3415.9 80 13, 130 7, 99 3.21212
SA356ZE 9 13 3421.3 106 5, 159 11, 121 7, 156 9, 187 0.994652
JL589CM 1 15 3429.4 147 6, 155 14, 88 12, 126 14, 100 10, 184 10, 129 14, 134 6, 103 11, 101 7, 118 14, 114 14, 90 8, 167 13, 99 10, 145 6.66897
SB416NK 18 23 3434.9 114 14, 115 13, 185 12, 103 5, 145 10, 172 6.22093
ZZ734JH 12 19 3437.4 137 13, 167 8, 137 5, 120 6, 125 9, 112 5, 86 11, 121 11, 105 9, 168 4.66071
CN613CJ 14 25 3441.3 174 9, 93 11, 87 8, 172 9, 95 9, 158 11, 161 8, 179 8, 103 15, 143 5, 143 12, 117 5, 184 7, 123 11, 121 4.94215
FY984GB 19 24 3444.7 81 15, 122 12, 90 14, 134 14, 189 11, 182 10.0659
GH238BV 7 11 3447.1 109 14, 126 14, 81 15, 131 9.07634
AN036DN 4 10 3454.5 169 5, 82 9, 166 14, 133 14, 140 13, 173 10, 171 2.97661
YY848NP 8 21 3457.6 81 10, 81 9, 170 13, 111 5, 128 12, 172 9, 83 10, 185 13, 145 10, 172 11, 164 6, 89 7, 115 10, 117 12, 96 10, 175 0.171429
HW774RD 4 18 3460.2 96 15, 183 6, 130 9, 82 8, 135 12, 188 13, 118 13, 171 14, 83 5, 186 12, 109 5, 172 6, 171 6, 139 10, 145 13.2
MC929NE 6 21 3468.6 116 14, 86 7, 81 8, 120 8, 143 5, 96 11, 175 11, 187 13, 132 6, 179 13, 87 10, 84 8, 180 14, 143 8, 109 10, 181 15, 146 2.02055
NA526BT 5 22 3478.5 157 7, 137 15, 185 13, 185 13, 118 13, 179 7, 150 5, 96 8, 175 12, 131 8, 149 8, 176 10, 179 8, 97 9, 187 14, 134 12, 174 7.62069
TP481JR 19 25 3482.2 175 14, 127 8, 90 5, 144 8, 163 9, 91 14, 121 9, 185 13, 124 4.41129
RL562WC 28 29 3488.6 113 6.90265
KZ980GF 1 16 3494.5 95 9, 145 12, 143 14, 112 12, 126 9, 170 5, 182 9, 148 14, 112 5, 84 6, 182 14, 137 5, 147 7, 173 6, 184 7, 166 9, 100 5, 173 9.61272
PX755DJ 15 26 3500.9 95 9, 143 5, 99 10, 148 13, 149 14, 80 10, 102 6, 152 12, 164 14, 156 6, 101 15, 179 7, 168 9, 100 13, 185 4.28108
PE110XW 14 18 3505.6 148 10, 111 13, 139 9, 102 8, 177 2.41808
BS295ZK 4 29 3506.2 163 11, 156 10, 167 11, 159 6, 163 13, 80 5, 135 9, 127 10, 114 6, 91 12, 142 15, 134 13, 109 9, 136 5, 87 10, 184 7, 117 6, 157 5, 160 8, 182 7, 97 11, 107 10, 179 11, 111 11, 173 9, 132 11, 149 6, 185 13, 144 14, 85 7, 93 0.215054
BJ161PE 4 14 3511.3 118 6, 128 9, 109 6, 92 11, 108 6, 113 10, 162 9, 121 8, 168 8, 107 7, 93 7, 96 11, 80 15, 167 9, 88 14, 164 0.164634
PJ465ZK 15 27 3513.8 141 5, 122 9, 93 15, 141 6, 106 11, 98 8, 157 9, 99 12, 107 7, 151 15, 134 10, 128 13, 85 10, 126 5, 125 10, 98 11, 175 14, 108 2.52778
TE112XC 26 28 3517.8 99 6, 96 8, 120 5, 93 3.80645
TP747FW 28 29 3525 83 8, 158 0.734177
SY285EX 24 27 3532.2 124 5, 171 10, 165 12, 141 10, 137 3.83942
TD090MJ 23 27 3542.2 154 12, 152 10, 161 8, 184 8, 100 8, 82 5, 178 5.42697
YC328PR 26 27 3549.6 116 13, 113 2
ZS233ZX 27 28 3556.8 169 3.44379
VA303DV 22 26 3558 119 14, 154 8, 80 13, 164 11, 140 5, 124 8, 168 7, 95 1.70526
WK496NS 13 19 3560.3 167 9, 83 12, 166 9, 131 8, 101 10, 143 7, 171 5, 88 9, 157 1.2293
VT794VH 6 23 3560.9 141 5, 130 15, 190 15, 107 15, 114 12, 83 11, 165 10, 106 14, 119 11, 184 7, 125 13, 100 7, 81 13, 154 15, 177 14, 157 13.7834
PY048JS 15 20 3564.5 134 10, 107 14, 172 5, 150 13, 126 14.2222
XW567PJ 28 29 3571 119 6.55462
ER242VD 3 13 3575.2 90 9, 135 15, 105 14, 188 11, 127 5, 180 8, 91 11, 130 7, 129 11, 104 13, 146 7.46575
HF069PB 15 29 3584.4 181 7, 127 13, 112 11, 178 13, 113 14, 132 5, 108 5, 124 9, 188 11, 115 6, 152 5, 92 13, 105 6, 90 6, 107 12, 104 13, 108 7, 185 15, 183 0.508197
VM349YM 24 26 3588.1 170 6, 157 11, 137 12.8832
XC967NS 14 26 3591.7 107 8, 103 7, 132 13, 154 7, 157 13, 126 10, 109 14, 160 8, 147 6, 113 15, 83 13, 180 9, 172 14, 190 11.4316
ER952BD 21 28 3600.9 183 11, 80 8, 182 6, 115 11, 155 7, 80 6, 114 9, 110 14, 156 9, 118 11.9237
YV444AB 23 29 3609.5 117 15, 114 13, 120 15, 129 14, 151 11, 163 7.12883
MC580KF 28 29 3612.7 97 6, 80 2.475
JZ871RM 6 27 3622.3 127 8, 91 12, 148 6, 189 6, 82 9, 150 9, 139 11, 84 11, 96 5, 153 12, 151 7, 181 5, 141 9, 184 12, 104 8, 135 11, 111 5, 155 14, 146 7, 108 10, 181 6, 174 8, 103 5, 141 15, 190 12, 128 10, 144 10.5417
BX672CC 11 15 3628 150 15, 93 15, 148 14, 177 0.887006
FA213MN 26 27 3637.2 180 9, 162 0.703704
FX496TE 14 19 3643 126 9, 86 12, 158 7, 144 12, 83 10, 146 1.82192
VE664BW 17 23 3649 188 7, 188 11, 187 8, 136 10, 85 10, 124 8, 179 11.8994
CS970ZB 17 28 3656.3 89 7, 134 10, 119 11, 120 14, 161 7, 165 6, 112 15, 104 6, 142 10, 141 13, 159 15, 144 9, 113 13, 90 14, 97 0.639175
KR232PX 7 27 3659 153 13, 110 5, 172 6, 139 6, 90 15, 112 12, 98 5, 186 7, 135 15, 96 8, 184 15, 96 13, 102 14, 187 7, 107 10, 125 13, 145 13, 134 12, 165 12, 173 7, 153 9, 151 8, 166 13.9699
BA997ZK 25 26 3661.3 92 11, 95 11, 174 1.9023
EA394SL 13 28 3670.8 93 14, 88 8, 175 6, 177 12, 162 10, 161 8, 142 8, 174 12, 144 15, 141 9, 147 15, 97 12, 127 5, 174 5, 139 15, 86 9, 185 8, 131 11.3893
AT562KA 20 23 3672.5 92 5, 138 12, 80 9, 89 6, 110 7, 91 13.8462
FY818YG 11 23 3677.6 137 13, 113 6, 148 11, 87 13, 169 8, 133 11, 85 7, 92 6, 88 8, 93 7, 90 5, 98 8, 157 9, 105 9, 115 5, 101 10, 87 13, 91 14, 141 4.23404
DF398RD 25 27 3684.9 123 10, 150 15, 119 5.39496
HP241TE 13 15 3693.7 109 12, 148 14, 88 3.86364
ND858HS 23 29 3696.2 133 7, 122 9, 85 11, 120 10, 139 9, 111 6, 90 13, 123 7, 142 10, 141 0.950355
ZB046BK 20 27 3699.7 186 6, 125 14, 99 5, 121 11, 96 7, 177 6, 153 11, 165 14, 159 10, 150 9, 103 3.34951
PA929TT 24 28 3701 103 12, 86 5, 173 14, 96 15, 120 10.8333
CC186XH 13 18 3703 96 9, 102 15, 104 14, 115 11, 179 7, 172 10.7326
AW079ZF 23 28 3711.1 107 11, 84 9, 124 9, 123 11, 164 13, 157 6, 146 9.65753
NG075SX 8 20 3719.4 84 11, 124 13, 175 14, 88 14, 94 6, 87 11, 89 7, 133 14, 135 11, 87 9, 164 9, 163 7, 108 8, 142 5, 149 0.66443
GV017RD 26 28 3721 84 13, 115 8, 119 2.55462
CD638CR 23 28 3726.2 183 11, 115 13, 130 5, 152 14, 175 7, 162 8.48765
CP218EM 6 28 3730.5 181 13, 81 13, 137 11, 146 9, 186 9, 156 10, 148 6, 146 15, 186 14, 168 10, 189 12, 150 5, 111 15, 184 8, 107 12, 116 12, 96 11, 82 12, 178 8, 143 8, 159 6, 154 6, 174 10, 105 4.3619
FR739CV 4 6 3732.2 169 15, 98 12.949
GD752KE 27 28 3737.4 155 3.75484
CD423NS 17 24 3746.1 178 8, 137 10, 121 13, 83 6, 188 7, 107 13, 166 15, 171 11, 123 2.65854
EA201DV 14 27 3753.4 122 11, 138 14, 144 12, 148 7, 95 8, 127 6, 154 9, 165 9, 147 10, 168 10, 187 6, 167 11, 181 15, 103 13, 104 12, 107 2.11215
FB693CJ 18 23 3762.5 103 13, 107 6, 102 5, 131 10, 137 13, 120 5, 108 10, 168 6.45238
ZF717WB 6 19 3764.6 131 13, 182 15, 117 5, 126 12, 140 9, 148 15, 126 9, 183 15, 120 15, 84 12, 90 8, 85 4.31765
YL668ZB 7 13 3769.5 92 15, 107 12, 94 5, 125 8, 159 7, 143 10, 171 6.84795
FE686GF 23 24 3777.7 184 11, 141 0.241135
NB430YP 22 24 3779 138 7, 171 12, 88 8, 124 4.33871
HX135TM 13 19 3781.2 175 9, 94 9, 142 6, 108 9, 117 8, 131 10, 157 11, 168 4.0119
AJ235XK 27 29 3787.7 178 7.65169
RH527LX 15 28 3793.1 128 13, 134 14, 125 14, 83 5, 186 5, 179 5, 144 7, 162 12, 153 5, 156 8, 142 15, 81 6, 112 8, 186 9, 93 13, 190 9, 107 10.5234
JW833DB 22 28 3797 143 12, 173 14, 190 9, 99 15, 118 7, 111 6, 160 5, 185 7.90811
DK129HY 13 28 3804.9 170 14, 168 7, 116 11, 178 6, 111 13, 187 14, 167 11, 135 6, 179 12, 186 10, 176 11, 132 14, 170 14, 135 15, 185 3.46486
KV559AR 28 29 3806.3 103 7.57282
VV181CH 3 24 3807.7 101 13, 128 14, 118 14, 85 5, 158 12, 116 7, 135 15, 167 6, 173 10, 165 14, 99 7, 142 14, 178 8, 175 7, 188 7, 137 12, 124 6, 129 10, 177 5, 179 8, 107 12, 93 8, 112 15, 148 10.3514
GN524KD 28 29 3817.2 163 4.78528
BB196JV 3 11 3821.4 96 8, 88 7, 183 8, 98 14, 108 14, 96 11, 102 12, 116 5, 129 9, 117 9, 130 9.69231
BD474JY 10 29 3830 140 9, 185 7, 132 7, 152 5, 123 15, 93 15, 95 7, 141 13, 105 15, 101 14, 97 14, 149 12, 92 9, 148 15, 181 12, 129 9, 110 7, 172 9, 152 12, 90 15, 98 11.3163
SY879SW 27 29 3833.5 115 11, 189 0.513228
GJ036NN 4 25 3836.4 115 6, 129 14, 109 9, 139 13, 148 6, 169 15, 100 13, 91 13, 153 11, 101 15, 109 11, 173 7, 102 15, 152 9, 172 11, 186 9, 150 10, 171 15, 98 5, 109 5, 97 7, 165 6, 165 15, 152 5, 182 0.945055
XG279ZE 20 27 3843.2 166 10, 143 12, 102 9, 145 6, 171 6, 121 7, 147 5, 156 12, 120 9, 103 8, 140 11, 153 4.02614
TP099LM 28 29 3849.3 109 5, 182 1.29121
BS336PG 1 25 3859.2 93 15, 98 9, 100 11, 182 9, 115 9, 147 15, 154 7, 177 15, 113 13, 184 15, 177 9, 168 11, 147 11, 131 6, 81 9, 98 13, 150 5, 139 6, 165 15, 80 7, 109 6, 139 6, 187 8, 177 12, 171 13, 114 10, 166 6.78313
PJ426WN 19 20 3861.5 111 5, 141 9, 83 5.3494
ZY741ES 3 19 3871.3 147 15, 117 7, 144 7, 101 10, 178 15, 141 12, 184 15, 124 9, 181 12, 177 12, 92 12, 84 13, 187 14, 124 5.82258
FR564RN 2 28 3875.3 145 11, 158 7, 112 8, 151 7, 109 10, 188 13, 169 12, 170 15, 106 6, 172 9, 125 6, 126 13, 91 12, 186 12, 87 9, 166 11, 136 7, 185 8, 121 12, 180 9, 143 5, 96 11, 106 8, 116 8, 187 5, 102 15, 125 7, 145 14, 143 5, 132 8, 100 8, 190 8, 138 2.7029
BX565GE 9 17 3876.9 92 5, 135 13, 138 14, 112 8, 180 14, 136 14, 108 11, 97 4.21649
NF145JE 4 8 3877.5 190 7, 151 11, 109 13, 102 10, 99 9, 172 4.38953
VZ477EB 14 24 3886.2 147 6, 153 7, 114 12, 174 14, 164 13, 143 9, 119 5, 156 11, 155 7, 129 15, 81 6, 145 5.71724
WN250TR 2 7 3890.4 112 11, 120 15, 143 10, 128 11, 184 8, 167 9.1018
KK214TV 14 19 3891.1 171 13, 137 6, 178 9, 83 10, 139 4.45324
JC879MB 26 28 3894 177 7, 166 6.48795
WV706TA 18 27 3896.7 137 15, 171 12, 156 15, 97 5, 160 14, 117 12, 179 12, 119 11, 151 9, 121 5, 132 4.94697
YA105NL 23 25 3905.7 84 11, 89 10, 133 8, 178 7.32584
JZ411TW 22 25 3908.1 177 5, 161 12, 142 11, 95 10, 147 7.17687
WF971JJ 10 17 3912.9 139 5, 88 10, 180 9, 140 13, 80 5, 168 5, 121 9, 105 12, 179 3.41899
JF758KJ 25 28 3919.5 168 12, 186 12, 93 4.90323
JZ240LW 21 28 3923.9 115 15, 155 9, 86 7, 80 12, 166 8, 145 12, 180 7, 181 6, 181 10.2541
HH666HB 1 9 3926.9 181 9, 115 5, 186 13, 103 6, 150 10, 169 13, 140 8, 162 14, 160 3.10625
BN356AJ 14 16 3931.6 114 14, 182 5.57143
ST719BF 12 24 3933.3 97 14, 103 14, 113 12, 95 8, 133 14, 118 10, 131 10, 124 12, 101 8, 116 14, 158 15, 128 7, 116 15, 113 10, 183 3.35519
ZH324PE 1 15 3942.2 140 8, 176 14, 117 6, 92 12, 171 13, 93 6, 82 7, 125 5, 82 10, 105 6, 92 12, 98 5, 119 5, 94 11, 164 8, 175 12, 142 6, 158 9, 138 6, 88 7.96591
AS088RT 20 25 3948.5 119 11, 117 14, 133 5, 91 10, 167 10, 115 6, 188 5, 136 12.9412
PE123MF 26 27 3951 188 9.2234
DB740JJ 22 26 3957.7 187 13, 97 8, 98 12, 91 14, 143 6, 156 14, 178 0.410112
DJ661MS 4 22 3964.9 101 12, 159 10, 185 10, 97 8, 143 14, 157 10, 156 15, 138 5, 121 6, 173 13, 103 6, 109 10, 115 5, 97 8, 155 5, 92 14, 170 8, 167 11, 93 9, 145 15, 139 5.16547
RR472HZ 6 13 3974.8 187 12, 144 13, 142 14, 114 11, 81 11, 161 3.99379
SX838EL 27 28 3980.5 114 5.10526
CF895CH 20 24 3985.9 175 15, 137 9, 105 8, 123 5, 124 11, 108 7.23148
JH910LJ 5 12 3987.3 138 8, 121 8, 148 5, 100 9, 80 6, 147 11, 156 8, 189 9, 112 9, 120 6.51667
HF873YN 19 25 3994.5 149 6, 113 12, 116 11, 164 15, 114 8, 107 5, 117 7, 99 13, 105 13, 81 11, 136 0.404412
PC105FP 26 29 4002 180 10, 130 9, 133 0.947368
NC804RH 4 13 4007.7 112 6, 177 5, 160 9, 154 14, 174 7, 168 5, 81 9, 164 7, 131 6, 181 15, 86 1.24419
DW107FJ 19 24 4017.3 154 9, 105 5, 143 15, 168 11, 180 13, 106 13.9811
BG746YZ 9 23 4022.6 109 15, 165 15, 112 10, 155 8, 167 10, 163 9, 151 8, 122 15, 168 10, 156 12, 123 9, 163 10, 162 11, 131 4.27481
DM865FA 10 28 4025.8 135 13, 177 13, 178 12, 137 14, 140 7, 179 13, 109 6, 163 14, 124 11, 146 8, 151 15, 113 11, 88 15, 128 15, 88 15, 102 5, 159 8, 132 11.9621
JS879ZL 9 22 4031.9 130 5, 151 11, 174 7, 127 8, 109 15, 149 11, 162 13, 186 12, 92 14, 166 9, 105 10, 167 9, 141 9, 99 3.16162
BK740XT 1 22 4038.3 96 11, 189 7, 152 14, 121 10, 171 12, 102 5, 80 9, 109 13, 149 7, 151 7, 93 13, 85 12, 166 10, 161 7, 132 9, 84 10, 122 15, 97 6, 96 10, 107 12, 137 7, 109 11, 159 9, 177 8, 90 14, 83 8, 190 3.95263
MH196VJ 1 26 4042.3 180 15, 135 9, 89 15, 158 8, 155 7, 115 11, 86 13, 82 14, 157 8, 129 9, 90 5, 169 13, 97 9, 118 5, 107 5, 154 8, 118 12, 160 7, 133 6, 179 9, 166 15, 124 6, 146 14, 176 13, 184 14, 127 15, 164 7, 131 6, 93 11, 166 6, 97 3.08247
WJ688RD 15 23 4044 114 8, 101 15, 119 10, 145 8, 145 5, 97 6, 183 7, 179 15, 80 7, 174 12, 163 0.871166
LV889PW 18 27 4047.1 168 9, 121 13, 139 6, 84 7, 104 10, 150 14, 104 8, 118 10, 83 5, 109 14, 145 11, 158 12, 175 8.90857
BR810EG 8 15 4048.3 124 13, 85 7, 129 12, 109 5, 123 8, 87 10, 177 12, 119 8, 80 1.4
HB370BK 15 25 4050 129 8, 145 9, 104 10, 111 10, 177 13, 181 11, 158 10, 92 14, 81 5, 109 13, 190 9, 129 14.2868
HW139PY 6 29 4056.7 94 12, 156 9, 106 6, 188 11, 108 15, 124 8, 124 11, 140 10, 101 6, 143 5, 141 11, 92 7, 147 13, 177 10, 161 12, 80 15, 156 6, 117 10, 105 12, 105 5, 98 10, 121 6, 152 5, 81 15, 116 13, 144 14, 137 15, 175 5.86286
TE423KF 4 25 4058.1 181 13, 170 15, 182 14, 124 7, 181 10, 103 11, 144 11, 136 6, 132 9, 158 5, 139 12, 85 10, 162 12, 147 11, 93 8, 158 13, 145 6, 97 13, 144 15, 177 15, 142 9, 87 8.01149
YN615KD 13 24 4063.1 96 6, 178 8, 142 13, 124 7, 111 10, 99 12, 107 6, 143 5, 189 5, 177 9, 81 9, 163 9, 83 13, 178 6, 157 14, 153 7, 87 1.13793
FR774ZN 18 28 4067 114 14, 132 15, 181 13, 105 12, 155 12, 147 11, 164 5, 130 7, 95 14, 154 10, 81 9, 162 7.6358
SW547PL 27 29 4069.9 110 6, 135 5.2
SN954AV 11 17 4071.1 176 14, 93 15, 84 7, 175 6, 156 10, 99 7, 151 4.98013
HN215ZA 16 25 4079.3 100 7, 160 10, 190 5, 95 11, 122 10, 163 13, 100 6, 98 8, 120 10, 116 8, 114 9, 142 5, 178 11, 93 5.33333
VJ334VA 3 7 4088.5 130 9, 123 11, 139 9, 185 8, 169 6, 113 0.920354
AM457JG 12 29 4089.9 183 11, 184 6, 90 6, 165 6, 147 15, 122 9, 125 8, 174 5, 107 6, 145 13, 106 6, 187 15, 166 6, 133 11, 104 8, 108 6, 171 12, 112 14, 102 12, 147 5, 143 15, 123 0.772358
DK813YW 14 22 4094.6 143 12, 173 10, 108 6, 116 6, 92 8, 87 11, 133 14, 92 13, 113 9, 141 7.12057
KX281NT 5 10 4101.1 164 11, 140 6, 154 6, 149 5, 173 11, 102 10, 126 7, 90 5, 105 4.11429
AT675LB 24 26 4103.7 117 13, 155 13, 185 5.27568
DC040XD 16 27 4104.4 110 13, 111 12, 164 14, 88 9, 162 12, 158 15, 102 8, 98 6, 182 11, 86 15, 95 8, 94 13, 102 10, 132 12.0909
AE670EY 25 26 4111.1 131 10, 123 8.76423
AB030AM 1 8 4113.1 124 6, 130 13, 166 8, 133 13, 96 9, 131 8, 127 8, 132 11, 184 9, 88 4.42045
BZ828WZ 27 29 4114 189 7.20635
FY970KK 13 19 4123.6 142 8, 129 13, 163 15, 119 9, 106 8, 140 7, 190 3.86842
YV495EP 4 18 4131.3 163 7, 119 13, 162 13, 134 14, 108 12, 147 15, 102 9, 163 9, 132 6, 150 12, 169 12, 99 15, 121 10, 162 6.41358
HT606LY 12 16 4139.8 118 10, 127 10, 129 7, 137 12, 110 9, 163 4.53374
FT713WV 1 7 4144.3 164 15, 141 5, 102 9, 91 10, 179 6, 132 8, 170 7, 136 5, 82 8.5
ZM039GZ 28 29 4153.9 107 7.28972
NS188MF 3 15 4160.1 81 7, 153 12, 166 15, 97 15, 111 10, 84 14, 120 15, 144 15, 90 8, 95 14, 97 15, 107 9, 176 4.98864
FB071JJ 21 25 4161.9 155 6, 146 5, 132 10, 137 7, 95 10, 160 7, 151 5, 102 4.7451
AE771DN 9 15 4162.6 181 12, 152 7, 141 8, 160 14, 175 10, 147 0.557823
DA013GJ 11 27 4166.7 170 9, 109 11, 106 5, 132 5, 165 10, 135 9, 179 13, 165 5, 118 8, 121 10, 136 10, 156 7, 95 10, 166 7, 85 10, 151 14, 80 8, 90 9, 130 14, 129 10, 86 10, 167 11.8563
AP603LY 2 11 4173.4 186 5, 164 13, 105 8, 91 12, 81 9, 189 14, 135 5, 180 11, 157 11, 84 11, 101 8.72277
DM552WC 2 27 4180.7 182 5, 105 7, 156 10, 165 15, 93 10, 162 15, 167 11, 123 15, 120 9, 165 12, 92 5, 143 13, 132 12, 114 9, 141 7, 112 9, 159 7, 91 9, 144 13, 159 5, 138 10, 134 8, 114 7, 137 8, 168 14, 115 14, 102 7, 81 10, 90 11, 126 6, 112 12, 110 12.2455
TA831VM 4 12 4182.1 109 13, 171 15, 117 10, 145 11, 145 6, 115 14, 174 9, 105 5.55238
YX561BK 15 25 4189.6 162 13, 100 10, 97 11, 141 6, 157 12, 182 14, 186 15, 179 11, 164 12, 90 9.37778
KV679NS 21 27 4196.3 180 9, 166 15, 119 5, 149 10, 104 15, 119 5, 97 15, 162 9.66049
EJ853NJ 17 18 4200.6 144 5, 118 7, 124 2.58065
BS417KP 12 13 4206.5 83 5, 164 5.51829
HB763LZ 22 28 4215.9 143 15, 93 7, 180 15, 160 11, 128 13, 128 15, 125 1.984
CZ376VJ 20 21 4224.4 127 5, 178 6, 180 3.50556
YS682WZ 25 27 4226.8 154 15, 166 9, 178 1.78652
MH772WW 20 26 4236.1 189 8, 84 5, 118 7, 119 7, 137 13, 161 15, 190 6, 92 12, 139 13.9496
KM350HP 10 14 4238.8 118 11, 106 10, 165 7, 117 15, 133 2.97744
CZ918GS 6 19 4244.3 186 6, 117 11, 92 13, 97 5, 88 9, 157 6, 114 13, 162 12, 151 11, 82 6, 180 11, 134 8, 167 8, 182 10.9835
XT901ZW 22 27 4251.6 122 8, 98 8, 87 15, 81 5, 81 12, 113 5, 122 12, 103 15, 83 14, 98 9, 120 3.71667
KZ257LB 8 19 4259.4 173 12, 121 15, 123 5, 183 12, 131 11, 154 12, 157 7, 149 11, 99 10, 182 4.36813
WZ131ZR 2 22 4261.9 142 7, 189 15, 122 14, 177 14, 161 5, 94 5, 89 15, 110 7, 146 10, 143 13, 153 8, 141 13, 146 12, 163 10, 112 10, 188 6, 156 8, 130 13, 115 10, 98 6, 185 7, 89 13, 161 3.34783
SD681DJ 20 26 4264.2 98 10, 141 8, 108 7, 170 14, 188 15, 94 12, 181 7, 159 9.50314
XA425GB 14 17 4268.8 124 14, 174 10.4368
SH953GM 26 27 4270.2 173 7, 94 5.56383
DJ895NH 15 24 4278 189 8, 181 10, 175 14, 171 10, 143 10, 116 9, 148 10, 155 10, 113 14, 179 1.84358
SX479SD 18 24 4284.3 179 7, 115 7, 180 5, 166 15, 174 9, 102 5, 136 12, 119 9, 83 2.13253
AL235NZ 10 29 4286.3 173 11, 91 12, 130 13, 133 10, 88 14, 186 15, 151 6, 157 8, 160 8, 138 11, 159 6, 84 5, 110 5, 110 8, 171 10, 168 11, 168 7, 114 12, 131 10, 95 7, 171 9, 99 11, 166 3.54217
CM336TF 10 23 4291.6 169 11, 136 10, 159 14, 126 14, 123 9, 180 12, 108 7, 189 13, 186 7, 129 7, 80 15, 148 13, 91 4.50549
ER750KB 12 24 4295.1 83 7, 146 14, 94 5, 116 9, 120 6, 183 8, 120 7, 82 14, 139 14, 152 13, 151 9, 161 11, 163 12, 131 9, 104 13.8462
HA056YN 15 16 4304.4 99 15, 160 1.25625
SJ388FT 13 27 4310.7 132 8, 90 5, 101 7, 109 13, 109 11, 151 9, 164 13, 96 13, 139 12, 87 13, 183 14, 150 9, 169 7, 88 7, 138 12, 124 14, 91 8, 108 10, 116 11, 108 2.87037
HE223JL 4 9 4316.9 134 6, 185 14, 95 13, 126 12, 169 9, 95 3.34737
AZ111PG 6 25 4318.9 109 13, 154 8, 87 14, 110 15, 119 6, 152 9, 144 14, 161 8, 164 12, 179 6, 163 11, 186 15, 118 11, 148 9, 107 12, 90 8, 151 6, 142 13, 81 5, 125 7, 99 10, 174 8.33333
GY142EL 13 21 4327.7 160 10, 133 6, 118 15, 159 12, 134 15, 98 8, 185 11, 112 8, 187 8, 99 1.9899
MS071GD 25 26 4335.7 125 9, 83 11, 97 3.60825
SD742PR 6 11 4343.7 157 9, 148 6, 144 10, 163 9, 94 14, 80 2.675
NW100TT 1 19 4350.5 100 6, 133 8, 101 10, 136 9, 110 10, 149 11, 87 8, 148 6, 94 15, 181 8, 124 8, 85 9, 111 12, 144 10, 168 12, 107 15, 144 12, 169 9, 168 5, 103 15, 83 8, 115 7.85217
RK133CC 22 28 4360.2 180 11, 83 8, 138 12, 178 7, 190 9, 86 12, 89 12, 118 5, 129 8.85271
JX544WV 22 25 4368 132 6, 162 10, 90 6, 112 15, 162 10.8148
SM862XB 7 11 4369.5 114 9, 170 6, 110 6, 104 11, 114 14, 150 1.65333
WT233MA 4 15 4371.2 165 12, 100 9, 93 12, 154 13, 139 6, 184 9, 124 13, 139 13, 174 9, 189 12, 140 4.82143
KH234DC 10 25 4379.6 184 12, 91 7, 81 11, 101 14, 133 13, 91 10, 108 12, 162 12, 113 15, 108 8, 141 7, 178 7, 83 7, 94 9, 81 11, 111 8, 84 5, 88 13, 98 6, 186 10, 120 4.75833
PG129WF 21 29 4385.8 97 6, 116 8, 139 15, 132 10, 139 8, 123 6, 104 10, 157 8, 124 5, 170 12, 92 10.9891
FE669BG 5 17 4387.4 89 13, 150 12, 128 8, 167 5, 168 12, 114 7, 152 8, 166 6, 96 6, 134 13, 150 8, 131 9, 147 15, 151 7, 125 3.32
YA889SG 11 25 4393.1 102 8, 129 9, 163 5, 190 5, 176 15, 135 9, 158 6, 144 13, 103 10, 118 6, 109 5, 116 14, 156 10, 111 7, 107 8, 119 11, 123 7, 130 14, 96 7, 124 5.78226
SH221DF 24 25 4399.9 152 10, 170 3.55294
ES855YK 11 29 4408.2 80 6, 127 14, 134 6, 158 9, 145 14, 164 12, 179 14, 189 6, 164 15, 173 9, 149 11, 177 6, 85 12, 177 7, 95 10, 178 8, 116 8, 171 15, 132 8, 84 4.2619
TH328EP 21 24 4410.9 129 13, 179 7, 108 5, 153 10.8105
KV145GA 9 29 4418.8 123 5, 119 13, 137 13, 163 8, 175 14, 92 12, 107 5, 189 8, 172 7, 151 11, 150 7, 150 8, 170 6, 150 5, 93 13, 179 15, 187 11, 170 13, 108 8, 108 12, 101 15, 121 11.3471
BR160SB 10 28 4423.1 98 10, 153 5, 127 8, 133 13, 156 14, 144 10, 83 8, 84 6, 190 12, 166 6, 92 13, 114 14, 186 11, 96 10, 106 6, 93 11, 168 13, 122 12, 153 15, 90 15, 142 7, 145 0.0827586
YL984DM 11 23 4432.6 115 6, 144 7, 154 8, 156 14, 155 6, 126 14, 150 13, 143 5, 145 15, 184 13, 148 12, 86 7, 181 7.16022
JB354MJ 10 13 4438.6 80 11, 131 5, 164 8.12805
CK602WR 28 29 4444.1 177 4.40678
JW418GP 23 28 4448.9 136 5, 177 5, 153 10, 128 13, 95 9, 109 5, 134 15, 139 5.15827
YV031LW 22 27 4454.1 123 5, 182 7, 166 13, 100 13, 113 10, 106 7, 161 5, 84 10, 174 9.43678
YA730NY 7 25 4462.2 170 13, 164 6, 166 9, 180 12, 85 14, 97 15, 114 9, 136 13, 132 10, 135 7, 96 7, 182 14, 142 14, 142 6, 92 11, 145 10, 188 12, 127 8, 80 7, 160 6, 187 3.87166
DB104BD 24 25 4462.7 103 8, 111 11, 147 0.537415
LK051RW 21 25 4466.4 93 14, 111 13, 112 9, 179 7, 175 6, 131 5, 126 4.2619
LG067JW 2 6 4468.1 167 14, 104 14, 155 12, 125 8, 102 11.4118
NT679KY 20 22 4474.5 82 11, 121 8, 158 8.40506
CS286HJ 4 22 4476.2 174 8, 142 13, 186 8, 108 11, 132 5, 183 6, 136 15, 142 13, 110 13, 133 7, 162 7, 175 13, 88 15, 162 5, 99 5, 154 7, 186 14, 127 14, 93 14, 122 2.77869
SJ782AB 7 23 4480.4 98 9, 142 15, 180 11, 83 11, 91 14, 114 10, 98 5, 111 11, 179 5, 129 7, 171 15, 185 8, 157 10, 128 5, 175 12, 107 12, 128 6, 138 10, 97 8.17526
KK393EP 10 16 4481.2 175 7, 113 13, 82 13, 101 15, 122 14, 185 6.97838
BE824VR 2 5 4490.3 141 5, 89 11, 103 14, 97 12, 146 3.78082
AB842VD 6 18 4493.6 128 14, 101 8, 96 13, 144 15, 176 5, 103 6, 123 8, 179 7, 124 7, 151 7, 177 7, 153 10, 153 6, 123 13, 163 0.932515
LD166BX 20 28 4497.7 93 13, 160 5, 164 11, 156 6, 154 14, 155 13, 182 13, 85 12, 151 8, 116 6.65517
RP377SP 17 18 4502.2 124 9, 171 4.38596
HB856GL 26 27 4503.2 183 9.47541
WN399LK 26 28 4506.7 121 11, 136 7.24265
PB723EE 1 19 4508.8 83 14, 166 5, 156 13, 94 11, 148 5, 128 6, 106 12, 138 11, 161 12, 185 14, 188 15, 141 9, 186 9, 190 15, 161 13, 141 13, 121 0.140496
XJ745NC 17 22 4514.6 160 7, 86 15, 176 14, 102 13, 116 13, 169 1.78698
ZE555XS 6 19 4523 171 13, 160 13, 142 14, 162 11, 189 7, 139 15, 142 6, 101 6, 127 12, 136 5, 89 10, 183 9.56831
RP373GJ 12 26 4523.9 168 8, 98 14, 154 15, 144 6, 110 13, 138 12, 176 10, 112 9, 178 9, 112 11, 91 7, 159 12, 182 6, 131 8, 151 7, 155 12, 161 6, 91 10, 147 2.68027
PX327SW 23 29 4526 131 10, 142 5, 189 11, 165 6, 169 7, 83 12, 96 13, 98 8, 84 4.35714
HB017BR 17 18 4526.8 174 10.7241
YX185LL 22 23 4536.1 151 14, 100 0.88
AK212ZG 16 23 4538.4 94 8, 127 6, 84 5, 148 8, 98 15, 177 5, 147 6, 190 8, 83 8, 150 9, 139 9.10072
BV596FX 10 19 4544 89 9, 161 6, 106 15, 106 7, 140 14, 150 12, 189 11, 95 14, 102 4.82353
YC821VA 2 14 4548.6 123 12, 165 6, 189 6, 103 10, 169 6, 82 14, 100 7, 147 7, 172 8, 171 8, 153 6, 189 6, 112 15, 143 6, 173 15, 147 7.18367
BL749SW 10 20 4555.1 175 10, 134 15, 137 7, 82 13, 149 13, 142 14, 131 12, 170 7, 116 10, 95 4.16842
MC902ZP 22 26 4557.6 95 5, 157 8, 117 9, 113 14, 128 12, 184 15, 111 0.990991
AZ829RC 8 27 4566.1 163 14, 176 9, 160 13, 125 10, 110 13, 182 7, 149 15, 138 15, 168 5, 190 14, 102 12, 96 7, 149 5, 175 8, 176 10, 146 11, 150 10, 134 14, 182 10.978
YG786RF 9 27 4569.3 83 13, 127 9, 94 7, 104 8, 122 10, 148 8, 160 7, 136 13, 182 13, 86 9, 186 9, 157 12, 144 6, 130 8, 114 5, 114 15, 113 9, 114 8, 94 7, 117 11, 145 13, 167 8, 127 13, 152 6.23684
ZA985DN 2 22 4578.5 149 11, 149 11, 116 12, 104 11, 162 9, 173 14, 113 14, 129 12, 159 14, 96 8, 125 6, 173 13, 184 13, 120 10, 178 8, 134 6, 132 6, 186 8, 182 5, 98 6, 106 9, 122 12, 95 2.47368
YG385HH 2 15 4586.8 182 9, 116 14, 153 11, 83 6, 112 8, 137 9, 187 6, 103 13, 98 15, 174 10, 133 8, 167 11, 173 14, 177 6, 89 9.01124
EP282WJ 4 21 4592 101 12, 184 14, 168 8, 124 7, 109 15, 123 5, 171 6, 123 5, 130 13, 118 14, 173 10, 135 8, 149 6, 124 14, 121 14, 98 9, 138 10, 155 11, 117 12, 170 2.65882
HH942PL 14 19 4601.3 189 12, 154 8, 80 10, 186 9.65591
TF707PW 19 29 4607.3 188 8, 100 11, 85 7, 102 11, 160 7, 140 9, 107 8, 111 11, 131 10, 132 13, 105 5, 107 11, 104 12, 151 6, 186 7, 180 2.06667
AP521KL 4 23 4610.6 141 8, 169 6, 120 8, 181 6, 174 10, 81 15, 125 10, 96 13, 103 11, 108 5, 83 7, 115 9, 140 10, 153 7, 83 15, 91 8, 87 5, 91 7, 121 11, 164 7, 116 6, 112 5, 122 13, 123 5, 149 14, 145 10, 143 9.35664
XK041RB 21 29 4620.1 90 9, 112 15, 178 7, 187 15, 91 9, 176 8, 87 6, 174 9, 136 5, 150 6, 181 1.63536
KB884FM 12 13 4629.8 106 12.4528
FS206FE 28 29 4639.7 141 5.53191
YR806NA 7 11 4644.9 122 7, 111 15, 85 6, 96 11, 119 9, 133 4.04511
AZ807ZK 22 25 4653.6 150 11, 102 11, 167 13, 86 14, 107 2.21495
SD516NY 17 24 4657.2 135 8, 97 11, 190 8, 97 6, 131 13, 89 9, 135 10, 185 12, 99 15, 141 3.2766
PF123VC 2 28 4659.4 121 12, 155 9, 136 14, 130 6, 80 7, 171 10, 131 13, 133 15, 172 12, 97 7, 129 7, 161 8, 142 12, 120 11, 146 12, 184 8, 91 5, 177 10, 81 11, 103 6, 94 11, 114 10, 158 12, 171 5, 168 8, 141 6, 172 12, 110 9, 180 11, 101 7, 153 6, 111 8, 83 6, 104 5.58654
FZ350SL 8 16 4664.9 190 13, 145 15, 164 8, 154 10, 97 12, 135 7, 168 5, 153 3.80392
TE992HJ 15 18 4665.4 126 13, 114 7, 163 5, 86 5, 166 4.89759
RL292WP 4 26 4672.5 173 12, 85 11, 122 9, 103 11, 117 8, 156 15, 142 8, 126 5, 157 15, 96 12, 190 5, 148 13, 158 13, 186 7, 152 10, 125 5, 135 12, 136 13, 126 7, 169 6, 89 12, 188 12, 140 10, 126 7, 99 10, 168 10.5952
YE786RK 2 29 4676.7 154 11, 143 11, 89 10, 110 11, 167 10, 129 5, 184 13, 123 8, 101 12, 181 9, 164 5, 150 13, 139 7, 183 6, 123 6, 149 12, 176 9, 143 14, 128 5, 82 5, 101 11, 130 13, 170 15, 102 13, 125 8, 110 14, 150 8, 167 5, 138 7, 152 14, 98 8, 151 10, 168 2.34524
XS438SS 26 27 4677.8 108 13, 130 2.53846
MW610KC 1 24 4685.4 162 11, 180 6, 104 13, 153 9, 113 10, 115 5, 104 7, 133 7, 165 13, 118 15, 157 9, 85 12, 147 8, 120 6, 183 14, 168 11, 182 10, 82 6, 92 12, 114 5, 150 13, 138 14, 94 12, 185 5, 156 12, 168 5, 88 15, 187 3.17647
MT434VS 15 21 4695.4 139 6, 131 5, 105 6, 115 9, 176 12, 108 11, 146 13, 113 11, 117 1.52991
KP364HJ 15 16 4699.5 83 13, 156 3.89103
SW790LV 21 23 4707.5 80 6, 188 5, 144 11.4306
YT817KH 26 28 4714.8 174 10, 182 3.16484
LL354VW 22 24 4718.5 140 12, 190 8, 154 6.88312
AW508XP 4 13 4724.5 111 12, 88 15, 107 14, 140 5, 98 13, 116 9, 174 9, 92 5, 143 7, 87 10, 132 8, 144 3.99306
WN852HF 14 16 4733.4 119 8, 94 7, 133 7.5188
WV755BA 6 18 4738.3 89 6, 124 5, 97 15, 146 11, 183 13, 189 15, 110 12, 176 14, 101 6, 134 10, 177 11
VP090YG 3 16 4739.4 97 7, 139 7, 140 12, 146 12, 154 9, 183 9, 89 13, 172 7, 133 11, 114 12, 150 10, 166 15, 176 7, 81 5, 103 6.69903
DP723MC 19 26 4742.1 178 11, 184 13, 128 13, 183 6, 96 5, 142 5, 130 9, 84 8, 164 11, 176 10, 131 4.0458
NE853SE 26 28 4742.6 162 8, 142 6, 163 1.03067
RW525VZ 12 19 4746 161 7, 86 14, 159 14, 108 5, 142 13, 120 15, 89 12, 123 3.26016
EH873WJ 3 7 4750.2 90 15, 132 10, 115 12, 98 11, 110 11.3091
TF355XF 5 16 4753.8 112 8, 114 9, 150 15, 182 7, 133 12, 166 13, 86 10, 124 15, 173 10, 132 10, 152 6, 152 9.15789
SL132CV 18 21 4762.8 106 15, 114 8, 186 6, 175 6, 104 5.88462
FT059KF 23 26 4764 143 6, 117 7, 81 11, 126 6, 118 12, 80 13, 132 5.98485
PG898KD 8 15 4769.1 145 11, 117 8, 179 7, 85 12, 111 9, 118 6, 120 8, 86 5, 96 10, 174 2.76437
CH865EA 28 29 4778.4 99 7.87879
KC926WX 12 28 4780.9 173 15, 149 11, 147 8, 152 6, 164 10, 161 11, 119 10, 114 11, 102 13, 104 15, 185 6, 103 5, 110 9, 169 10, 183 14, 83 11, 160 8, 180 12, 118 4.09322
SY556MT 21 27 4788 83 10, 162 8, 144 12, 184 15, 172 5, 143 13, 185 6, 154 6.01948
LD717WX 10 18 4795.1 102 15, 165 12, 124 7, 177 5, 99 15, 178 12, 152 12, 155 2.4129
HG885DN 4 18 4796.8 82 10, 125 7, 142 13, 183 14, 106 7, 129 15, 102 10, 133 14, 159 7, 93 6, 175 14, 184 15, 157 14, 155 1.09032
NZ902YT 8 22 4805.5 123 8, 156 15, 93 9, 139 15, 88 7, 116 12, 92 9, 82 6, 161 12, 106 9, 81 12, 149 13, 119 6, 125 9, 86 15, 176 8.42045
SF403WX 22 25 4806.5 147 5, 129 12, 132 13, 131 14, 163 3.38037
XZ260LV 8 18 4814.8 135 12, 146 6, 158 8, 170 6, 102 14, 91 12, 88 14, 186 10, 183 12, 120 10.4
HF365FJ 9 13 4824.2 96 11, 176 7, 90 15, 169 6.3787
RZ460JF 7 16 4831.7 95 12, 185 11, 144 10, 100 11, 102 8, 89 11, 188 13, 148 15, 86 8, 118 3.32203
JY808BJ 1 4 4840 188 12, 87 14, 93 12, 183 1.37705
KE966GX 24 27 4849.3 181 13, 181 11, 185 10, 136 0.382353
BB404AL 24 28 4854.7 171 11, 132 7, 162 7, 96 12, 179 9, 176 0.715909
HC559RR 27 29 4857.6 133 10, 160 0.2
WD114DX 9 15 4867.2 89 5, 164 5, 158 9, 86 10, 190 11, 119 10, 189 6, 141 3.36879
GJ641VR 10 17 4868.8 101 11, 132 6, 132 7, 163 13, 146 10, 181 7, 162 9.52469
RE223CA 13 23 4877.1 91 7, 107 7, 104 13, 109 5, 164 11, 172 6, 163 13, 149 10, 109 11, 161 11, 91 14, 93 14, 181 7.10497
XC087NJ 23 26 4879.1 138 5, 179 15, 131 13, 137 10.8905
PB774FV 4 16 4883.7 145 13, 156 13, 87 14, 109 7, 118 5, 90 10, 159 6, 82 7, 157 7, 148 15, 102 13, 145 14, 92 11, 164 9, 81 0.333333
KP525HY 24 25 4885.1 185 11.4811
EK769PG 9 16 4888.1 143 7, 160 13, 173 6, 96 5, 105 12, 161 14, 183 10.9781
ZG788BR 13 15 4893.6 89 6, 174 5, 128 5, 87 10, 138 5.84058
HS647DK 14 18 4895.9 147 7, 170 14, 163 7, 88 5, 119 3.59664
WS621SR 23 25 4902.5 149 10, 92 7, 167 9, 108 5.0463
VR336KG 28 29 4908.5 103 6, 167 0.97006
AA625BW 27 29 4915 81 7, 156 5.09615
ET273DP 9 14 4919.6 152 7, 111 15, 130 15, 173 10, 84 8, 118 3.65254
EK278JP 27 28 4927.8 180 3.23333
DH545ZR 1 24 4933.6 175 13, 126 15, 189 13, 178 9, 121 8, 172 6, 97 9, 186 15, 87 6, 89 14, 190 11, 114 6, 115 8, 145 6, 175 11, 146 7, 124 5, 162 5, 185 5, 176 12, 108 14, 159 13, 97 12, 154 15, 167 8.8024
BS780CY 27 28 4943.5 174 3.34483
LY923DV 20 26 4950.7 82 13, 128 13, 113 7, 178 9, 157 10, 161 10, 146 8, 180 11, 99 5, 169 0.142012
ZT545CT 7 24 4956.5 179 15, 142 11, 158 8, 85 7, 94 15, 158 7, 121 10, 172 15, 189 10, 121 6, 168 5, 93 13, 149 12, 107 15, 121 5, 127 13, 162 6, 168 13, 94 6.21277
KF737VR 19 25 4961.1 97 8, 164 7, 182 7, 98 13, 103 15, 147 11, 164 15, 161 8, 116 4.03448
EW680YW 18 23 4962.2 190 8, 112 10, 186 15, 91 6, 93 13, 187 6.20856
SP891HA 16 29 4971.2 86 7, 161 5, 133 9, 159 9, 183 5, 133 14, 100 7, 165 10, 119 13, 111 13, 178 10, 121 8, 181 13, 82 12, 178 6, 96 13, 84 3.17857
JR130BE 18 27 4976.3 176 5, 123 14, 159 5, 189 12, 178 9, 82 15, 174 5, 156 12, 131 13, 190 7, 100 12, 177 6.65537
HH916YS 19 29 4982.4 174 13, 102 12, 146 10, 120 10, 104 8, 129 6, 89 10, 144 15, 120 12, 116 8, 92 12, 159 9, 124 11, 95 2.78947
YE113XX 1 25 4991.7 97 9, 144 12, 165 10, 153 9, 119 5, 83 11, 137 12, 100 13, 110 15, 84 13, 119 7, 136 14, 132 10, 132 5, 120 14, 167 8, 90 15, 115 7, 179 12, 137 6, 163 11, 143 9, 107 6, 130 13, 103 11, 140 7, 154 14, 171 14, 132 3.97727
CP738BN 5 6 4996 115 12, 140 11.4
NC304LT 1 9 5005.7 159 8, 168 13, 180 10, 142 14, 161 5, 155 11, 99 10, 185 11.2324
PM763RC 3 21 5013.6 165 12, 105 5, 170 5, 93 5, 87 12, 167 6, 143 11, 100 12, 188 15, 132 7, 133 11, 93 9, 170 15, 112 9, 188 7, 134 15, 129 6, 141 7, 93 13, 190 11, 174 5, 165 1.31515
KN026PJ 25 26 5016.2 147 5, 146 11.3219
BZ503ST 6 24 5019.5 92 12, 122 14, 117 13, 138 15, 136 7, 102 15, 132 13, 138 7, 90 7, 80 9, 139 7, 112 5, 120 10, 182 14, 164 12, 129 9, 164 12, 95 6, 140 14, 100 7, 124 7, 123 0.95122
TX256XF 26 27 5023.4 93 11, 113 6.29204
FA754ZP 12 13 5025.6 113 11.6814
NR571CG 16 25 5034.6 167 11, 89 8, 82 6, 113 12, 151 13, 152 13, 114 10, 101 12, 158 12, 121 6, 132 12, 127 3.48031
EM711EV 14 16 5036.2 190 13.7368
JX394VG 23 26 5037.2 146 10, 180 13, 159 13, 185 3.8
YH782GM 5 29 5044.3 152 14, 136 5, 119 9, 180 12, 119 11, 114 13, 131 15, 145 11, 96 9, 185 7, 108 6, 97 14, 169 12, 98 15, 153 5, 154 5, 85 8, 132 12, 142 10, 186 14, 113 15, 147 6, 144 15, 140 14, 120 15, 177 6, 136 4.84559
SY850GR 25 28 5048.1 120 9, 170 12, 86 11, 174 3.66667
JT133PS 3 29 5049.5 137 10, 156 12, 152 15, 169 9, 133 11, 180 11, 84 14, 142 9, 175 15, 148 13, 144 13, 163 15, 105 12, 130 15, 82 6, 107 11, 91 5, 143 12, 182 9, 141 9, 140 8, 109 12, 125 8, 80 6, 119 6, 128 12, 161 10, 189 4.84127
JX844ZW 20 22 5050.7 122 6, 165 9, 106 9.25472
GH194TB 8 24 5057.7 162 12, 186 11, 125 7, 80 13, 110 14, 174 7, 162 13, 84 5, 141 10, 117 15, 168 15, 188 11, 98 7, 168 15, 109 12, 178 4.40449
JB822LT 17 29 5062.3 118 5, 91 14, 145 14, 118 13, 168 13, 162 6, 132 15, 81 5, 151 8, 140 14, 140 8, 153 9, 176 6, 81 12, 138 7, 101 2.47525
BL274BF 13 20 5072.3 155 10, 171 6, 158 8, 94 11, 81 13, 117 14, 174 11, 163 9, 181 1.18232
PE123HJ 10 27 5075.5 102 10, 122 12, 97 6, 140 8, 189 15, 182 5, 99 7, 95 5, 132 13, 134 12, 113 8, 168 11, 187 9, 89 8, 176 11, 146 6, 90 10, 167 15, 105 5, 143 15, 142 8.97887
NX822CE 20 22 5083.1 97 10, 187 11.9144
FJ924SS 12 19 5088 171 13, 92 11, 158 6, 85 7, 179 9, 87 14, 127 8, 133 11.9474
XL231BP 9 11 5097.7 153 5, 137 11, 177 1.63842
RL926VR 4 11 5102.9 183 11, 146 10, 173 12, 114 8, 171 8, 126 7, 82 8, 99 10, 182 1.01648
VL958PA 19 20 5108 174 5, 107 10, 138 2.37681
AT438BT 4 11 5108.5 184 12, 103 13, 80 7, 139 11, 103 5, 119 11, 177 5, 143 15, 174 0.298851
JD216YA 5 23 5112.2 86 10, 141 9, 101 14, 119 15, 187 13, 168 11, 156 7, 179 15, 119 9, 159 5, 110 6, 94 8, 147 15, 86 15, 95 5, 128 12, 114 10, 82 10, 107 12, 141 10, 175 6, 132 4.21212
TZ712XY 14 25 5120.2 165 12, 149 9, 135 7, 155 11, 122 7, 98 11, 120 6, 82 6, 186 8, 166 14, 140 12, 183 6, 155 7, 181 6.38674
YZ671XL 2 11 5126.2 190 8, 163 9, 82 11, 81 6, 152 12, 144 13, 82 9, 168 11, 117 15, 167 12.8383
RG489SC 1 22 5126.8 119 11, 146 5, 181 12, 113 8, 129 13, 88 15, 81 11, 139 14, 151 6, 155 12, 122 7, 185 10, 179 6, 97 14, 93 12, 82 7, 147 10, 111 5, 83 13, 110 8, 162 10, 112 11, 158 6, 176 7, 118 13, 97 8.29897
MJ258DE 6 19 5128.9 98 15, 169 5, 107 13, 115 15, 124 7, 80 13, 135 12, 182 5, 102 13, 184 12, 143 11, 177 9, 177 6, 146 1.04795
RY725BM 18 24 5132.2 105 15, 101 10, 120 5, 184 9, 186 14, 188 5, 185 7, 141 5.13475
GY054YY 21 23 5133.3 158 9, 124 10, 117 3.45299
DH707BY 9 17 5139.8 145 14, 111 10, 122 7, 106 10, 140 9, 189 5, 98 10, 173 14, 121 3.33058
RL419XH 24 29 5140.4 97 14, 185 10, 161 6, 88 12, 117 11, 87 12, 108 0.435185
JJ993HB 15 29 5142.9 166 14, 113 10, 189 13, 89 12, 183 6, 148 9, 132 15, 136 5, 162 10, 162 5, 121 10, 184 7, 177 5, 137 11, 111 14, 106 13, 105 1.7619
DP170JS 11 12 5149.3 182 4.58242
XF786WG 4 13 5150.3 125 10, 178 9, 118 15, 80 15, 155 9, 103 7, 118 12, 149 11, 128 13.3047
TZ620DH 12 26 5155.3 148 8, 187 11, 96 15, 129 7, 160 8, 92 15, 138 7, 154 15, 115 11, 160 12, 138 9, 129 6, 161 10, 130 5, 91 8, 128 7, 82 15, 168 5, 111 7, 116 7, 102 1.82353
CS351KW 27 29 5156.5 119 8, 168 2.44048
KY431PA 4 17 5159 184 11, 149 10, 160 6, 122 10, 187 10, 168 14, 109 6, 153 6, 122 10, 167 8, 146 14, 184 12, 168 4.45238
DM692SL 24 26 5165.4 150 7, 133 14, 93 15, 158 1.29747
YM864YD 4 22 5169.5 111 10, 164 15, 95 8, 117 13, 170 11, 144 9, 166 9, 178 7, 183 11, 144 7, 96 10, 83 15, 162 13, 181 8, 128 9, 141 9, 183 9, 172 14.2384
VC684GD 3 26 5177.1 183 6, 173 10, 81 7, 128 11, 169 12, 89 9, 178 9, 108 9, 107 11, 142 7, 100 8, 117 5, 131 8, 107 6, 165 10, 130 14, 130 11, 87 9, 155 13, 155 6, 118 10, 89 10, 141 10, 151 12, 187 13, 112 7, 125 14, 97 7, 87 6, 165 10.9818
BZ115WJ 20 21 5178.9 174 10, 103 5.76699
XD207TX 14 20 5180.9 115 8, 182 14, 156 10, 148 10, 81 5, 92 13, 184 1.38587
MT459VB 22 28 5189.6 154 6, 120 13, 108 13, 100 9, 142 12, 106 14, 129 12, 84 12, 157 3.5414
LD738CE 27 28 5193.8 153 3.80392
EY679KK 26 28 5198.1 104 12, 112 9.53571
ZN278BS 18 29 5200.8 126 10, 184 11, 162 5, 179 12, 181 12, 176 10, 118 15, 103 9, 148 9, 119 15, 118 11, 88 6, 106 1.86792
BY652PT 28 29 5206.7 101 7.72277
VZ910FF 23 27 5215.2 140 5, 114 7, 131 13, 109 6, 131 9, 168 9, 148 7, 98 7.36735
VK758WK 3 12 5218 139 12, 120 13, 178 10, 142 9, 105 9, 181 13, 104 9, 102 9, 180 8.12222
BE928MD 25 28 5222.5 124 15, 140 13, 174 5.88506
TE461HL 7 13 5228.1 165 11, 126 14, 96 14, 166 13, 162 4.73457
EX511DK 18 26 5231.4 154 7, 164 6, 177 7, 190 14, 148 11, 139 11, 95 9, 186 14, 157 9, 92 10.0652
PY934FJ 23 26 5232.8 138 13, 129 14, 180 13, 178 3.53933
XG833EE 12 18 5241.8 115 5, 141 13, 94 8, 143 8, 130 5, 162 12, 153 9, 136 8, 154 1.11039
PT341YS 3 21 5245 92 13, 95 8, 171 11, 159 8, 113 6, 93 10, 93 7, 178 12, 167 8, 174 12, 175 7, 166 12, 162 5, 93 8, 156 9, 80 10, 183 9, 185 7, 149 10, 80 9, 127 10, 182 7.63187
YV705CD 28 29 5248.3 140 5.57143
VA882RW 15 24 5256.9 101 6, 143 13, 87 11, 92 5, 82 5, 186 10, 115 15, 129 10, 176 14, 131 14, 177 8.09605
ZA597PK 15 18 5260.3 190 5, 118 10, 100 9, 144 5, 107 6.95327
GS105JR 22 25 5266.3 107 6, 171 7, 92 9, 143 8, 150 10, 136 7.88971
JF664RY 18 25 5273.7 127 6, 101 8, 99 14, 178 8, 155 9, 120 14, 105 10, 180 12, 174 7, 157 4.10828
CS215ZV 17 23 5283.5 126 14, 149 5, 172 14, 117 7, 113 10, 103 9, 120 15, 94 6, 186 0.295699
ES120GX 5 22 5284.9 155 7, 93 12, 121 8, 110 6, 148 7, 163 10, 109 5, 91 5, 169 9, 92 13, 103 5, 139 7, 102 7, 142 15, 146 10, 148 11, 188 7, 112 12, 136 5, 113 10, 136 12, 170 12, 85 5.31765
HD057NY 9 26 5288.1 123 10, 95 5, 173 10, 157 14, 128 15, 164 15, 144 8, 152 9, 114 10, 162 13, 115 12, 158 10, 184 5, 101 7, 165 13, 93 11, 119 8, 93 14, 171 6, 142 7.26761
WC422JX 10 21 5297.1 163 12, 168 12, 177 7, 132 10, 172 15, 109 12, 129 8, 183 8, 127 5, 153 9, 88 6, 167 5.43114
TG349WW 17 24 5301.5 100 14, 91 6, 139 12, 111 13, 186 9, 133 10, 99 6, 153 10, 158 5, 92 5, 166 5.03012
LV314ZS 18 23 5308.4 87 14, 121 9, 123 15, 110 14, 90 15, 97 7, 121 5.16529
PZ055JJ 7 26 5312 111 13, 138 11, 91 5, 150 14, 147 8, 156 10, 163 10, 122 13, 164 11, 152 10, 108 12, 130 9, 89 9, 97 15, 156 6, 146 6, 120 11, 95 6, 118 14, 129 12, 125 6, 178 10, 96 7, 169 8.04734
YM027YA 11 24 5312.9 151 12, 175 8, 150 14, 140 11, 118 9, 82 10, 178 5, 136 11, 151 13, 185 11, 163 8, 165 12, 111 15, 103 6.84466
LW325KH 25 27 5315.4 145 13, 153 11, 115 4.81739
BX850XS 23 29 5318.9 190 13, 111 7, 151 10, 148 12, 127 8, 146 14, 158 0.462025
LL506HL 22 23 5321.8 103 8, 122 11.2951
FD190KT 16 27 5327.5 181 13, 85 6, 158 13, 189 11, 165 9, 119 9, 90 11, 190 5, 166 15, 169 15, 125 13, 151 7, 126 2.05556
XZ741DN 26 27 5332.9 141 12.2979
BK567KW 20 21 5335.1 84 10, 109 8, 134 4.64179
GD328SZ 15 25 5339.3 159 9, 179 13, 169 8, 157 7, 80 5, 162 10, 103 8, 110 8, 180 14, 95 10, 124 9, 134 12, 95 9.42105
PC743YL 28 29 5341.6 99 5, 134 2.12687
WN498ZB 23 28 5343.8 80 5, 186 6, 97 7, 94 15, 125 5, 165 8, 168 8, 175 11.3829
VP166YM 16 23 5349.4 139 15, 131 11, 181 9, 152 13, 190 13, 126 10, 127 2.30709
NJ494ZX 19 23 5354.6 166 8, 141 11, 121 11, 114 10, 152 13, 180 1.9
FL320PR 1 10 5360.3 107 12, 88 11, 160 15, 102 10, 114 9, 183 11, 117 6, 99 14, 115 14, 172 13.1453
ER899JC 21 28 5363.9 180 13, 142 9, 166 9, 85 12, 108 6, 126 9, 84 5, 147 10, 180 9, 173 3.05202
CB246YN 18 20 5367.4 132 10, 167 8, 101 2.87129
GR087YA 1 11 5375.7 121 11, 162 6, 154 6, 83 9, 125 6, 168 6, 125 12, 82 7, 117 5, 169 11, 139 14, 83 9, 114 14, 135 5, 98 1.73469
ER547XR 9 21 5382.6 152 15, 139 6, 101 9, 181 13, 172 5, 87 13, 172 14, 189 15, 95 12, 103 14, 110 9, 160 6.425
SR979YD 13 28 5390.3 173 6, 159 6, 105 12, 151 11, 116 10, 95 14, 89 15, 94 9, 166 10, 147 15, 99 9, 113 6, 114 11, 100 15, 104 15, 111 15, 126 5, 97 7, 101 13, 89 5, 117 6, 96 7.08333
KZ287NJ 13 22 5394.5 101 7, 89 8, 139 10, 138 15, 157 7, 82 14, 139 15, 172 12, 110 5, 157 5, 120 5, 144 7.97222
GZ788AF 11 29 5400.2 150 10, 186 9, 94 8, 164 5, 190 6, 110 8, 105 8, 142 8, 126 8, 161 7, 102 8, 130 11, 93 5, 86 5, 163 13, 111 8, 133 9, 190 13, 138 11, 109 5, 94 14, 171 15, 106 8, 185 4.84324
FV286GX 11 18 5401.2 178 15, 116 14, 173 5, 146 14, 106 7, 134 8, 146 9.25342
NZ411LY 6 15 5403.6 141 10, 188 14, 127 13, 143 5, 120 15, 123 10, 121 8, 117 5, 109 7, 80 10.725
GX643LE 22 27 5411 88 10, 170 13, 91 12, 184 11, 119 10, 168 6, 144 14, 136 0.632353
HB156MY 28 29 5420 131 5.9542
TB324XY 2 9 5427.6 140 10, 153 7, 160 11, 120 15, 92 12, 120 5, 104 14, 115 6, 122 11, 100 7.71
GR964BA 10 22 5428.1 81 11, 184 7, 178 5, 93 12, 154 15, 157 6, 137 11, 153 5, 125 8, 120 5, 118 6, 80 15, 158 12, 171 12, 160 0.38125
VY253KB 6 28 5432 145 13, 121 15, 132 12, 96 12, 125 9, 118 7, 89 8, 120 7, 181 12, 102 7, 135 9, 184 14, 163 7, 164 5, 125 12, 90 11, 112 11, 89 8, 159 12, 166 12, 151 12, 180 15, 142 8, 170 8, 174 2.40805
XP501AX 15 27 5434.2 126 6, 140 7, 162 6, 124 11, 145 13, 93 13, 172 6, 80 11, 122 8, 103 15, 126 5, 117 8, 105 7, 148 9, 143 6, 102 7, 144 6, 142 9, 162 10, 160 3.6125
EE226KC 22 26 5437 150 15, 93 9, 134 12, 179 12, 142 13.5845
EH040TT 6 20 5437.5 109 5, 172 12, 83 14, 137 12, 128 8, 130 13, 100 11, 179 8, 183 11, 160 6, 169 6, 91 5, 109 7, 111 7, 162 7, 183 6, 154 7, 167 0.592814
PG927GZ 14 19 5445.4 91 8, 181 13, 175 8, 97 10, 150 4.3
ZM094CA 15 16 5453.3 183 6, 141 4.17021
TK079BT 24 28 5454 95 11, 171 12, 179 6, 190 12, 188 2.00532
TX493NG 11 12 5462.6 181 4.60773
CY455CD 8 24 5469.8 156 8, 145 10, 135 8, 119 15, 161 8, 108 13, 88 11, 120 6, 158 14, 102 9, 122 13, 156 14, 181 15, 145 5, 126 11, 137 14, 136 4.80147
CS553FM 2 24 5479 168 8, 131 15, 160 10, 181 12, 112 10, 94 15, 149 6, 185 15, 108 14, 188 11, 187 15, 156 14, 185 11, 85 12, 117 13, 147 8, 152 10, 125 6, 124 7, 120 8, 167 7, 131 15, 122 4.05738
JK680RA 5 20 5484.2 180 7, 153 9, 117 9, 88 7, 160 6, 169 10, 162 13, 181 12, 129 15, 152 5, 99 8, 120 12, 82 5, 153 15, 157 8, 122 15, 159 6.7673
MM713AG 23 28 5492.6 142 9, 140 7, 176 13, 88 5, 174 5, 154 6, 96 11, 185 5.67568
HF787XR 2 19 5501.7 146 14, 180 6, 174 14, 113 7, 106 10, 87 5, 163 5, 86 8, 99 15, 86 7, 152 10, 174 8, 179 12, 121 14, 189 9, 187 10, 143 9, 110 11, 149 8, 150 1.01333
SM687WV 5 22 5503.9 181 9, 144 14, 175 9, 119 13, 181 11, 182 11, 183 11, 125 8, 121 13, 135 8, 174 9, 147 14, 82 13, 165 14, 165 5, 118 6, 92 13, 160 0.44375
EM323RA 10 21 5509 93 5, 145 14, 101 7, 111 10, 190 13, 139 15, 107 10, 181 14, 174 12, 126 12, 185 1.57297
EJ907NE 23 26 5515.9 119 12, 185 5, 175 12, 87 9, 161 8.28571
JT209SE 21 28 5524.4 178 11, 83 13, 105 6, 111 6, 144 6, 112 15, 102 15, 90 5, 108 7, 121 11, 139 7.2518
SH025HZ 6 12 5531.5 107 5, 159 5, 124 8, 143 13, 140 7, 151 7, 94 14, 133 0.285714
VA500FD 11 28 5536.3 160 5, 128 13, 183 13, 183 7, 165 12, 135 7, 114 6, 88 5, 125 15, 89 12, 102 12, 91 14, 119 10, 163 8, 154 6, 166 8, 162 6, 112 13, 179 9, 133 14, 84 6, 104 8.02885
EJ662GE 18 20 5542.7 128 14, 90 6, 186 3.30108
AE627LH 7 23 5550.5 152 13, 188 11, 154 12, 185 7, 149 5, 120 9, 151 15, 187 7, 107 8, 177 15, 145 7, 114 12, 127 7, 140 13, 122 14, 96 12, 84 4.27381
BZ075JY 22 26 5555.5 148 12, 158 15, 175 12, 148 8, 112 11.9821
GM423TT 26 29 5556.8 107 6, 121 15, 185 3.45405
HV206TR 13 27 5561.6 143 7, 82 7, 97 8, 115 15, 81 13, 103 7, 97 9, 107 13, 159 5, 134 13, 117 14, 166 5, 180 5, 136 10, 177 9, 111 8, 141 6, 150 8, 132 10, 187 14, 95 8, 146 1.78082
DE066VY 2 13 5565.4 128 15, 85 7, 175 11, 110 8, 98 9, 144 11, 171 6, 99 11, 188 7, 86 13, 152 12, 121 6, 161 11.3354
NH654TX 2 8 5573.6 104 6, 84 5, 138 5, 105 13, 167 11, 170 9, 112 10, 93 13, 99 15, 107 7.5514
VR696WV 19 29 5577.3 171 7, 169 10, 134 12, 109 5, 96 15, 119 14, 188 7, 96 7, 115 15, 100 13, 169 8, 184 9, 102 10, 91 1.61538
JA862VY 17 21 5583 156 7, 99 6, 185 7, 107 12, 96 10, 84 10, 183 5.9071
GK208CM 18 23 5588 123 14, 150 14, 149 6, 108 15, 140 14, 190 0.263158
AG054SJ 6 28 5594.8 128 13, 167 11, 102 7, 190 12, 84 5, 161 5, 103 5, 148 11, 117 11, 146 8, 90 15, 121 12, 88 15, 124 14, 129 6, 124 14, 112 14, 91 9, 127 6, 102 13, 129 10, 111 11, 160 14, 184 7, 86 13, 150 7, 168 5.77381
EY527GE 12 20 5599.5 103 12, 126 9, 180 13, 140 10, 90 13, 97 8, 186 13, 138 14.5362
RK913DA 17 21 5606.2 161 6, 154 15, 130 7, 142 8, 97 14, 158 2.94937
EV191RC 6 16 5613.7 140 13, 121 14, 132 12, 173 6, 169 5, 177 10, 171 11, 141 13, 182 10.0714
ZC479NY 3 4 5615.2 159 9.58491
RE978YR 3 22 5625.2 83 12, 128 6, 88 14, 82 8, 90 6, 183 7, 82 10, 185 10, 147 7, 81 6, 116 13, 173 5, 103 11, 99 6, 156 6, 152 13, 135 7, 146 12, 168 7, 179 11, 138 6, 142 5, 190 9, 90 11, 175 7, 144 4.1875
PT915VC 7 12 5628.6 165 5, 124 15, 167 11, 100 15, 104 4.86538
FB974VX 26 27 5632.4 102 6, 139 8.07194
KZ879EM 27 29 5642.4 121 11.2562
AX031WJ 26 29 5648.4 166 5, 167 13, 80 1.1875
DK214FR 19 24 5651.5 159 8, 125 12, 108 8, 132 6, 120 5, 117 11, 84 6, 126 14, 144 7, 139 0.971223
AT834PA 26 27 5655.6 164 5, 144 6.34722
CM296FY 14 27 5660.2 181 13, 149 13, 128 7, 168 13, 112 9, 91 11, 124 15, 177 6, 181 12, 174 11, 90 10, 146 5, 137 14, 143 10, 120 5.85833
KX854RB 20 22 5669.1 108 8, 188 6, 188 6.41489
KR356TM 7 11 5675.9 181 5, 117 13, 114 5, 112 7, 151 12.6755
AF086BC 9 17 5677.8 145 13, 168 15, 170 5, 158 10, 125 14, 123 13, 135 6, 144 0.486111
TX202FP 13 16 5682.2 128 14, 148 11, 182 6, 135 5, 147 1.4898
DR544NJ 24 26 5684 92 12, 159 11, 99 13, 162 2.2963
YE217AA 25 26 5691 147 10, 180 5.1
CC869MN 14 26 5692.8 186 15, 118 10, 161 10, 89 9, 151 10, 182 15, 115 6, 180 9, 155 10, 171 7, 183 5, 181 14, 139 7, 86 2.72093
BA870KX 16 23 5702.7 101 6, 112 10, 152 12, 140 12, 167 7, 176 7, 179 15, 190 4.41053
NV679WV 2 24 5710.6 81 10, 105 9, 106 9, 188 12, 101 7, 102 15, 179 10, 142 7, 105 6, 190 14, 102 7, 108 8, 157 6, 169 8, 115 8, 164 8, 189 10, 171 6, 170 15, 98 6, 187 7, 101 15, 115 5, 150 7, 156 8, 113 10, 112 9, 104 5, 155 9, 161 0.89441
SG185FG 9 25 5713 138 12, 170 12, 135 10, 184 12, 124 12, 121 8, 84 5, 148 14, 131 13, 187 11, 99 13, 104 6, 170 7, 106 8, 170 12, 122 8, 83 8, 170 10.9824
EC170EA 11 26 5718.8 146 9, 111 12, 128 9, 186 15, 146 11, 91 5, 150 9, 114 15, 141 5, 113 15, 171 9, 124 8, 124 6, 128 10, 153 14, 150 10, 170 12, 80 11.725
CY007FG 27 28 5720.2 121 4.80992
JS601RC 26 28 5721.8 153 13, 178 1.83708
MP002VN 13 20 5727.9 157 6, 161 13, 188 6, 146 13, 187 15, 87 11, 120 8, 179 2.10615
TD640CB 12 25 5736.8 140 11, 163 14, 99 14, 140 10, 134 5, 122 10, 171 11, 141 10, 180 8, 99 7, 162 12, 120 14, 156 6, 104 15, 175 6, 108 5, 162 2.65432
KE563EB 13 17 5738.8 93 13, 123 12, 124 14, 97 12, 167 4.56886
MN303KM 13 26 5747.8 120 15, 139 14, 123 7, 86 14, 163 15, 174 14, 95 13, 99 15, 176 8, 162 9, 156 9, 126 11, 103 11, 104 14, 99 6, 173 5.08092
BS164LY 7 28 5752.8 138 11, 146 7, 157 8, 88 5, 96 12, 89 8, 150 10, 141 5, 165 6, 151 9, 105 11, 92 15, 120 11, 168 8, 100 15, 167 14, 177 12, 150 13, 114 11, 124 6, 171 12, 87 7, 190 15, 86 15, 134 5.44776
GA775WV 20 28 5755.4 118 7, 164 14, 135 11, 146 13, 147 6, 130 8, 175 10, 141 15, 183 10.8962
KB569FB 19 25 5756.4 152 8, 181 15, 140 5, 94 15, 164 14, 110 6, 84 5, 154 9, 185 5.65946
MJ516DB 25 29 5761.6 138 12, 108 5, 88 8, 167 12, 147 3.94558
TS527EY 4 18 5766.2 127 6, 104 14, 105 5, 161 6, 147 14, 185 8, 132 11, 116 6, 130 14, 82 15, 148 13, 178 6, 167 11, 145 15, 89 9, 107 6.16822
DN057YP 24 26 5766.9 98 10, 175 11, 111 8, 164 4.38415
LR590FE 19 21 5774.2 112 13, 147 7, 146 14, 152 0.480263
RC067ZN 13 19 5776.3 161 10, 189 11, 104 5, 129 9, 167 12, 172 8.82558
EE821WH 9 11 5781.5 169 13, 137 2.66423
AP559EP 15 20 5788 85 15, 118 12, 177 13, 104 14, 184 5.3913
PJ568TC 16 21 5796 190 14, 179 15, 89 8, 96 12, 97 9.06186
DY217YB 25 27 5798.4 87 12, 99 7, 83 15, 92 7, 180 2.75556
RB255NH 28 29 5808.1 179 4.35754
MC106NH 9 13 5817.4 153 13, 155 7, 84 11, 149 4.81879
HA573KN 8 28 5819 115 5, 88 14, 167 15, 175 7, 107 6, 179 9, 157 15, 159 15, 82 12, 188 14, 183 8, 170 8, 187 13, 170 8, 123 9, 175 8, 85 10, 83 11, 142 15, 84 11, 178 5.52247
RP460MZ 9 18 5828.1 96 8, 100 12, 103 6, 137 14, 88 10, 123 10, 183 11, 97 6, 161 12, 179 9.99441
JM884TL 8 14 5831.3 159 12, 152 15, 161 14, 186 8, 170 2.87059
NC386ZG 9 23 5840.9 157 7, 151 12, 94 14, 188 15, 121 13, 85 15, 91 5, 147 5, 89 9, 136 8, 132 12, 177 15, 147 6, 144 15, 131 7, 95 1.09474
PM153MJ 28 29 5842.8 87 8.96552
VM286ZH 12 20 5848 142 14, 107 13, 101 15, 94 15, 101 14, 160 10, 133 15, 129 9, 124 0.0483871
MJ822NP 14 29 5852.3 140 5, 129 8, 172 6, 130 6, 177 11, 89 13, 85 14, 109 13, 92 15, 168 15, 81 5, 148 13, 133 14, 152 14, 163 12, 167 11.976
XV096RC 25 29 5860.3 127 15, 144 10, 81 15, 153 6.03922
AW606GX 21 24 5865.1 103 8, 118 12, 112 9, 88 10, 119 8.36975
SL991WT 1 18 5874.2 96 13, 152 13, 114 15, 190 9, 121 9, 123 7, 100 11, 93 12, 114 12, 110 9, 147 14, 174 14, 141 13, 100 5, 132 8, 175 6, 148 15, 141 7, 147 3.02041
DA687SB 5 10 5879.1 113 12, 163 15, 170 12, 148 8, 130 10, 137 4.92701
SL823EN 18 26 5888.4 126 11, 128 10, 146 10, 86 13, 173 15, 141 9, 174 5, 130 6, 149 10, 103 11, 176 8.72159
XP903GY 17 26 5894.7 139 8, 143 14, 100 13, 155 11, 121 7, 185 15, 93 6, 101 7, 150 7, 118 14, 110 9, 112 12, 149 4.96644
SV903XK 17 19 5898.1 153 15, 113 2.20354
XY788JT 3 8 5902.6 167 10, 142 15, 134 12, 126 7, 140 6, 127 7, 164 3.53049
WB176AN 1 7 5910.5 120 7, 190 5, 89 5, 130 6, 159 13, 125 5, 183 13, 181 8, 90 1.73333
LA203RF 27 29 5920 85 9, 150 3.98
YN269LR 27 29 5930 160 8.5125
FD846MB 26 29 5936.6 94 6, 83 15, 138 9.32609
FB817KJ 2 27 5941.9 140 13, 121 15, 80 7, 127 9, 128 5, 140 6, 117 12, 89 10, 148 13, 166 8, 101 6, 127 12, 180 11, 168 8, 94 14, 92 9, 142 6, 165 14, 104 11, 135 6, 118 12, 115 10, 172 14, 96 6, 86 9, 149 15, 123 9, 95 8, 84 13, 167 13, 184 14, 181 1.27624
YZ776NS 14 25 5950.6 169 7, 137 5, 167 8, 133 12, 173 10, 103 12, 122 5, 96 12, 145 7, 146 12, 159 10, 143 15, 99 14, 183 2.89617
WG622NH 3 25 5959.2 117 8, 138 11, 96 12, 140 14, 107 9, 113 8, 108 8, 103 6, 131 12, 190 7, 129 11, 97 12, 190 13, 160 7, 88 7, 92 5, 181 15, 82 11, 163 9, 105 10, 120 10, 109 8, 91 9, 181 11, 146 14, 95 6, 138 15, 187 1.04813
PC679EM 26 28 5966.1 109 9, 143 9.33566
XV931VZ 20 22 5972.7 101 15, 98 9, 128 5, 152 1.05921
LR495RC 20 21 5976.9 83 14, 101 11.604
YS775AJ 6 26 5980.1 179 11, 154 12, 153 15, 110 15, 151 5, 138 10, 150 6, 150 8, 182 8, 181 9, 82 10, 151 10, 146 10, 139 7, 108 12, 137 7, 98 8, 130 7, 163 11, 161 14, 177 10, 96 13, 170 6.84118
EX443BM 23 25 5986.6 177 8, 181 14, 131 1.77099
HM500ES 16 17 5989.4 189 4.98413
HG757DX 12 21 5993.4 155 10, 190 15, 162 13, 187 15, 123 5, 177 7, 104 5, 177 15, 155 3.05806
FG733NL 6 26 5999.5 92 10, 162 7, 84 9, 92 5, 120 12, 167 5, 98 14, 181 15, 131 15, 131 9, 112 6, 170 5, 163 8, 163 5, 100 15, 132 14, 109 6, 174 12, 136 6, 88 7, 144 10, 89 13, 165 10, 104 14, 81 14, 83 10, 111 3.74775
ZG929XY 10 25 6004.7 111 12, 154 6, 124 8, 135 14, 125 10, 167 5, 99 8, 181 13, 173 15, 138 6, 91 6, 180 5, 149 10, 101 14, 152 13, 85 13, 176 13, 162 0.617284
CM222AZ 28 29 6008.5 95 8.21053
AL367KY 14 29 6012.1 144 10, 82 13, 125 13, 142 9, 175 6, 94 15, 150 6, 80 14, 85 7, 180 5, 106 15, 152 9, 102 10, 164 8, 176 10, 181 5, 175 6, 82 14, 84 15, 136 4.65441
VB739MZ 17 20 6021 95 6, 147 14, 96 8, 99 10, 81 5, 90 0.233333
MX264FK 3 26 6030.9 169 12, 147 13, 89 6, 182 5, 141 13, 168 9, 107 9, 164 12, 111 14, 93 13, 136 13, 113 7, 103 14, 169 6, 94 9, 136 7, 116 7, 93 13, 115 11, 132 13, 118 11, 122 11, 80 9, 190 14, 143 7, 110 14, 85 10, 104 5, 168 7.03571
RG407CS 2 17 6033.2 141 8, 167 6, 129 10, 85 15, 116 13, 170 15, 142 11, 130 8, 155 8, 89 5, 157 11, 159 8, 148 10, 104 6, 172 10, 163 11, 189 6, 111 2.41441
MD467LL 24 25 6035.2 89 7, 168 8.93452
KS980VM 7 28 6040.3 150 5, 178 5, 146 15, 122 10, 111 8, 178 15, 110 5, 107 7, 132 14, 105 15, 171 7, 186 11, 168 8, 157 8, 164 9, 123 5, 148 9, 189 14, 126 6, 165 15, 91 11, 154 7, 139 13, 177 5.28249
MN978VA 18 29 6049.7 169 14, 172 10, 99 7, 161 13, 128 11, 138 15, 92 6, 172 15, 183 15, 130 13.7308
AH686NX 21 27 6057.4 162 11, 107 12, 175 7, 186 12, 123 5, 149 7, 122 15, 138 7, 86 4.56977
XZ584SX 4 19 6058.3 169 9, 186 13, 186 8, 125 11, 83 13, 94 8, 171 14, 103 7, 112 5, 163 10, 128 10, 126 7, 131 9, 84 12, 122 12, 145 7, 112 7.33929
DP995NR 14 29 6062 87 11, 127 11, 189 9, 186 14, 80 14, 127 6, 168 10, 120 12, 184 15, 169 6, 116 14, 114 9, 138 10, 160 11, 119 15, 86 4.88372
WR604JH 7 13 6063.6 139 10, 132 10, 157 5, 101 12, 94 12, 157 11, 90 3.17778
TX129AR 22 25 6065.8 188 9, 119 14, 108 10, 180 10.8111
TD373YF 2 20 6069.4 144 10, 128 6, 151 12, 87 6, 178 13, 157 5, 127 10, 138 5, 172 9, 80 13, 109 10, 162 12, 133 11, 93 6, 131 13, 166 11, 168 5, 179 10, 135 15, 164 10, 175 4.58286
EM286TC 15 29 6073.2 113 11, 149 15, 174 8, 148 12, 144 11, 173 12, 188 13, 172 15, 165 13, 97 6, 180 11, 146 6, 185 5, 104 6.42308
LS122AM 17 21 6074.4 142 5, 167 15, 105 13, 82 10, 176 9.92045
AD858SA 10 25 6084.1 139 15, 122 9, 105 14, 121 14, 101 11, 157 12, 146 13, 114 11, 177 8, 121 6, 147 10, 164 15, 93 14, 112 15, 159 8, 180 4.38889
RY794BL 17 22 6087.9 145 7, 151 15, 144 13, 140 6, 145 5, 179 7.22346
SY781JE 22 25 6093.8 179 7, 135 13, 134 12, 131 10, 171 2.67836
AF777VE 4 11 6098.7 172 14, 89 15, 153 5, 117 6, 122 10, 101 13, 134 13, 100 10.57
BZ429LX 18 21 6106.9 107 9, 101 9, 119 5, 112 7, 153 7, 145 6.6069
DH271SL 21 24 6113.7 102 7, 162 14, 163 13, 144 0.159722
YE028CX 21 25 6119.4 145 5, 181 5, 93 14, 140 7, 93 5, 82 14, 135 7, 118 6.59322
NC881HP 11 14 6123 108 13, 118 13, 163 11, 171 1.2807
GC847AB 19 23 6132.1 166 11, 163 13, 163 13, 144 11.1389
XB549PP 17 25 6138.2 108 5, 161 6, 169 13, 182 9, 140 11, 169 10, 187 11, 167 5, 158 13, 112 7.83036
SK336SV 19 26 6147.8 122 11, 118 8, 114 14, 128 8, 159 13, 113 7, 89 11, 121 6, 148 10, 117 6, 131 13, 97 9, 136 0.0808824
CE395FT 6 12 6151.9 98 8, 105 8, 126 9, 140 5, 96 14, 114 9, 186 9, 98 0.714286
YE762XG 6 11 6159.2 88 7, 136 12, 102 12, 120 15, 167 8.77844
XC924CD 7 10 6160.6 119 9, 127 11, 176 11, 165 3.49091
DY916GM 15 23 6162 165 8, 117 12, 137 7, 154 12, 108 9, 171 15, 186 15, 180 5.45556
YK596PJ 13 27 6170.8 121 7, 141 9, 189 11, 131 7, 137 13, 81 13, 85 8, 133 12, 100 10, 162 11, 102 8, 146 12, 120 13, 96 6, 88 11, 171 8, 181 11, 119 7, 174 8, 100 6.04
ER627SG 17 25 6175.9 114 5, 159 8, 155 8, 152 10, 130 12, 113 8, 100 11, 98 11, 163 14, 81 8, 108 10, 162 7, 125 0.048
TC163GA 26 28 6184.8 140 14, 108 3.2963
ED753XP 6 18 6188.9 174 10, 176 10, 171 7, 100 9, 91 14, 146 7, 190 13, 141 6, 190 14, 190 13, 145 5.28966
YX192JV 9 27 6194.3 99 13, 168 8, 102 13, 141 13, 102 13, 144 7, 174 6, 121 8, 98 9, 126 10, 162 9, 186 8, 89 8, 189 9, 171 6, 155 10, 101 15, 155 12, 108 11, 93 12, 158 5, 86 10, 170 5, 105 11, 140 0.235714
TY216LT 16 20 6196.5 156 12, 162 12, 119 7, 163 6.77914
WM014YH 20 25 6198.1 176 7, 88 10, 166 11, 88 7, 164 13, 141 10, 189 7.86243
AE998LK 28 29 6199.3 189 4.12698
VT830BK 9 14 6203.5 85 6, 158 12, 156 9, 174 12, 82 8, 186 5.15054
FE096RG 18 26 6208.3 93 15, 109 15, 187 11, 141 6, 189 5, 121 10, 131 12, 147 15, 109 11, 89 8, 145 7.86207
CT646CL 17 28 6211.4 80 10, 154 9, 118 12, 120 6, 148 10, 180 11, 160 6, 104 15, 101 8, 181 5, 169 11, 161 11, 189 15, 92 5, 132 1.19697
DJ916VA 12 22 6212.8 180 8, 100 15, 137 13, 87 15, 108 13, 111 7, 132 13, 145 7, 93 9, 155 7, 161 15, 101 3.9901
LG277ZX 15 18 6216.5 145 5, 110 10, 182 14.6648
HJ404GF 14 24 6222.7 105 7, 125 13, 80 5, 120 14, 123 8, 109 6, 184 8, 149 5, 185 10, 153 15, 118 14, 187 9.25134
BK153GT 3 19 6227.4 156 14, 158 15, 93 10, 95 6, 103 11, 100 6, 179 6, 109 9, 121 5, 143 15, 145 5, 187 14, 155 15, 124 13, 177 9, 145 6, 120 6.475
VB112WK 5 6 6231.1 183 8, 82 15, 183 1.54098
EP233BZ 5 20 6236.9 118 9, 93 13, 132 14, 130 13, 185 15, 153 14, 162 11, 163 12, 158 10, 89 9, 152 8, 118 6, 138 12, 140 10, 107 11.243
EX154PL 1 7 6246.8 114 11, 148 14, 117 11, 104 6, 173 14, 188 10.8032
YA234ZF 27 28 6252.7 119 4.89076
RF428NR 26 27 6260.4 93 5, 165 7.69091
ST812DM 7 18 6262.8 97 8, 179 8, 154 15, 100 9, 100 15, 154 7, 148 5, 157 7, 186 5, 161 12, 127 8, 96 5, 182 5, 186 5.15591
PV777NY 8 21 6268.8 93 11, 143 10, 131 12, 82 7, 107 6, 88 10, 105 14, 176 6, 90 10, 150 13, 168 11, 148 8, 105 13, 161 6, 83 7, 81 6, 105 11.3238
MG781MG 21 28 6276.1 169 5, 182 13, 173 14, 145 9, 183 6, 80 10, 99 12, 103 12, 125 5.536
CW228TT 6 9 6286 107 13, 131 5, 133 15, 102 1.32353
LT143FL 19 29 6286.5 177 8, 97 15, 140 8, 187 15, 131 10, 124 9, 125 6, 181 12, 183 11, 183 9, 145 6, 129 5.11628
LG457SD 21 22 6296.2 97 5, 93 4.07527
SB114YY 20 25 6297.2 139 15, 146 10, 117 11, 121 15, 87 5, 189 10, 93 6, 127 0.409449
GZ765CG 26 28 6297.8 150 15, 88 0.75
KG616NK 8 29 6306.4 174 6, 112 11, 132 11, 122 7, 132 5, 176 15, 151 11, 175 7, 173 7, 176 12, 134 11, 175 5, 171 13, 90 7, 153 11, 187 12, 148 9, 114 14, 143 15, 147 10, 158 13.1962
CL547SW 11 26 6312.9 178 5, 81 15, 90 10, 99 7, 92 12, 88 7, 105 10, 100 6, 173 7, 105 9, 185 15, 116 15, 89 12, 111 12, 112 15, 160 8, 167 9, 151 13, 177 11, 152 5.07895
SC014GA 6 10 6318.5 103 11, 131 12, 99 15, 190 9.65263
RM663SA 18 28 6319.9 161 11, 92 15, 114 8, 143 8, 144 15, 113 10, 111 9, 185 8, 115 13, 187 12, 93 7, 142 13.1408
RJ512RY 2 12 6323.1 146 10, 91 9, 162 9, 97 11, 143 10, 123 12, 149 9, 101 11, 118 8, 146 9, 164 14, 80 5, 132 2.07576
YK607SX 27 28 6327.7 113 5.15044
AM188XF 3 23 6332.1 100 11, 80 7, 114 13, 158 11, 98 7, 140 7, 144 10, 156 10, 84 14, 98 8, 124 6, 117 12, 174 11, 124 10, 129 7, 94 7, 97 15, 162 9, 123 6, 148 11, 190 6, 167 10, 135 11, 178 14, 187 1.84492
HY408TD 28 29 6340.9 136 5.73529
EL913RP 3 21 6343.9 87 8, 172 7, 179 11, 137 8, 88 7, 178 6, 93 14, 114 15, 88 11, 120 13, 105 11, 181 7, 146 5, 179 12, 90 12, 102 9, 139 9, 121 15, 115 9, 89 8, 135 5, 113 9, 80 7, 95 6, 119 4.97479
CV666FG 6 12 6345.7 121 14, 167 5, 187 10, 163 15, 90 8.08889
JT499NE 19 20 6350.6 84 15, 157 5, 122 1.82787
NC692SP 7 13 6352 119 9, 114 9, 169 9, 162 5, 172 9, 161 7, 127 5.86614
EF344ZB 24 27 6353.4 98 13, 159 6, 186 7, 119 12, 138 9.33333
PB182KT 9 17 6354.6 120 12, 130 9, 111 15, 173 10, 132 13, 105 9, 150 8, 94 7, 109 4.95413
NX510ME 12 27 6359.9 90 8, 112 11, 126 7, 165 14, 160 9, 145 9, 97 14, 87 10, 98 7, 162 10, 97 9, 133 6, 100 7, 188 5, 85 15, 158 7, 86 9, 137 6, 183 10, 147 14, 186 7, 189 6.78836
WB186DG 13 14 6366.6 152 13, 152 5, 156 0.384615
NM875AL 23 27 6373.7 145 11, 133 9, 167 10, 94 6, 137 6, 166 6, 98 7, 101 7.66337
KE083SP 10 12 6382 121 10, 187 1.80749
RD954TJ 3 23 6382.6 112 15, 93 10, 108 14, 184 5, 171 11, 151 5, 144 6, 180 5, 104 10, 190 13, 135 5, 81 8, 184 8, 165 6, 189 6, 152 13, 122 6, 82 9, 177 5, 179 11, 142 9, 111 10, 189 6, 134 6, 173 7, 126 8.50794
WJ164NW 5 21 6386.7 170 7, 150 14, 155 5, 94 14, 183 9, 106 14, 139 14, 158 12, 89 12, 172 8, 108 12, 134 11, 157 11, 103 14, 162 14, 168 10, 179 3.78212
NE977JY 10 28 6393.7 172 9, 134 13, 180 13, 141 15, 182 5, 167 6, 87 15, 140 12, 81 7, 120 14, 158 8, 177 6, 159 7, 128 9, 168 15, 100 14, 125 8, 164 10, 97 13, 105 9.64762
KS019MH 25 29 6402.3 86 14, 131 13, 91 10, 170 9.80588
XP044LS 5 29 6406.9 157 10, 178 7, 121 10, 155 8, 178 9, 146 15, 83 12, 101 12, 151 6, 180 8, 108 15, 174 5, 186 5, 120 8, 178 5, 134 14, 101 10, 166 15, 117 10, 87 8, 110 7, 181 9, 186 15, 165 10, 117 7, 153 12, 165 8, 121 9, 148 0.452703
VS336JY 5 20 6413 111 8, 124 7, 130 6, 125 5, 110 5, 162 7, 172 8, 118 6, 135 15, 84 15, 87 13, 109 12, 174 15, 169 5, 154 8, 82 12, 165 11, 103 15, 84 14, 94 1.78723
PC256LL 25 28 6416.3 158 9, 119 6, 158 6, 187 8.6631
WT403BG 5 10 6424 157 13, 144 14, 135 15, 150 8, 106 15, 130 0.984615
HT509EG 3 15 6427.3 106 10, 89 5, 89 5, 178 7, 89 6, 157 6, 153 5, 148 10, 85 12, 89 14, 99 10, 153 8, 131 8, 95 11, 184 13, 129 9, 130 6.9
ZT720MH 12 29 6429.7 158 15, 110 10, 156 5, 174 10, 86 6, 180 9, 105 7, 150 14, 149 14, 153 14, 156 9, 136 8, 184 6, 143 5, 107 5, 99 15, 178 10, 143 7, 153 11, 162 6, 83 5, 104 1.68269
BD955HE 28 29 6431.7 107 7.28972
EL585TR 17 25 6440.8 185 9, 137 6, 174 7, 126 13, 89 10, 142 9, 186 13, 110 13, 104 10, 134 6, 149 7.99329
JS956TC 16 27 6448.7 186 13, 126 10, 150 10, 80 14, 84 10, 142 5, 96 15, 175 8, 165 13, 145 11, 118 14, 186 11, 137 7, 132 2.82576
RY595KW 13 19 6457.5 122 8, 81 5, 186 9, 163 11, 126 15, 178 8, 164 4.45122
CE573LD 27 29 6458.2 82 15, 94 1.40426
AN205KA 12 17 6463 150 15, 160 13, 161 13, 92 6, 159 4.35849
TS542JY 27 28 6466.4 152 3.82895
LS160SV 20 26 6469.1 175 11, 165 6, 182 15, 171 6, 178 15, 105 8, 81 9, 170 5, 182 1.15385
GP919ZC 10 21 6469.8 142 11, 148 9, 91 8, 167 5, 153 15, 84 6, 83 14, 148 14, 158 14, 109 12, 160 14.7
RR159NY 15 18 6475.5 133 8, 146 6, 113 5, 148 12, 167 1.27545
XM453ZF 11 13 6477.9 84 6, 113 10, 155 3.35484
CY235ZM 25 26 6482.1 121 15, 184 3.11413
WY907AW 7 22 6489.5 134 10, 82 9, 155 8, 151 12, 108 11, 98 14, 111 5, 85 13, 122 13, 158 9, 153 9, 184 15, 166 15, 93 15, 166 11
LC469VN 26 27 6495.2 107 6, 115 9.49565
MH739JH 22 23 6499.3 143 15, 120 0.475
YB144DS 28 29 6507 149 5.2349
ZW969HY 1 8 6512.3 113 10, 137 11, 100 13, 172 14, 116 6, 164 15, 120 9, 164 7, 143 1.30769
ZZ402RS 15 17 6520.1 95 12, 84 12, 96 5
JT757RS 8 27 6522.3 96 15, 134 10, 109 14, 187 13, 156 7, 124 11, 128 6, 102 13, 90 7, 110 14, 172 6, 97 9, 157 9, 160 9, 117 5, 101 14, 140 12, 185 11, 188 14, 154 14, 113 12, 142 2.90845
GT365ZA 23 27 6523.7 183 7, 138 14, 143 12, 138 7, 158 9, 181 5.45304
DA377YM 7 24 6532.8 156 11, 150 6, 122 11, 164 8, 84 9, 88 11, 177 13, 110 13, 96 12, 180 14, 131 14, 121 12, 84 10, 118 12, 143 15, 100 5, 161 10, 168 11, 116 3.65517
SH977BJ 6 14 6537.5 85 9, 106 6, 83 13, 153 10, 161 7, 125 8, 121 8, 100 14, 157 11, 114 10, 189 1.67196
RX623LF 24 25 6546.2 87 12, 99 7, 177 2.18644
EX655FV 17 18 6555.5 118 12, 178 2.52809
SP462SR 5 10 6562.5 115 9, 156 11, 148 8, 87 5, 139 10, 187 12, 176 5.65909
MN547ZM 14 23 6569.9 112 5, 122 14, 128 9, 131 11, 100 10, 81 6, 156 7, 181 12, 144 13, 82 7, 179 5, 110 5, 176 1.48864
PT405HG 26 27 6577.7 135 12, 123 0.926829
SS208ZD 24 25 6585.6 152 11, 80 5.65
EH596WV 10 22 6594.6 97 5, 174 10, 186 9, 85 5, 130 8, 159 10, 115 15, 95 9, 189 6, 88 11, 128 14, 136 14, 152 11, 120 1.85
VX315ZX 16 29 6599.5 88 11, 178 14, 82 8, 85 15, 173 11, 98 14, 139 5, 161 8, 133 6, 132 15, 122 12, 178 9, 138 12, 128 12, 88 11, 133 1.25564
LN121WB 27 28 6607.9 108 5, 155 0.270968
AL717XS 9 21 6613.6 113 15, 101 12, 94 10, 101 8, 81 11, 162 15, 140 15, 110 7, 111 7, 96 10, 123 14, 102 7, 122 13, 177 9, 120 0.1
NL969YM 22 27 6621.4 113 5, 95 13, 152 13, 111 14, 90 13, 93 6, 145 11, 137 7, 157 5.69427
DD981WW 1 6 6630.2 113 7, 120 11, 113 10, 160 10, 88 14, 177 14, 169 0.56213
CY027ZJ 1 8 6637.2 123 15, 153 8, 156 10, 174 14, 134 11, 106 7, 97 11, 108 14.5185
TX098JV 7 11 6643.1 137 7, 129 11, 125 15, 176 8.1875
CY572DF 15 28 6649 128 13, 135 15, 94 13, 118 7, 98 7, 99 9, 93 15, 156 6, 128 9, 138 13, 89 13, 89 8, 183 10, 103 15, 81 8, 140 7, 140 8, 173 6.60694
JZ033XM 28 29 6651.2 139 5.61151
PG317SM 7 28 6658.1 89 8, 121 7, 163 7, 115 13, 180 15, 104 13, 143 15, 115 6, 129 13, 160 7, 187 7, 165 14, 153 12, 109 15, 150 14, 124 11, 147 15, 144 13, 145 14, 144 9, 95 14, 112 1.14286
TE647XG 26 27 6664.8 172 8, 167 2.14371
AB248KH 17 27 6671.5 82 11, 128 11, 126 5, 177 14, 147 8, 123 5, 171 12, 166 13, 92 11, 145 14, 129 13, 140 10, 157 6, 139 0.258993
HJ537DA 17 18 6680.5 172 10.8488
NB800GS 5 6 6689.5 86 11, 139 5, 168 7.94643
HH124WY 6 25 6696.1 178 15, 177 10, 126 8, 165 5, 162 11, 148 6, 154 15, 131 10, 155 15, 124 9, 119 8, 175 12, 103 8, 98 12, 182 7, 190 10, 97 10, 139 10, 186 5, 143 7, 133 8.36842
AZ286RJ 1 13 6702.1 151 8, 87 8, 180 7, 96 7, 152 13, 88 15, 186 12, 165 7, 142 15, 93 7, 113 12, 161 15, 185 2.52432
MY425PJ 26 28 6705.5 128 6, 117 13.2308
KT311VY 6 13 6708.5 188 11, 142 11, 143 15, 156 9, 131 13, 98 0.102041
MM328XZ 27 28 6718.4 190 3.06316
GK364LK 20 26 6727.3 128 5, 134 6, 146 7, 134 7, 84 10, 135 7, 150 7, 100 13, 134 12, 144 9, 132 11, 94 0.797872
AY701VT 22 27 6734.6 117 11, 95 8, 120 12, 150 5, 133 5, 90 14, 180 6, 148 8, 95 15, 84 7.79762
WZ741WY 26 27 6740.6 110 10, 144 4.40278
YA204FB 27 28 6747.9 139 4.18705
NB216AA 27 29 6754.8 157 8.67516
BP164JM 18 23 6757.4 89 12, 113 13, 105 13, 138 6, 142 11, 167 11, 167 1.2994
XE086ZD 19 21 6760.8 99 6, 164 12, 160 10, 156 2.82051
YF143MJ 19 29 6763.6 146 15, 137 13, 123 5, 105 11, 188 9, 117 10, 147 11, 162 13, 113 11, 135 14, 82 13, 186 4.34946
YF927SR 20 24 6771.3 110 14, 95 9, 170 10, 108 8, 170 14.7
LC366MA 18 24 6775.6 108 7, 123 9, 88 13, 146 14, 177 9, 162 5, 105 8, 148 8, 158 5, 163 0.834356
EG485MK 24 29 6784.8 80 5, 114 10, 127 10, 114 13, 114 12, 108 7, 169 7, 103 0.0873786
VS119NE 1 16 6788.1 136 15, 134 11, 146 12, 178 10, 123 14, 146 6, 86 6, 166 10, 85 10, 179 9, 85 10, 173 8, 99 12, 95 10, 109 15, 93 14, 180 7.52222
GZ451DV 14 28 6790.5 120 8, 181 7, 88 13, 118 10, 147 6, 92 14, 126 9, 162 8, 106 11, 107 14, 142 8, 170 5, 117 15, 160 5, 110 7, 84 6, 160 15, 84 13, 145 5, 89 9.02247
WH743RY 2 17 6798.3 121 11, 165 10, 138 14, 188 15, 177 5, 99 10, 136 6, 151 15, 117 15, 90 12, 112 11, 154 15, 185 14, 162 8.65432
EA992XA 6 26 6800.3 119 7, 142 6, 147 9, 159 13, 173 9, 100 14, 134 13, 185 14, 127 13, 189 10, 127 14, 91 13, 184 8, 188 9, 168 11, 86 13, 150 8, 115 9, 143 6, 159 9, 156 11, 147 5.34694
KE874HV 5 12 6804.9 149 6, 95 10, 178 14, 90 12, 114 5, 143 10, 162 10, 139 6, 147 4.61224
DL012DW 19 25 6806.7 151 8, 177 15, 132 15, 102 11, 130 6, 110 14, 135 14, 143 4.72028
ZE251MT 4 26 6810.5 116 9, 146 13, 83 14, 89 11, 145 6, 84 15, 119 5, 111 9, 161 11, 189 7, 110 11, 154 7, 146 10, 183 10, 151 14, 127 8, 113 10, 116 14, 93 9, 101 9, 130 9, 103 11, 109 13, 184 13, 156 5, 144 8, 93 11, 85 9, 138 6.41304
TZ007GG 7 12 6812.5 139 13, 94 10, 167 12, 151 11.7682
JS963HX 26 28 6814.7 178 6, 92 7, 88 6.86364
XT367DL 8 16 6821.5 134 7, 144 11, 173 10, 102 9, 139 11, 115 14, 108 15, 143 7.68531
PG522GF 21 29 6822.6 149 9, 91 15, 162 10, 113 15, 169 11, 115 13, 108 15, 146 5, 163 6, 155 0.187097
FM358CV 9 26 6830.6 87 12, 162 8, 100 8, 122 14, 125 14, 157 12, 151 15, 176 9, 143 5, 151 14, 133 5, 106 15, 93 8, 167 14, 87 8, 147 7, 123 9, 132 9, 190 5, 152 6, 134 10.9478
TS503PH 8 27 6840.4 101 12, 174 6, 113 5, 110 13, 100 7, 175 7, 186 12, 143 6, 186 13, 185 8, 127 7, 128 6, 114 12, 138 8, 97 9, 162 7, 122 7, 150 13, 184 10, 165 9, 157 13, 180 7, 170 10.3294
TL716RB 25 26 6845.3 156 7, 166 7, 136 0.985294
EN578MF 1 18 6853.3 118 12, 188 12, 153 5, 153 6, 178 12, 88 12, 170 15, 172 15, 141 7, 150 5, 127 14, 114 5, 137 15, 175 15, 157 6, 171 12, 178 1.77528
BP403RD 23 27 6857.1 144 13, 95 14, 165 6, 119 8, 162 8, 115 15, 113 1.23009
MJ615CG 28 29 6864 101 7.72277
YJ195EJ 3 11 6867 107 8, 128 8, 179 14, 148 11, 82 15, 149 7, 187 10, 134 5, 171 7.24561
CH964ML 4 27 6870.1 126 11, 100 7, 180 15, 125 15, 188 12, 161 12, 99 12, 99 12, 106 10, 134 15, 109 11, 81 6, 100 15, 95 11, 101 15, 110 9, 142 12, 138 10, 135 8, 124 15, 133 11, 97 8, 174 10, 172 5, 161 13, 91 10, 179 3.7095
ZG388JJ 8 27 6873.5 96 5, 147 13, 146 11, 147 13, 95 14, 154 10, 123 13, 165 13, 84 5, 143 11, 103 10, 86 14, 128 10, 134 14, 130 10, 97 9, 154 6, 157 12, 101 15, 190 11, 135 10, 104 6.20192
FL457NP 15 20 6877.7 180 8, 80 12, 111 10, 165 10, 131 13, 129 4.47287
HF274GC 4 26 6881.3 157 9, 161 7, 138 5, 84 6, 95 7, 94 15, 100 15, 105 12, 109 6, 151 12, 82 13, 107 11, 129 13, 175 6, 112 11, 86 7, 85 12, 148 15, 146 5, 110 11, 87 6, 190 12, 156 8, 119 10, 84 13, 98 6, 165 5, 165 11, 103 8, 174 13, 139 1.15827
FL141DS 4 15 6887.2 174 11, 122 5, 151 6, 139 7, 152 12, 138 8, 113 5, 81 10, 117 9, 175 6, 163 11, 100 5, 114 9, 104 8, 84 11, 159 3.34591
VV323BW 15 17 6893.2 128 12, 147 7.42857
MS477WH 2 9 6901.8 142 11, 97 9, 85 10, 112 9, 95 8, 144 8, 83 8, 189 6, 131 12, 83 15, 96 6, 128 4.67187
GA601EH 25 26 6911.3 135 6, 130 5, 81 8, 183 1.53005
XS943LK 13 24 6920.6 125 5, 87 12, 168 15, 141 8, 111 9, 87 10, 102 13, 172 15, 172 5, 183 14, 102 15, 87 8, 100 5, 100 9, 96 4.97917
JD021FA 23 24 6928.5 101 13, 190 3.92105
PY063NV 27 28 6934.7 188 3.09574
BG349PG 28 29 6939.2 117 6, 110 0.709091
DJ992AW 8 27 6945.9 101 14, 135 15, 82 8, 148 7, 179 11, 134 12, 119 11, 91 14, 114 14, 165 13, 125 11, 108 8, 126 10, 107 14, 134 12, 181 6, 154 11, 144 15, 177 14, 175 8.17714
HY267SV 8 15 6952.3 100 5, 178 9, 188 9, 143 9, 129 9, 174 15, 88 5.56818
RH265NS 25 28 6953.3 135 5, 138 15, 157 11, 185 1.25405
NS430TV 2 29 6955.6 128 9, 177 12, 124 8, 135 6, 81 5, 156 12, 141 10, 161 6, 169 10, 87 6, 119 10, 107 15, 137 10, 144 7, 146 6, 162 12, 95 9, 174 12, 92 14, 94 6, 140 8, 137 11, 94 15, 168 6, 136 7, 160 12, 154 14, 135 8, 118 6, 182 10, 109 6, 153 7, 175 14, 184 1.89674
GP008DD 3 12 6959.4 126 14, 88 6, 151 12, 141 5, 142 9, 153 6, 122 6, 138 7, 126 14, 94 5, 117 15, 148 1.40541
CY328WA 23 27 6962.5 118 8, 81 5, 137 8, 133 5, 177 12, 118 13, 116 12, 122 1.18033
DT900VS 12 22 6964.8 125 11, 98 12, 80 13, 145 14, 84 13, 133 11, 120 13, 104 13, 106 13, 86 6, 119 12, 166 7.63855
HH834PV 26 29 6965.4 135 6, 187 9, 88 6.85227
KB173PA 1 23 6971.9 137 14, 120 9, 140 9, 107 12, 168 7, 172 15, 173 8, 170 10, 189 9, 88 7, 119 12, 129 14, 123 15, 155 13, 178 12, 83 11, 94 10, 85 10, 126 8, 89 7, 96 7, 125 8, 153 9, 184 9, 100 10, 169 0.769231
FC301AX 8 12 6981.9 177 14, 118 7, 111 8.99099
FC876BM 28 29 6989.2 102 6, 151 1.11258
SW805XJ 13 20 6992.5 118 10, 189 5, 151 13, 121 14, 102 9, 164 7, 94 5, 180 10, 166 6, 117 0.393162
NX184KY 24 28 6994.9 129 6, 94 9, 157 6, 184 5, 105 11, 90 11, 132 9, 106 0.122642
VV808ZV 16 26 6997.1 114 7, 94 12, 90 9, 188 11, 136 6, 100 13, 161 12, 147 6, 133 14, 145 7, 131 15, 107 11, 173 11, 136 0.5
PN074YP 5 11 7005.7 81 11, 133 15, 83 9, 125 11, 88 8, 180 5, 114 6, 149 10, 189 4.91005
EL842PG 9 15 7009.2 171 11, 148 12, 151 8, 87 6, 87 6, 138 9, 173 5, 188 2.23404
MJ617HW 7 27 7014 111 15, 161 7, 138 8, 159 12, 138 14, 143 5, 92 8, 117 13, 178 5, 137 8, 89 9, 134 7, 133 7, 138 6, 106 14, 187 8, 126 14, 139 13, 157 14, 121 12, 148 8, 118 15, 136 14, 91 13, 138 2.01449
ZG894DK 11 23 7023.3 182 8, 185 15, 110 14, 138 5, 173 6, 133 7, 112 13, 139 15, 94 12, 176 10, 90 5, 149 10, 119 8, 162 5.94444
VB559DL 13 28 7030.8 124 11, 181 11, 98 13, 98 12, 183 13, 183 10, 118 15, 86 10, 127 13, 131 6, 123 6, 100 9, 159 5, 119 5, 141 14, 83 12, 131 9, 93 15, 142 10, 178 2.09551
EE757NS 7 12 7034.8 154 5, 99 10, 179 10, 97 12, 101 13, 174 2.87931
FC597MW 2 6 7039.9 105 9, 172 10, 108 11, 173 14, 118 13, 139 0.0647482
WM429AB 24 25 7045 146 7, 116 8, 82 2.12195
HK039TC 26 29 7051.8 161 14, 100 5, 123 2.78049
VW887WB 24 25 7059.1 106 11, 110 8, 127 0.614173
FF230VJ 19 25 7068.4 190 10, 146 5, 170 15, 127 6, 148 6, 167 12, 162 14, 132 5.66667
TF617RG 3 7 7075.2 152 14, 131 6, 148 11, 83 9, 125 8.664
KJ419YY 5 7 7084 82 5, 180 12, 152 9.53947
NS911WZ 26 28 7086.1 180 7, 130 5, 152 2.67105
KN842CR 27 28 7089.6 93 6.25806
ZR448GL 18 27 7095.9 80 8, 188 10, 173 11, 137 13, 171 11, 98 12, 187 11, 146 13, 116 8, 154 12, 133 4.94737
ZW270MM 19 29 7102 95 7, 120 5, 186 8, 93 13, 125 13, 169 13, 84 5, 168 7, 175 14, 141 10, 106 11, 151 10, 116 7, 133 4.55639
ZT044YA 20 28 7109.1 118 12, 182 5, 115 13, 186 15, 86 8, 153 6, 101 5, 162 5, 107 8, 190 14, 177 6.99435
LF206BY 2 26 7110.8 182 11, 183 14, 81 13, 91 12, 190 14, 102 12, 157 5, 99 9, 123 12, 183 12, 92 13, 149 9, 168 9, 175 5, 89 12, 136 11, 169 14, 102 6, 106 8, 87 11, 122 15, 161 11, 143 12, 163 7, 186 8, 115 6, 173 12, 92 9, 130 0.676923
TB523ME 5 23 7116.1 168 12, 133 11, 178 11, 100 13, 140 11, 178 8, 84 10, 100 11, 99 11, 93 8, 130 5, 129 13, 132 13, 154 6, 84 9, 93 7, 178 5, 123 6, 140 12, 155 11, 100 13, 87 8, 95 14, 117 2.05983
JY111YF 12 18 7120.2 161 9, 169 5, 107 11, 183 10, 177 13, 107 7, 98 11, 110 0.954545
VR745YZ 11 25 7129.8 129 14, 91 9, 125 9, 115 8, 141 14, 166 9, 101 10, 151 9, 136 5, 81 11, 105 6, 174 11, 190 8, 171 11, 131 8, 125 12, 150 6, 129 11, 96 0.0625
JN594ZM 12 15 7139 107 15, 173 10, 178 9.57865
NN880GK 9 13 7146.6 171 14, 87 14, 122 9.04918
CD570HB 8 29 7150.2 128 15, 155 11, 113 15, 154 5, 95 12, 118 5, 170 13, 107 11, 176 14, 82 14, 91 15, 128 15, 112 14, 176 5, 80 12, 187 13, 131 12, 98 6, 120 14, 115 9, 97 14, 103 12, 112 3.89286
EC561XY 23 28 7159.4 94 5, 149 6, 99 7, 119 15, 182 15, 102 14, 124 7.14516
PZ507LB 17 26 7161.1 162 10, 126 12, 124 6, 139 5, 120 10, 160 8, 104 10, 178 8, 174 10, 178 12, 94 13, 140 10, 146 5.26712
YE277DM 13 21 7166.8 130 10, 143 13, 149 9, 122 6, 162 10, 149 9, 114 5, 183 10, 137 15, 147 5.7551
GA082XX 10 26 7167.4 130 12, 137 13, 178 11, 136 10, 129 6, 120 8, 108 6, 123 6, 113 12, 97 9, 161 12, 83 14, 153 11, 162 15, 96 12, 172 15, 119 8, 115 13, 98 6.16327
BV763ZH 13 25 7168.1 99 13, 107 6, 129 9, 101 10, 109 14, 186 12, 142 8, 183 7, 119 7, 144 12, 117 14, 149 6, 160 6, 144 12, 122 13, 86 12.7907
CG090XH 4 18 7169.6 105 15, 93 10, 111 10, 133 12, 127 7, 139 7, 150 9, 120 10, 97 5, 187 10, 116 14, 112 10, 146 12, 118 6, 184 10, 126 10, 167 3.76048
WH628DD 14 29 7171.2 128 7, 107 11, 169 12, 122 11, 125 11, 147 9, 123 8, 109 10, 100 15, 109 12, 176 12, 158 5, 156 9, 133 11, 173 13, 185 10, 145 3.71724
DV962LD 9 16 7173.4 140 5, 107 13, 179 11, 139 7, 140 12, 184 14, 96 8, 182 0.357143
VF135HJ 7 14 7177.5 120 5, 171 9, 164 15, 145 15, 160 14, 184 8.8587
TY628GM 19 26 7181.3 133 13, 108 12, 177 12, 109 13, 91 12, 146 15, 129 8, 82 5, 157 12, 183 5.81421
FL308ZP 15 28 7182.6 174 13, 173 9, 176 8, 150 12, 95 7, 154 14, 105 9, 153 15, 185 12, 173 6, 99 13, 166 13, 113 15, 170 1.41176
FC249GG 10 14 7185.8 80 15, 165 6, 162 5, 184 13, 99 2.74747
CG709LN 18 20 7192.3 174 13, 102 5, 189 0.920635
GV126RS 23 27 7199.7 124 12, 111 9, 114 12, 160 13, 161 9, 168 5.47619
LZ256SW 5 9 7206.7 153 10, 144 13, 167 6, 180 12, 163 3.60736
EC325VH 7 25 7210.4 174 11, 139 9, 158 9, 90 12, 92 12, 144 12, 184 13, 132 9, 182 9, 154 6, 121 14, 94 6, 128 8, 115 5, 146 13, 177 11, 160 14, 99 11, 147 6, 95 9, 114 10, 99 0.414141
ZE334GK 4 19 7219.8 155 5, 150 13, 101 10, 169 7, 92 5, 169 6, 157 12, 136 9, 128 7, 103 11, 100 9, 144 13, 111 9, 102 14, 121 6, 116 9, 167 13, 80 11.4875
ZR940ZS 5 24 7222.9 149 5, 87 13, 175 14, 97 5, 117 6, 110 14, 146 9, 112 12, 89 10, 176 13, 146 7, 84 13, 132 12, 127 9, 142 7, 184 11, 189 7, 140 9, 136 6, 154 12, 138 9, 156 10, 188 8.98404
RN673DZ 13 28 7224.2 126 15, 84 11, 100 11, 184 12, 108 15, 104 13, 175 13, 181 5, 154 12, 104 9, 151 14, 104 12, 102 15, 175 11, 144 15, 139 9, 94 1.70213
NE411KB 20 24 7225.3 149 5, 91 6, 80 14, 189 10, 181 8, 97 14, 139 2.52518
FB816YF 21 29 7231 147 14, 111 11, 134 8, 152 13, 161 13, 180 10, 136 11, 185 5.49189
PP262WP 23 27 7238.2 173 11, 91 8, 165 9, 93 12, 151 11, 136 10, 82 0.621951
EM067VF 10 21 7244.4 133 12, 96 8, 87 10, 128 11, 159 9, 152 12, 114 9, 168 5, 83 13, 137 8, 148 13, 88 5, 103 6, 177 7, 97 2.09278
LS662FM 3 18 7248 95 13, 184 14, 146 15, 128 8, 93 5, 181 6, 178 11, 114 14, 182 14, 179 5, 105 12, 138 7, 123 13, 162 9, 161 5, 114 6, 185 0.481081
TM989PT 10 27 7251.4 161 5, 90 15, 111 15, 148 14, 118 7, 90 9, 100 13, 140 14, 138 9, 93 12, 124 14, 143 12, 167 9, 167 14, 123 14, 94 5, 156 8, 135 15, 129 10, 166 3.24096
TS657LY 20 24 7252.7 184 6, 165 10, 101 15, 173 15, 172 3.45349
YZ242SW 27 28 7253.5 141 4.12766
RT768WZ 26 29 7260.3 87 8, 100 9, 136 5, 95 8.63158
RF789AW 10 20 7269.3 80 12, 94 11, 165 11, 111 9, 103 6, 148 14, 81 11, 126 7, 142 8, 118 11, 137 5, 80 6, 179 6.46927
GG677FD 7 22 7278.9 105 15, 114 15, 81 11, 167 5, 147 15, 165 8, 110 8, 92 15, 107 6, 171 15, 163 11, 93 13, 113 13, 148 10, 131 6, 166 6, 96 4.89583
VS555JK 13 18 7279.6 177 15, 110 10, 102 14, 164 9, 130 8, 113 4.55752
KN225PE 21 28 7280.5 178 14, 152 7, 147 7, 134 5, 116 12, 170 7, 180 13, 135 8, 128 5.42969
KK666AD 22 28 7289.1 98 13, 143 15, 108 6, 147 10, 171 8, 137 14, 144 9, 180 5.38333
XB409BV 6 18 7289.9 84 13, 162 12, 190 13, 90 9, 142 8, 86 13, 85 7, 183 5, 169 11, 110 11, 104 15, 147 9, 113 7, 180 1.57222
SC979XM 7 23 7292.5 115 8, 164 15, 164 13, 81 10, 189 12, 142 5, 133 8, 126 14, 121 6, 140 13, 85 8, 91 10, 98 7, 112 5, 110 11, 126 6, 187 11, 131 10, 87 10, 162 4.29012
DZ752FR 17 25 7294.1 173 10, 146 14, 187 8, 118 12, 125 12, 127 10, 141 13, 131 5, 146 9, 91 6, 94 5, 171 0.701754
CE341XC 19 25 7304.1 112 14, 84 11, 123 6, 188 12, 117 5, 128 14, 81 7, 137 8, 145 14, 174 1.68966
FH961DT 1 10 7309.1 159 8, 177 11, 163 12, 108 15, 169 10, 189 10, 139 7, 173 12, 168 7.41667
ME539RN 4 22 7311.7 93 6, 142 10, 174 8, 140 8, 162 8, 155 10, 140 6, 161 9, 161 13, 173 5, 148 9, 155 8, 157 11, 165 12, 92 5, 84 5, 184 6, 101 6, 182 9, 91 11, 109 13, 130 11.8923
FK027MW 26 27 7319.3 156 11.1154
YM642GM 15 29 7327.5 139 6, 132 9, 98 14, 126 15, 100 14, 86 7, 177 6, 121 13, 158 6, 151 9, 100 5, 100 11, 119 9, 143 15, 187 8, 123 10, 91 8, 108 5, 126 10, 182 1.14286
MB529PS 17 29 7334.9 167 5, 129 15, 154 10, 130 13, 94 11, 82 15, 143 11, 154 12, 176 8, 159 6, 181 5, 158 7, 117 12, 187 5, 149 9.9396
YE902NV 3 16 7341.5 188 6, 80 7, 139 6, 103 10, 181 15, 189 13, 118 15, 84 13, 95 14, 147 13, 155 13, 136 12, 100 8, 154 2.28571
SX086DB 3 12 7344.7 137 6, 172 12, 163 9, 171 15, 148 9, 151 5, 147 5, 163 7, 86 10, 116 8, 90 2.56667
TR938DN 13 14 7349.1 128 8, 111 7, 144 6.90972
AW213XN 8 14 7356.5 139 15, 158 9, 124 9, 148 8, 161 15, 165 1.18788
CD096HA 1 24 7358.1 100 7, 137 8, 169 14, 149 6, 83 8, 126 9, 163 11, 125 5, 189 8, 141 9, 82 6, 152 10, 145 5, 91 10, 142 12, 183 9, 122 5, 99 10, 168 14, 172 12, 131 6, 99 11, 131 5, 93 11, 110 9, 168 7, 125 13, 84 8, 161 8, 173 10.3179
EY207MZ 18 28 7364.4 170 12, 184 7, 138 11, 91 14, 144 12, 178 7, 137 10, 118 14, 88 8, 172 13, 141 13, 96 3.57292
ER818ZA 11 22 7364.9 149 12, 172 9, 161 6, 152 9, 154 5, 160 8, 86 13, 85 7, 98 5, 122 5, 178 5, 118 6, 139 7, 99 8, 139 15, 99 5.36364
HG187RT 12 14 7367.4 182 5, 147 15, 86 9, 84 2.70238
RH472DW 2 10 7373.2 100 11, 187 14, 110 5, 119 13, 148 10, 134 6, 94 12, 146 5, 175 13, 125 12.88
XF624GX 24 29 7380.3 180 7, 188 7, 95 10, 179 12, 144 12, 184 1.11957
BV124VB 22 23 7389.5 147 14.9796
RH445MJ 5 25 7391 93 7, 152 10, 109 7, 120 8, 147 5, 131 7, 98 5, 134 12, 121 14, 171 15, 126 14, 157 13, 170 6, 138 6, 113 9, 140 8, 177 14, 178 8, 156 6, 144 5, 127 6, 188 9, 82 13, 84 8, 135 13, 153 9.22876
NC524RL 4 23 7397.7 184 7, 111 9, 177 14, 132 9, 136 9, 147 9, 174 6, 114 10, 135 13, 92 11, 170 11, 100 14, 161 6, 90 9, 189 9, 102 9, 177 6, 152 6, 107 15, 189 11, 176 14.1023
LR888ZT 1 17 7399.5 93 14, 127 5, 85 6, 135 12, 170 7, 131 10, 186 12, 114 8, 175 6, 188 11, 170 13, 114 13, 90 12, 89 11, 90 12, 174 15, 176 9.18182
WV100JR 20 27 7406.4 177 14, 188 15, 126 10, 85 14, 156 15, 123 8, 83 7, 107 11, 185 4.72432
DP795TJ 19 22 7407 116 7, 140 11, 180 15, 107 3.86916
NJ590SA 17 29 7411.1 169 5, 164 6, 138 10, 158 7, 107 15, 150 7, 153 7, 83 8, 181 9, 139 6, 157 13, 80 12, 98 13, 87 15, 176 6, 160 8, 133 5.96992
YS213GW 13 23 7418.3 134 15, 157 10, 166 8, 183 7, 139 5, 140 7, 138 13, 126 7, 144 14, 146 15, 101 9, 123 7, 134 0.328358
MZ311BY 5 23 7427 122 8, 84 5, 149 9, 126 8, 168 7, 128 11, 117 9, 88 11, 91 8, 160 6, 175 8, 122 9, 135 15, 145 10, 91 15, 114 11, 166 15, 107 9, 128 13, 175 8, 114 5, 124 7, 186 9, 122 1.38525
ZC432AL 13 15 7428.1 183 9, 183 11.3279
CD704JN 3 14 7433.1 81 7, 127 14, 156 9, 163 6, 169 11, 171 5, 92 11, 123 9, 178 15, 89 13, 100 5, 159 5, 187 10, 150 3.09333
WL393VN 28 29 7437.9 153 5.09804
CJ042CE 18 26 7442.6 84 13, 173 10, 132 12, 169 13, 113 8, 99 8, 165 5, 88 9, 133 7, 81 15, 168 10, 117 10, 128 0.03125
PH141SY 2 23 7445.9 176 11, 187 9, 154 12, 103 12, 130 5, 108 6, 109 5, 172 12, 88 7, 97 12, 152 15, 111 14, 148 9, 151 12, 175 15, 176 7, 128 11, 148 7, 83 10, 177 13, 160 14, 110 14, 149 4.63087
HK075KZ 25 28 7450.6 96 8, 174 11, 118 14, 184 2.01087
TX498WJ 24 28 7453.6 143 8, 125 15, 94 7, 115 14, 169 9.11834
EX838CW 15 16 7463.2 103 13, 184 1.88587
GF240WP 9 26 7469.4 178 6, 144 14, 105 6, 138 9, 94 5, 146 6, 114 11, 119 13, 188 14, 190 15, 175 10, 176 9, 146 10, 118 8, 176 12, 108 9, 96 11, 124 6, 104 10, 116 10, 102 4.30392
YY271NH 28 29 7476.7 115 6.78261
TD852KH 19 22 7478.5 114 8, 171 7, 116 14, 171 5, 188 4.67021
DG684TN 21 29 7484.4 125 6, 170 14, 87 13, 182 12, 80 6, 123 9, 159 14, 94 12, 85 12, 84 3.88095
LA225WY 24 27 7492.1 144 15, 121 5, 132 15, 163 9.20859
AJ468BV 26 27 7496.2 151 9, 149 2.51678
KH775PH 13 29 7498.2 110 14, 161 7, 86 8, 137 11, 166 12, 99 14, 108 12, 94 5, 126 9, 174 13, 108 14, 120 15, 127 9, 151 9, 155 15, 136 6, 81 13, 149 6, 164 10, 131 2.15267
WJ422KC 8 26 7504.1 148 13, 173 6, 113 8, 108 8, 80 15, 128 5, 130 13, 176 9, 147 12, 80 14, 94 7, 142 8, 98 8, 158 5, 127 14, 141 8, 180 10, 157 12, 106 5, 176 7, 120 6, 93 7, 122 11, 95 9, 130 5.66154
WR569DS 17 19 7511.7 172 8, 177 6.59887
DN269FD 15 28 7514.1 141 5, 145 12, 137 10, 188 15, 111 11, 89 12, 113 6, 171 7, 148 14, 108 12, 174 6, 130 6, 157 7, 81 9, 155 15, 162 9.76543
ES471XJ 10 20 7518.2 121 13, 110 12, 160 12, 102 15, 168 5, 137 5, 166 8, 169 6, 110 13, 133 13, 171 3.8538
RL527KX 6 27 7527.7 187 7, 153 10, 159 13, 110 5, 105 8, 121 14, 142 8, 187 7, 143 8, 150 11, 132 15, 118 15, 162 7, 149 15, 83 5, 117 7, 139 5, 124 6, 86 14, 106 12, 134 6, 91 9, 178 5, 102 6, 122 13, 125 12, 100 14, 116 5.58621
CG140CJ 8 11 7537 109 15, 154 6, 137 6.63504
LZ555MT 26 28 7540.7 131 10, 90 11.1778
CM077ZY 19 22 7544.3 141 14, 130 8, 113 9, 142 10, 184 0.0815217
WM047YT 8 11 7551.5 95 11, 117 9, 185 7.40541
CV359KG 1 24 7553.7 135 7, 129 10, 188 9, 119 13, 176 6, 100 9, 100 15, 183 15, 134 11, 180 5, 117 5, 105 9, 143 14, 190 10, 125 11, 133 15, 109 7, 129 7, 187 8, 90 14, 105 11, 125 10, 108 15, 81 6, 164 6, 100 5, 136 8, 163 11.0429
NC444TP 28 29 7561.3 180 4.33333
JG833GW 21 27 7562 141 8, 166 14, 81 10, 146 14, 94 8, 146 10, 103 8, 177 11, 160 0.50625
YM886WL 17 29 7565.1 131 9, 168 11, 143 13, 122 11, 150 8, 115 5, 113 10, 142 7, 98 14, 150 14, 155 11, 189 7, 100 5, 161 11, 129 7.5969
HC864VJ 14 19 7569.3 119 8, 148 9, 133 6, 117 5, 94 14, 118 7, 83 3.45783
MV323HZ 10 26 7579.2 166 12, 128 15, 121 7, 158 8, 110 12, 133 10, 153 7, 127 14, 153 6, 179 12, 186 12, 108 5, 118 10, 121 8, 105 15, 152 7, 94 11, 152 14, 179 3.84916
YW138RW 2 10 7581.9 164 10, 124 13, 130 9, 186 7, 141 14, 135 11, 115 11, 119 15, 110 10, 154 3.30519
TM819EF 15 29 7583.3 89 15, 172 12, 145 7, 160 11, 128 5, 87 14, 119 5, 172 14, 136 6, 117 8, 154 9, 180 14, 86 15, 130 15, 129 9, 143 9.87413
JB882VR 1 25 7588.6 143 14, 124 13, 186 6, 90 7, 132 8, 167 13, 88 5, 90 7, 163 8, 154 6, 124 14, 136 12, 157 6, 133 7, 148 6, 159 6, 147 12, 116 15, 94 7, 182 14, 153 6, 84 15, 86 7, 189 5, 97 11, 116 13, 134 9, 127 15, 173 14, 122 6, 124 0.298387
SG012AL 8 14 7590 90 6, 130 9, 176 10, 188 13, 184 13.6087
VF254WB 10 11 7594.8 156 4.57692
XS227WE 8 16 7601 169 14, 154 13, 159 13, 95 11, 166 12, 90 10, 107 6.13084
TJ263ER 22 23 7602.4 82 15, 155 6.27097
VN355XK 23 28 7607 167 8, 168 12, 162 8, 182 9, 86 11, 100 12, 104 4.36538
ME116ZS 26 29 7611.5 155 13, 180 6.00556
WY717LH 11 25 7616.2 173 5, 112 9, 104 13, 134 11, 160 11, 175 14, 143 10, 161 9, 180 6, 96 5, 110 12, 167 9, 85 8, 150 5, 87 11, 186 10, 108 9, 179 8.41341
TE381CJ 15 28 7621.8 175 15, 88 14, 93 14, 178 13, 102 11, 135 9, 120 9, 112 10, 127 15, 131 12, 151 10, 93 10, 80 6, 98 10, 133 8, 108 11.8056
NK285KN 5 12 7628.4 94 12, 105 6, 141 15, 185 10, 166 11, 138 13, 157 6, 100 2.63
PS885EN 13 23 7630.3 186 14, 174 5, 109 11, 92 6, 130 10, 158 7, 174 11, 116 15, 124 5, 153 13, 101 14, 190 6.58947
PW959PL 16 29 7633.6 167 12, 96 9, 175 8, 156 14, 169 15, 151 6, 88 13, 181 11, 139 11, 153 7, 165 12, 81 6, 118 11, 88 5, 110 8.98182
ER924VK 4 20 7635.3 183 8, 156 6, 125 14, 140 9, 130 7, 129 14, 129 12, 113 13, 175 15, 134 6, 93 6, 160 5, 93 6, 173 9, 124 15, 136 7, 102 15, 121 12.1405
AM261EE 5 16 7636.5 179 9, 180 10, 106 12, 151 5, 130 8, 173 6, 82 15, 160 11, 93 6, 184 5, 111 13, 158 13, 103 14, 160 2.19375
RL552WX 6 15 7643.4 104 9, 96 5, 101 9, 123 9, 89 13, 169 12, 180 5, 109 12, 188 7, 96 15, 110 5, 90 5.34444
VR272XR 1 14 7646.5 103 12, 180 6, 88 6, 81 14, 182 11, 111 15, 142 7, 171 14, 100 5, 178 6, 109 11, 103 8, 119 8, 168 12, 118 13, 101 5, 82 8.57317
FJ747BV 19 29 7654.1 86 13, 99 9, 182 12, 126 10, 127 15, 120 9, 164 6, 175 10, 171 5, 82 12, 190 6, 174 12, 186 5.8871
XB993AR 17 18 7662.4 168 5, 99 9, 80 1.6875
LD451WF 6 24 7667.1 101 8, 108 9, 143 5, 87 12, 172 5, 138 13, 155 7, 137 9, 110 6, 173 5, 170 12, 129 11, 120 11, 100 14, 182 15, 126 10, 87 7, 122 11, 163 8, 131 6, 187 14, 114 5.66667
RB620TM 2 13 7668.4 170 9, 113 10, 103 7, 150 6, 97 11, 115 15, 156 12, 188 7, 86 14, 123 9, 190 13, 176 9.47727
HP908YM 15 22 7673.2 140 14, 150 13, 160 9, 88 5, 133 8, 150 5, 162 8, 182 9.54945
BT144ZV 19 26 7679.7 119 15, 107 10, 177 15, 149 9, 158 15, 145 14, 94 12, 154 11, 139 1.18705
EW346JS 19 24 7680.6 89 7, 118 6, 168 14, 177 15, 189 6, 181 12.453
RL501JZ 22 27 7683 80 8, 139 13, 81 11, 120 15, 97 10, 139 14, 183 13.3989
RP567HT 8 17 7690.4 107 8, 187 9, 90 12, 161 5, 148 8, 143 15, 160 11, 131 10, 111 9, 177 0.836158
FP195TA 24 26 7694 125 7, 147 15, 165 8.67879
GT313XZ 25 27 7700.8 80 8, 84 7, 130 15, 94 10, 131 0.0305344
MG486SR 16 29 7710.8 141 9, 108 7, 168 13, 172 13, 165 15, 92 15, 170 11, 99 8, 126 5, 172 6, 180 15, 95 12, 80 6, 176 7, 176 3.65909
AD815RH 20 27 7715.5 189 5, 92 5, 125 15, 81 7, 141 7, 142 6, 127 5, 108 13, 150 15, 115 15, 143 9, 150 4.78
HR122AA 2 19 7720.2 183 9, 155 11, 163 12, 156 14, 174 14, 103 13, 117 11, 105 13, 154 8, 117 13, 160 5, 175 13, 86 5, 100 12, 133 5, 181 13, 175 6.89714
WF970NG 6 13 7726.8 112 8, 143 12, 177 6, 126 10, 104 7, 143 8, 80 5, 146 5, 83 9, 104 2.00962
VL884ML 25 26 7731.3 137 14, 88 5.34091
HE030TX 24 28 7738.4 127 9, 147 9, 88 8, 166 8, 96 15, 147 6.05442
ML308HG 4 20 7741 143 13, 159 6, 149 12, 108 10, 188 12, 136 14, 143 5, 189 15, 118 7, 176 5, 121 6, 161 12, 125 14, 125 5, 85 11, 96 5, 119 7, 185 7.98919
LF485JY 27 29 7747.6 120 8, 137 2.93431
GK949MH 2 10 7749.3 85 10, 128 7, 158 14, 84 11, 89 7, 163 12, 94 9, 121 6, 158 6, 127 15, 111 8, 170 6.28235
HE262WL 9 17 7751 94 13, 162 13, 173 7, 135 7, 107 5, 179 10, 177 14, 156 4.98077
FK436RS 16 25 7757.7 117 6, 87 11, 179 12, 135 9, 103 13, 130 7, 83 11, 142 6, 92 9, 176 9, 179 10, 149 5, 163 8.30061
XG967HJ 26 28 7767.2 173 7, 103 10.7282
EK158MW 25 29 7772.9 133 15, 123 11, 139 12, 80 5.85
TK881VM 26 28 7774.3 86 9, 124 11, 160 1.1125
YB912CG 1 14 7782.5 155 11, 88 5, 181 12, 145 9, 132 10, 120 12, 155 5, 99 14, 184 10, 189 13, 145 14, 145 6, 154 11, 147 6.12245
ZR635FA 11 25 7787.4 126 5, 139 8, 139 10, 172 15, 130 14, 97 8, 93 5, 157 8, 80 13, 183 14, 129 15, 139 5, 186 8, 98 11, 175 13, 159 11.283
WW078LN 9 26 7788.7 163 6, 81 5, 140 6, 174 8, 87 6, 161 9, 142 12, 115 15, 179 7, 176 12, 139 12, 126 5, 134 13, 123 13, 113 6, 123 5, 127 12, 174 6, 189 6, 96 5, 104 9, 122 12, 98 15, 87 5.54023
JW937FC 13 22 7798.6 156 12, 94 6, 160 13, 89 6, 89 8, 121 15, 166 6, 142 6, 161 5, 148 5, 154 12, 185 8.32432
XN969RG 13 22 7799.9 94 7, 171 8, 86 6, 165 6, 171 8, 104 6, 113 9, 96 15, 125 9, 150 11, 163 10, 184 10.7174
XJ193GP 4 9 7806.8 99 6, 184 13, 123 8, 116 14, 167 10, 150 4.77333
CT066AD 15 27 7815.7 132 5, 109 12, 120 9, 85 6, 179 13, 160 11, 158 13, 131 12, 86 8, 149 9, 105 12, 123 14, 120 13, 180 13, 111 6, 169 1.75148
YN132TJ 20 27 7825.3 125 15, 144 6, 92 8, 151 7, 112 12, 140 5, 87 5, 173 8, 139 6, 129 13, 108 6, 125 7, 139 7, 105 2.87619
XW986NJ 5 25 7829.9 161 6, 187 15, 111 5, 117 13, 159 15, 118 10, 124 15, 161 7, 163 15, 178 5, 81 12, 182 14, 138 9, 189 13, 189 10, 104 9, 166 10, 88 10, 187 5, 89 12, 125 15, 97 4.25773
EZ631YC 5 13 7833.1 184 10, 175 10, 92 14, 155 5, 155 5, 178 15, 153 9, 184 7.57065
DB259SJ 24 25 7834 91 10, 114 10.6491
HD807ZL 23 27 7838.5 136 11, 188 14, 165 8, 143 5, 135 9, 87 6, 168 2.40476
DC729GB 16 29 7844.7 172 6, 82 5, 183 10, 174 11, 121 10, 189 13, 91 13, 132 15, 154 11, 125 11, 143 13, 179 5, 137 9, 164 10, 131 0.824427
KD303EK 19 24 7850.5 163 5, 133 5, 144 14, 150 10, 185 6, 181 11, 178 9.15169
VX834GR 27 28 7852.8 161 3.61491
XG712XM 16 25 7857.5 159 11, 160 6, 161 15, 139 6, 110 15, 135 5, 182 12, 109 6, 172 7, 95 10, 164 8, 108 5, 189 1.10582
YK102LC 18 19 7864.8 109 5, 129 1.03101
GW872RX 7 11 7866.2 123 13, 143 5, 163 13, 125 10, 175 0.0628571
GA024MH 24 29 7874.3 106 14, 143 12, 166 10, 94 10, 188 7, 117 4.20513
DJ683WB 25 28 7880.3 87 7, 144 13, 140 8, 167 6.60479
JN090VX 21 27 7889.8 100 9, 157 13, 98 10, 155 7, 89 10, 121 10, 139 6, 102 7, 182 14, 175 0.96
VS280TT 22 26 7897.2 102 7, 126 5, 113 13, 100 14, 148 15, 150 6, 147 9.78912
BT746PP 5 23 7905.7 173 10, 139 6, 95 6, 97 14, 168 11, 116 7, 128 12, 106 9, 80 7, 161 13, 92 13, 119 10, 168 14, 80 11, 126 10, 84 15, 106 8, 123 8, 148 6, 172 10, 151 5, 163 8, 169 8.85207
HY380AJ 27 28 7912.8 103 5.65049
AE024YC 5 16 7919.6 154 10, 164 9, 173 13, 145 8, 161 6, 121 12, 152 8, 134 7, 142 6, 162 12, 128 13, 150 9, 186 2.51075
YZ807CJ 13 21 7920.8 159 8, 160 8, 122 15, 139 6, 119 7, 84 9, 125 13, 83 13, 125 14, 141 14, 93 2.80645
LJ035PF 5 28 7928.8 149 9, 180 10, 113 8, 140 5, 121 15, 140 12, 179 8, 180 6, 88 15, 132 6, 91 11, 187 12, 168 13, 125 15, 162 7, 169 12, 94 5, 154 14, 114 5, 167 10, 101 6, 92 15, 151 12, 148 7, 85 15, 129 6, 118 14, 172 3.38953
FC219DD 10 15 7931.2 171 10, 150 15, 159 14, 180 2.23333
GN574HN 10 12 7938.7 132 11, 94 1.02128
CP757YG 27 28 7945.8 184 3.16304
AZ686JS 13 20 7948.7 166 7, 185 6, 186 14, 95 15, 149 7, 131 14, 117 11, 125 5.56
WY764ZV 15 27 7949.2 143 10, 140 5, 128 8, 88 8, 141 10, 97 7, 129 14, 115 9, 140 9, 130 6, 150 5, 110 9, 150 6, 89 6, 159 10, 109 9, 175 15, 147 13.2381
ZH052AD 15 17 7958.7 83 15, 145 9.53793
YP398HN 21 28 7960.2 151 13, 119 14, 91 6, 177 8, 141 14, 159 15, 96 9, 177 6.42938
YS132LV 3 23 7969.6 125 12, 158 5, 128 14, 168 8, 85 11, 119 7, 125 7, 188 8, 175 11, 99 10, 104 15, 108 7, 183 14, 106 8, 165 8, 143 6, 103 5, 116 6, 149 9, 162 15, 141 5, 84 6, 178 10, 167 13, 148 1.66216
NF961WG 27 29 7976.5 113 12.0531
LR304SE 3 21 7977.2 133 15, 154 9, 106 7, 126 13, 106 8, 110 5, 154 8, 189 13, 122 8, 175 9, 118 13, 179 10, 154 15, 125 8, 146 10, 172 8, 129 11, 182 12, 167 6, 178 1.34831
CA806BD 7 25 7984.3 174 15, 140 11, 175 8, 91 6, 179 7, 121 11, 154 11, 116 11, 161 10, 135 6, 108 12, 107 8, 141 15, 182 10, 92 5, 131 7, 109 13, 164 12, 180 13, 157 8.47771
DT114FB 10 19 7987.2 164 15, 126 11, 113 9, 162 14, 186 15, 158 7, 169 4.33728
DX124DB 15 27 7991.3 173 9, 110 10, 98 15, 89 14, 122 11, 87 8, 116 14, 167 8, 82 7, 85 15, 84 14, 93 14, 114 14, 178 7, 102 12, 186 8, 110 8.10909
MV122FS 6 21 7995 160 8, 148 9, 157 15, 156 11, 147 14, 96 5, 92 9, 176 15, 134 5, 188 7, 113 8, 146 12, 165 5, 85 10, 110 13, 188 10.3723
DR781GC 23 25 8000.5 82 8, 112 8, 154 11, 180 5.2
CH941BM 24 25 8002.5 157 13.5287
MS330ZR 22 29 8007.1 108 11, 127 8, 173 11, 134 8, 190 10, 185 10, 91 14, 97 5, 158 7.46835
GS733WJ 12 20 8016 141 9, 164 8, 97 10, 172 12, 167 11, 162 5, 94 10, 88 5, 81 13, 81 8, 89 6, 104 5.79808
WF849KE 12 29 8019.5 132 15, 128 10, 186 8, 145 8, 109 8, 117 5, 145 11, 168 9, 107 5, 162 15, 165 9, 158 5, 100 6, 188 12, 83 7, 131 10, 185 15, 129 12, 97 11, 114 13, 94 2.28723
PS559AE 6 15 8025.4 119 13, 155 5, 120 15, 118 15, 174 8, 158 7, 110 13, 168 14, 123 3.57724
EK218JV 27 28 8030.3 100 5.82
AW100WW 23 25 8037.2 181 8, 148 14, 166 3.98795
PW049RK 22 28 8040.6 173 9, 168 6, 137 5, 185 14, 172 10, 185 9, 145 6, 177 5.61017
JV449DN 26 29 8048.9 161 14, 90 9.35556
PW521BM 20 24 8052.1 140 10, 139 11, 183 7, 150 5, 130 10, 107 9, 106 2.21698
VN942VC 1 12 8056.1 132 13, 158 10, 152 9, 125 8, 121 13, 176 6, 124 11, 105 12, 105 11, 126 15, 187 5, 189 6.98942
LZ768ZP 26 29 8063.5 128 15, 83 5, 187 4.06952
EP014EH 27 28 8066.8 122 4.77049
WW019PC 13 23 8073.2 180 6, 136 6, 143 13, 130 10, 182 5, 91 14, 126 15, 117 12, 150 15, 137 7, 107 7, 176 9, 96 5.05208
JA845AZ 20 24 8076.8 138 5, 141 7, 137 7, 174 6, 184 15, 179 5.68715
AZ823YM 18 23 8079.2 82 12, 134 9, 122 13, 119 6, 106 11, 160 6, 171 10.117
EP277TG 17 19 8080.1 101 6, 158 8, 88 7.65909
TX541MR 13 29 8086.9 97 6, 127 15, 141 12, 82 6, 152 11, 127 12, 127 8, 189 15, 116 11, 171 10, 101 7, 140 5, 90 11, 161 6, 157 11, 86 13, 185 14, 92 15, 110 8, 120 3.86667
ZM149PY 16 17 8092 174 5.41379
KF891JC 23 28 8092.8 104 5, 97 9, 178 5, 95 15, 151 12, 117 11, 179 11.6145
EN307SZ 8 14 8102.2 96 12, 89 7, 121 13, 157 8, 161 13, 136 9, 88 5.64773
DZ308LY 4 8 8107 161 5, 121 11, 182 10, 87 13, 121 14, 104 2.81731
VJ916XZ 6 26 8113.1 148 5, 165 9, 150 9, 138 8, 166 10, 149 7, 124 15, 178 15, 91 15, 186 7, 106 15, 111 5, 172 8, 133 7, 103 13, 143 14, 108 5, 107 9, 88 14, 141 5, 141 8, 117 13, 109 14, 166 12.259
KL263MG 5 7 8115.5 180 6, 189 11, 108 5, 112 2.86607
BB057AP 17 27 8125 123 5, 159 6, 190 11, 105 10, 143 9, 123 13, 186 7, 107 7, 95 6, 95 9, 168 15, 141 8, 190 12, 151 7, 181 2.54144
ZK559LS 6 21 8132.5 103 7, 103 13, 169 13, 97 5, 143 15, 86 15, 177 13, 188 11, 169 6, 113 14, 178 5, 149 5, 138 11, 95 10, 144 11, 152 5, 140 5.69286
DF471DG 21 25 8135.6 174 7, 95 10, 157 14, 184 14, 164 1.86585
ME826GG 3 17 8141.4 143 9, 147 10, 111 5, 130 7, 176 6, 102 6, 110 12, 146 12, 95 6, 128 5, 111 11, 147 8, 124 15, 146 8, 132 8, 154 11, 186 11.9409
TJ722BS 6 25 8150.3 93 6, 119 10, 95 15, 86 10, 105 6, 158 9, 134 12, 84 5, 140 13, 136 5, 120 12, 156 7, 96 15, 92 6, 140 10, 150 8, 102 7, 102 13, 103 13, 94 8, 106 13, 184 14, 189 5, 96 8, 133 12, 166 3.03012
RZ088AP 19 20 8155.1 137 8, 94 9, 167 1.9521
LS178MC 2 16 8156.7 150 14, 186 9, 172 15, 147 7, 159 10, 130 11, 106 14, 155 5, 113 11, 163 13, 163 15, 120 14, 186 10.5753
DX735AL 17 23 8161.1 151 12, 91 7, 137 8, 97 6, 142 6, 184 6, 104 10, 120 6, 168 13, 116 1.59483
SH694PW 28 29 8169.2 140 5.57143
SF696HL 8 24 8174.5 186 5, 183 14, 129 7, 126 13, 160 13, 119 5, 176 15, 184 6, 171 9, 87 9, 131 14, 137 10, 179 8, 163 5, 137 11, 164 14, 171 1.23977
NH827ZC 23 28 8183.1 153 6, 142 14, 170 5, 134 6, 137 14, 175 12, 189 1.62963
SH934XF 15 25 8191.3 146 15, 120 6, 171 10, 155 10, 110 6, 85 9, 129 14, 94 9, 86 13, 112 13, 87 10, 117 8, 171 7, 134 7, 83 3.13253
ST642GF 16 17 8200.2 87 10.8276
BE473FS 8 25 8206.7 101 9, 187 5, 84 5, 114 15, 178 12, 113 6, 134 5, 188 11, 80 10, 95 15, 108 9, 145 8, 181 9, 154 5, 123 11, 105 15, 87 15, 122 13, 161 15, 109 12, 107 5.04673
YW288AD 22 24 8210.8 90 10, 190 8, 139 10, 93 4.83871
LP593LS 8 16 8220.6 163 9, 114 11, 161 6, 130 15, 169 5, 101 11, 117 8, 169 13, 143 2.11189
GN887NT 5 21 8222.1 98 11, 133 12, 148 5, 161 6, 109 14, 171 12, 130 10, 132 11, 106 10, 91 5, 132 15, 165 8, 188 12, 81 8, 124 15, 80 6, 181 12, 94 15, 177 5.71186
PA556HB 13 15 8232 131 10, 154 9, 128 8
TH441ZV 5 20 8237.7 167 6, 119 14, 152 11, 146 11, 125 11, 152 8, 182 11, 182 10, 110 13, 174 8, 132 6, 184 7, 88 6, 101 12, 80 10, 131 9, 139 13, 183 1.31694
AL381MG 3 22 8242.8 93 6, 92 12, 146 8, 167 12, 80 13, 135 15, 185 13, 135 11, 158 14, 162 12, 146 14, 90 6, 92 15, 110 8, 143 7, 101 12, 142 12, 177 14, 135 7, 83 5.40964
SB594PM 7 11 8252.7 145 13, 144 7, 175 15, 163 1.07975
YC890DV 16 24 8257.9 119 15, 86 5, 133 7, 162 12, 140 5, 122 13, 115 11, 183 15, 111 7, 110 9.53636
CW939PD 1 23 8262.6 174 8, 103 12, 164 14, 89 6, 137 6, 150 7, 106 10, 157 6, 166 14, 184 8, 184 5, 120 12, 111 5, 110 7, 171 12, 176 12, 142 8, 157 5, 86 14, 92 12, 177 14, 160 13, 122 6, 113 11, 173 11, 128 3.5625
FF958LW 21 23 8271.4 183 13, 167 4.11377
MY021CM 3 16 8273.8 148 10, 181 6, 123 15, 176 13, 122 14, 146 15, 96 6, 98 15, 97 13, 134 10, 96 12, 168 5, 103 9, 89 13, 96 3.1875
NG479YD 27 29 8281 90 13, 167 1.1497
ST603ZV 5 6 8283.5 127 11, 149 10.5973
XL575DC 15 20 8293 181 8, 104 9, 136 10, 182 13, 112 11.875
RM664AX 13 18 8302.8 117 12, 144 15, 80 9, 152 9, 146 10, 99 6, 148 3.43243
AW631WY 2 8 8310.2 160 9, 86 6, 93 14, 84 13, 101 9, 113 12, 94 5, 123 12, 174 7, 117 11.188
JC553SF 12 14 8312.1 167 6, 93 14, 132 12, 128 1.78125
DB917EE 3 23 8316.8 186 11, 115 13, 177 15, 83 5, 133 14, 163 10, 99 9, 140 15, 120 7, 106 14, 159 8, 163 6, 125 9, 149 10, 140 7, 104 5, 131 12, 103 6, 181 14, 105 13, 156 5, 143 13, 82 3.28049
RV098CV 18 29 8323.8 101 15, 154 9, 150 13, 171 5, 115 8, 165 13, 173 15, 93 5, 159 14, 115 9, 174 9, 148 5, 151 4.06623
ZV486MG 26 29 8332.5 157 8, 182 7, 139 4.07194
BL639FS 24 29 8341.1 112 8, 179 5, 108 8, 161 6, 179 15, 116 11.2241
ZD591PB 25 28 8349.6 189 11, 147 11, 144 7
HF571CS 8 24 8351.3 111 7, 137 7, 177 8, 91 5, 120 11, 151 11, 156 11, 142 15, 172 6, 137 5, 105 13, 84 5, 121 11, 149 8, 104 13, 117 13, 136 10, 120 10, 91 12, 100 12.56
NM626HK 5 29 8354.6 131 14, 156 14, 85 12, 148 11, 118 6, 143 12, 94 13, 149 15, 93 5, 102 14, 104 12, 139 11, 127 5, 118 8, 170 9, 130 9, 86 10, 187 5, 144 7, 190 8, 99 11, 144 5, 135 6, 184 15, 136 10, 98 15, 177 11, 94 7, 188 5, 96 5, 86 0.476744
DB792TJ 7 18 8362.2 89 10, 155 8, 112 6, 163 7, 86 14, 151 6, 108 8, 155 5, 89 6, 90 13, 119 6, 152 10, 157 13, 132 7, 181 8.10497
GH769VF 7 8 8370.2 138 14, 88 3.34091
PT415EF 25 26 8373.9 171 10, 153 4.43137
GR291LF 13 14 8374.7 142 7, 167 10.7904
YE596TV 9 13 8378.5 163 9, 153 13, 109 11.5596
WD368NJ 4 16 8380.9 134 15, 106 6, 141 11, 82 12, 167 12, 189 12, 91 12, 154 9, 85 6, 88 5, 120 6, 101 12, 165 11, 174 8.47126
RC113BA 7 13 8385.2 178 15, 136 13, 150 9, 107 11, 128 6.89844
CY178SC 12 16 8389.3 111 6, 136 14, 115 12, 174 14, 184 1.84783
ZL204HL 9 29 8392.3 169 10, 90 13, 177 13, 102 8, 190 8, 168 14, 124 6, 172 5, 92 8, 100 5, 92 6, 97 8, 100 10, 86 15, 124 13, 128 8, 81 14, 167 15, 127 8, 152 5, 135 8, 126 12, 164 7, 188 9, 141 8.17021
DK737EC 18 20 8396.7 172 6, 170 11.2588
RM519DF 6 12 8399.2 183 10, 94 12, 96 13, 127 15, 144 7, 93 4.87097
MX777BM 14 23 8403.3 175 6, 100 13, 128 6, 136 9, 151 5, 189 14, 158 5, 142 15, 93 13, 182 8, 86 5.06977
DG375KN 14 25 8405.1 91 14, 100 5, 147 7, 141 7, 125 7, 175 7, 140 14, 177 5, 179 6, 143 14, 182 8, 188 10, 156 10, 185 6.6973
JP477XC 17 22 8409.4 113 7, 186 15, 127 9, 176 9, 97 8, 166 5.57831
FY237CV 24 29 8411.4 122 6, 118 7, 162 14, 175 14, 156 7, 116 2.06897
CA461VS 18 21 8419.4 108 10, 110 12, 80 7, 90 5, 148 11, 113 2.14159
AY811KH 25 29 8428.7 118 6, 188 7, 185 7, 105 15, 152 3.88158
PA238ZR 16 23 8432.8 143 6, 145 10, 181 15, 127 7, 174 15, 142 14, 90 7.15556
ZB811HF 28 29 8437.6 186 4.19355
ZX241ZR 26 27 8440 124 13.9839
RF986DJ 18 20 8442.5 156 15, 87 5, 114 1.5
XN341SJ 15 20 8451.9 103 8, 162 15, 107 10, 112 11, 145 12.9931
WF920YM 12 28 8456.8 158 5, 163 8, 95 14, 182 7, 189 10, 168 13, 93 11, 155 14, 96 12, 119 7, 190 5, 178 9, 109 7, 132 6, 143 14, 120 14, 111 5, 130 13, 115 6, 133 11, 110 5.71818
KA215KV 25 28 8463.1 166 13, 131 7, 167 9.75449
MW599CR 27 28 8472.6 145 4.01379
JH299SY 22 28 8480.7 99 15, 134 13, 159 10, 189 9, 168 8, 181 14, 141 4.9078
XV577ZN 5 7 8490.3 165 15, 87 15, 175 1.37143
EJ828MA 16 18 8499.3 147 10, 103 11, 129 1.58915
LG667SN 27 28 8503.8 82 6, 182 0.494505
XP006CK 2 6 8505.1 124 15, 121 6, 137 15, 117 10, 83 8, 119 8, 153 2.55556
FM737FK 10 14 8514.4 149 15, 141 12, 99 14, 116 3.02586
YL429EP 16 29 8516.2 122 7, 163 6, 189 7, 89 10, 109 10, 156 8, 88 8, 177 15, 155 10, 88 7, 171 12, 118 13, 89 9, 117 13, 130 14, 121 9, 118 0.805085
ZS569XM 3 12 8521.4 92 12, 103 7, 171 6, 181 7, 173 14, 177 14, 131 9, 128 8, 80 5, 82 14, 150 0.873333
RK038KZ 28 29 8527.3 160 4.875
NE505NW 17 18 8530.6 150 10, 169 2.16568
NS844SV 3 7 8531.4 92 8, 170 14, 167 9, 128 10, 80 5.9125
FL104WR 22 27 8534.4 135 6, 114 13, 126 13, 147 5, 134 8, 112 5, 103 12, 118 5, 171 10, 188 3.57979
ZG165VE 10 13 8535.4 137 7, 102 11, 95 8.28421
ZT333JN 14 16 8544.8 102 7, 156 7, 137 5.86861
EP403ED 4 25 8552.5 84 15, 85 6, 100 13, 121 11, 107 6, 85 10, 151 12, 175 9, 146 9, 135 5, 173 11, 126 14, 85 7, 175 10, 130 15, 122 14, 81 15, 122 15, 185 9, 148 7, 135 10, 149 8, 84 15, 131 8, 145 12, 128 1.27344
TS711DR 27 29 8562.2 154 8.84416
EY856DV 14 22 8572 89 11, 155 13, 135 6, 90 13, 110 8, 96 9, 103 12, 143 6, 160 10, 102 11.2745
TC528YZ 3 18 8581.8 142 10, 172 15, 145 5, 87 6, 146 13, 80 9, 84 10, 137 10, 97 13, 188 13, 102 11, 142 11, 136 14, 112 6, 185 15, 133 4.65414
AW280CF 1 4 8584 133 8, 182 5, 179 11, 156 5.76282
BE638LP 12 21 8593.8 181 10, 131 7, 136 10, 182 14, 161 15, 145 12, 124 14, 96 5, 138 9, 168 3.36905
EF560JY 12 22 8599.6 91 15, 133 6, 167 14, 103 15, 145 7, 115 9, 150 5, 85 10, 179 12, 166 7, 110 14, 153 7.39869
YL137ZH 4 6 8602.3 136 13, 95 6, 110 6, 124 6.5
RV810DS 8 17 8611.6 147 14, 126 7, 80 15, 114 9, 91 6, 149 15, 129 8, 177 15, 101 3.32673
XX881NS 27 28 8614.8 175 3.32571
KG467NE 24 25 8623 96 12, 166 5.85542
RW155YR 6 22 8624.2 156 10, 140 14, 189 15, 100 8, 150 11, 117 13, 105 15, 156 12, 161 7, 104 14, 84 9, 143 12, 106 6, 164 14, 137 10, 109 1.10092
JB699BL 16 27 8629.5 148 13, 96 5, 107 8, 171 9, 103 6, 127 7, 124 6, 182 9, 102 15, 153 7, 142 8, 85 11, 174 13, 142 15, 168 7, 112 4.73214
ZJ765JB 22 25 8635.2 119 12, 163 11, 114 6, 168 14, 80 1.5875
HL536EB 19 28 8643.6 126 10, 163 8, 163 8, 178 15, 185 15, 159 5, 177 15, 110 13, 101 7, 120 9, 98 5.85714
FR597ZD 20 21 8653.6 109 15, 86 8.12791
TP900EL 18 24 8659.4 84 12, 168 12, 96 13, 166 6, 122 8, 186 5, 88 11, 85 12, 115 9, 189 1.09524
ZB864EL 13 16 8660.5 126 15, 117 11, 144 7, 151 8, 111 0.117117
VS678HK 6 20 8669.7 141 13, 148 13, 183 6, 163 13, 145 11, 158 5, 153 14, 134 8, 126 15, 94 10, 144 9, 115 10, 169 6, 88 11, 104 2.125
BF450EF 4 17 8672 188 11, 142 15, 162 11, 106 15, 149 11, 139 7, 164 13, 147 8, 175 15, 106 12, 121 13.6942
CA796SF 13 24 8673.3 156 12, 136 12, 84 8, 119 15, 114 5, 81 7, 163 7, 145 15, 113 13, 114 15, 147 9, 151 14, 92 8, 170 5.01176
PK253JY 9 23 8680.1 106 7, 105 14, 116 15, 160 14, 177 12, 184 15, 98 8, 130 7, 107 14, 122 15, 106 12, 92 5, 102 11, 178 13, 179 0.0558659
CN072WA 9 19 8687.9 113 10, 171 7, 115 14, 127 12, 90 13, 112 10, 138 9, 160 13, 108 9, 127 8, 120 4.55833
ES899AZ 16 23 8690.5 180 14, 189 11, 155 14, 90 6, 86 10, 97 12, 89 11, 89 9.46067
XJ845TH 14 27 8695.2 96 12, 103 6, 170 13, 142 7, 161 6, 149 15, 152 14, 147 6, 93 11, 144 7, 184 15, 152 7, 91 13, 185 6, 146 10, 167 7.63473
HS504CG 22 25 8696.7 138 13, 179 8, 130 6, 139 15, 114 2.57018
DM494EZ 13 27 8705 133 10, 161 10, 179 6, 189 7, 155 14, 102 12, 166 9, 88 11, 117 5, 147 13, 187 11, 103 10, 116 7, 177 14, 142 12, 150 7, 84 14, 134 6.47761
LB218MA 10 20 8708.5 130 15, 103 13, 162 11, 136 9, 174 7, 107 7, 138 8, 126 9, 159 14, 82 12, 108 2.94444
PB648WM 23 28 8718.1 136 12, 130 7, 145 12, 177 12, 190 7, 115 9, 175 0.657143
WM154JC 8 19 8725.2 133 14, 159 9, 188 10, 136 15, 142 13, 109 12, 168 8, 131 11, 115 8, 121 3.65289
DX036FK 2 16 8728.1 84 11, 162 7, 180 8, 139 13, 116 13, 117 12, 158 13, 175 10, 89 7, 93 11, 148 9, 134 8, 149 8, 121 9, 123 10, 130 7, 186 8.73118
YF233VB 2 12 8737.3 101 14, 135 12, 98 7, 159 6, 119 15, 158 6, 128 13, 140 10, 133 6, 82 12, 88 5, 148 9, 128 10.6641
SP205NK 27 29 8742.1 165 6, 151 2.46358
SV309RX 21 22 8748.3 170 5.08235
BX828ZZ 25 26 8754.7 80 11, 97 12, 135 2.54815
BX685JD 12 27 8761.1 133 14, 94 10, 179 12, 121 5, 89 7, 85 9, 142 7, 127 5, 187 11, 107 13, 147 5, 183 6, 147 11, 167 10, 104 11, 104 12, 138 6, 140 9, 100 15, 102 15, 172 8.9186
BR790PK 2 12 8771 125 7, 92 12, 109 12, 184 5, 141 7, 153 10, 143 10, 130 6, 146 13, 175 13, 111 13, 176 4.77273
RJ295LG 21 29 8774.5 115 7, 109 7, 154 9, 152 12, 91 9, 170 8, 106 5, 89 15, 136 7, 80 13, 185 10.3676
BD724AW 2 15 8778.7 94 12, 179 7, 99 5, 127 10, 173 11, 113 5, 160 7, 105 6, 165 6, 121 9, 188 11, 152 14, 116 10, 183 5, 106 8, 148 15, 96 6, 106 0.679245
HJ665TV 2 25 8780.8 106 8, 131 11, 167 9, 190 13, 111 9, 100 7, 120 8, 161 5, 169 11, 148 12, 150 6, 178 5, 83 10, 139 11, 143 11, 190 11, 161 13, 105 6, 156 8, 113 7, 173 9, 176 7, 110 14, 140 5, 182 9, 146 13, 190 10, 152 6.92105
DN026XG 10 21 8788.3 94 7, 115 15, 98 12, 171 10, 188 14, 132 9, 143 5, 140 10, 165 8, 137 14, 92 6, 148 9.24324
WH596ZG 14 15 8789.4 187 4.94118
XM821TR 24 27 8797.2 152 9, 105 5, 122 5, 189 14, 178 6.16292
WA574LE 3 11 8803.5 118 14, 120 7, 148 12, 134 5, 179 11, 81 5, 131 7, 162 15, 124 11, 107 0.401869
DW443SC 21 24 8806.3 107 13, 187 8, 125 7, 121 9, 188 1.45213
KA796HP 17 28 8815.8 111 9, 136 12, 107 13, 142 15, 190 10, 82 8, 98 7, 170 13, 111 11, 85 9, 130 8, 105 12, 83 10, 101 8, 162 9.69136
AY705DS 8 29 8822.2 166 9, 127 7, 99 9, 151 15, 147 9, 153 13, 149 11, 113 8, 125 14, 86 5, 105 11, 145 6, 163 7, 96 9, 103 11, 181 15, 143 15, 168 11, 134 6, 153 6, 173 13, 177 13, 169 0.775148
BX801CT 3 21 8827.9 134 15, 133 9, 114 6, 159 13, 83 9, 188 11, 188 11, 93 14, 130 7, 189 10, 119 14, 113 8, 168 15, 145 10, 118 11, 136 13, 80 9, 133 7, 143 6, 110 5.96364
LF962CL 10 23 8833.1 133 7, 109 15, 148 15, 124 10, 97 11, 93 9, 132 8, 80 6, 120 15, 143 6, 158 15, 187 15, 124 12, 92 6.96739
CL360TE 2 29 8836.7 181 5, 171 6, 167 11, 82 10, 129 12, 122 5, 96 7, 97 9, 136 7, 149 9, 123 12, 137 9, 113 11, 82 12, 166 10, 130 15, 133 9, 149 6, 111 14, 189 12, 131 14, 190 14, 117 7, 146 6, 108 13, 103 6, 110 9, 88 7, 157 12, 148 10, 176 7, 139 8, 157 15, 123 0.105691
RB670HF 19 28 8838.1 172 15, 189 11, 181 10, 160 12, 101 9, 171 12, 178 12, 176 13, 123 6.34146
WE583CM 7 9 8847 173 12, 82 11, 113 1.36283
FV482NR 2 21 8856.5 154 14, 135 6, 98 11, 92 13, 135 7, 124 14, 130 10, 181 13, 163 7, 117 5, 127 13, 186 14, 127 10, 142 11, 85 13, 148 9, 149 7, 154 11, 104 9, 124 13, 107 6, 171 8.49708
KD725DR 6 29 8858.7 90 13, 175 9, 148 14, 126 10, 125 8, 151 10, 141 13, 116 9, 137 7, 144 11, 115 14, 108 15, 186 9, 141 6, 146 9, 147 10, 109 13, 132 12, 100 11, 81 8, 100 5, 83 13, 183 8, 160 13, 186 10, 151 5.59603
JK616HW 3 8 8865.2 133 5, 98 6, 140 7, 186 7, 137 12, 132 8, 159 13, 167 1.77246
RS915HB 26 27 8866.9 106 7, 103 9.63107
GF059YA 18 25 8872.7 172 10, 127 13, 152 9, 120 5, 181 15, 124 8, 189 7, 106 10, 179 6.13966
RH588GW 9 25 8877.8 134 13, 175 15, 134 14, 83 11, 105 8, 136 12, 130 6, 138 12, 137 10, 161 13, 86 15, 95 8, 187 7, 172 5, 119 14, 138 10, 174 14, 135 1.7037
WB575DW 23 24 8885.5 154 11, 158 2.3038
SP089WZ 25 28 8892 151 14, 157 14, 82 4.78049
FH746BW 2 29 8899.2 169 11, 107 11, 82 5, 188 8, 95 12, 176 8, 93 7, 132 15, 157 11, 125 15, 127 8, 186 10, 105 12, 170 5, 107 6, 90 5, 113 6, 116 6, 124 12, 99 9, 89 13, 87 8, 105 6, 180 11, 168 12, 133 9, 176 11, 175 8, 177 10, 129 15, 117 15, 188 7, 176 8, 189 0.941799
ZK049FM 10 28 8905.7 187 13, 171 13, 107 13, 126 8, 162 6, 157 14, 121 5, 142 13, 87 13, 135 6, 139 9, 136 8, 126 13, 179 11, 95 5, 86 12, 173 11, 93 7, 126 10, 95 5, 116 14, 143 2.32867
AJ167AG 18 19 8910.1 124 5.46774
ER772WT 20 26 8912.6 150 11, 94 7, 162 15, 115 5, 147 10, 83 5, 144 9, 162 5, 141 13, 175 4.76
SL401TW 16 28 8915 139 15, 116 8, 164 14, 141 9, 155 15, 94 11, 135 5, 115 8, 125 13, 161 11, 97 9, 181 9, 111 7, 136 10, 187 2.52941
XE050MH 3 11 8920.1 188 7, 135 11, 182 15, 110 9, 132 6, 154 14, 83 15, 107 5, 124 6, 166 0.439759
RX499EZ 21 29 8927.1 106 15, 80 5, 90 7, 115 14, 112 6, 147 11, 138 11, 158 9, 117 12, 152 10, 97 3.59794
ZA688CR 20 25 8931.1 90 10, 102 8, 137 6, 140 6, 82 5, 143 6, 151 9, 84 12, 157 10, 134 7.45522
VR921SR 26 29 8932.1 157 8, 115 11, 168 3.42262
VN303LT 18 22 8935.8 136 14, 156 6, 164 7, 90 9, 119 11.3109
DG340VA 26 27 8945.1 87 15, 126 3.40476
FC864JF 13 24 8949.6 108 12, 97 14, 99 8, 123 13, 80 5, 155 5, 158 14, 170 9, 135 10, 137 14, 104 11, 176 13, 130 14, 102 1.33333
BC547EG 12 17 8953.4 177 15, 173 13, 108 9, 156 11.4872
FD293ZK 23 25 8961.8 138 15, 82 13, 91 11.4945
HC599TP 26 28 8967.8 90 7, 161 9, 163 1.45399
FZ638YX 25 26 8971.6 122 13, 88 5, 131 2.76336
HR367CN 28 29 8973.2 108 5, 122 1.96721
XD965XZ 5 23 8982.1 177 14, 127 13, 107 12, 146 12, 99 15, 92 12, 141 10, 152 6, 146 5, 174 12, 179 10, 139 11, 128 13, 86 5, 113 8, 160 13, 82 7, 113 6, 129 8, 149 12, 102 10.4412
GP606JG 22 28 8984.1 102 7, 162 8, 178 10, 183 9, 121 5, 147 12, 113 14, 108 6, 101 7, 92 3.75
KT711LC 24 27 8989.8 161 6, 104 7, 143 10, 84 6, 134 11, 160 7.15
RG900ND 12 22 8997.3 146 14, 148 9, 170 5, 100 10, 146 14, 190 15, 117 13, 94 7, 190 14, 190 3.78421
LZ087VG 6 15 9004.8 175 5, 118 8, 166 12, 88 6, 120 7, 104 14, 82 7, 94 11, 162 10, 87 6, 180 12.3722
LM680DP 14 21 9008.6 165 8, 105 8, 138 6, 119 5, 114 6, 114 5, 153 8, 82 10, 97 10, 190 13, 185 2.03784
YK456MX 12 23 9010.6 151 12, 102 10, 156 12, 122 9, 151 11, 83 5, 166 10, 131 11, 163 15, 164 12, 105 10, 176 8.17045
JP104YG 24 29 9015.8 86 11, 112 12, 138 9, 125 5, 164 9, 178 7, 91 6, 182 1.00549
BR573TW 17 18 9024 103 15, 164 1.95732
JP611PG 2 23 9030.6 181 14, 89 10, 150 9, 89 8, 124 12, 145 11, 186 10, 179 10, 123 5, 91 13, 154 5, 124 11, 84 15, 161 5, 115 5, 94 12, 138 9, 139 13, 146 9, 91 14, 182 14, 129 8, 187 9, 147 11, 167 4.99401
WY621BT 4 21 9036.4 124 14, 158 10, 177 9, 147 5, 157 5, 174 11, 169 7, 180 7, 119 11, 87 14, 91 14, 139 12, 88 13, 181 7, 162 14, 131 5, 158 15, 93 5, 85 7, 111 10.5495
BD475KD 10 18 9037.3 139 8, 85 10, 132 11, 115 14, 130 8, 121 6, 188 9, 90 8, 164 11, 117 0.649573
TV016RG 5 26 9043.3 163 11, 157 8, 94 11, 100 5, 144 5, 133 5, 136 11, 158 12, 132 10, 147 9, 180 9, 80 15, 98 9, 118 6, 136 13, 100 8, 190 8, 107 15, 181 11, 84 7, 156 9, 154 10, 179 12, 86 10, 168 7, 91 9, 135 12, 120 6.21667
AE208HX 20 25 9050.5 182 7, 165 13, 82 11, 180 10, 136 15, 181 7.85083
BB458JC 23 28 9053.5 91 10, 122 12, 151 7, 106 11, 154 7, 179 6, 179 11.9385
JL092XB 25 28 9061.2 136 9, 120 9, 142 11, 140 5.98571
KJ106CH 25 29 9067.3 92 13, 160 15, 169 10, 99 2
RK645XS 17 23 9069.1 89 10, 128 12, 124 11, 172 6, 127 12, 160 13, 136 11, 168 1.72619
TD329PB 13 27 9071.4 182 8, 81 7, 102 12, 139 11, 81 11, 108 5, 130 15, 135 13, 173 13, 166 11, 123 8, 136 7, 137 11, 140 7, 132 11, 172 6, 115 10, 159 5, 102 7, 104 5, 133 5.94737
NG473VT 24 26 9080.6 161 15, 151 11, 96 4.54167
JZ312EG 18 23 9081.7 175 15, 107 10, 107 9, 128 6, 165 5, 93 5, 180 6, 169 3.25444
VG790RF 16 26 9090 155 8, 104 15, 174 5, 101 13, 184 7, 144 5, 187 8, 162 7, 161 11, 172 7, 189 8, 84 10, 128 8, 148 11.8378
KG460WX 19 23 9093.7 167 9, 88 11, 94 10, 158 6, 155 6, 154 14, 151 1.47682
NV125LR 19 22 9097.7 125 10, 99 8, 139 10, 177 8, 136 4.54412
HT308BS 16 28 9098.4 179 6, 100 5, 173 12, 142 5, 178 15, 185 5, 176 11, 105 7, 112 12, 179 12, 81 12, 85 12, 136 6, 110 8, 89 13, 127 8, 188 0.324468
BZ579XE 27 28 9099.7 125 4.656
TT273WE 4 5 9103.7 81 10.2222
RC799FA 4 21 9109.9 180 15, 119 6, 160 12, 140 10, 169 8, 153 6, 150 6, 189 10, 190 14, 164 6, 131 7, 124 11, 155 6, 126 8, 171 9, 136 11, 189 5, 181 7, 127 10.126
GL573PZ 26 29 9111.8 184 11, 149 7.19463
ZD741WV 9 12 9113.2 95 10, 143 14, 91 4.87912
XT850FC 17 20 9121 166 8, 188 12, 172 7.13953
LH630SH 6 21 9129.6 111 11, 116 8, 109 15, 92 8, 134 13, 180 6, 82 13, 165 8, 188 13, 183 11, 138 7, 156 5, 162 12, 129 15, 186 9, 147 6.13605
JC346WY 4 11 9131.4 126 14, 104 13, 146 13, 176 10, 124 6, 109 15, 145 9.57931
TA992NE 12 18 9135 172 5, 89 11, 97 15, 142 14, 120 9, 119 14, 96 6, 127 7.32283
VS503AH 12 21 9139.3 105 14, 80 15, 137 14, 88 10, 117 6, 144 12, 128 6, 153 12, 128 12, 131 9, 82 11, 138 5.03623
HG366JJ 28 29 9140.6 127 6.14173
WJ848VJ 19 26 9149.6 107 15, 94 10, 151 6, 111 9, 160 9, 188 9, 164 10, 110 14, 122 14, 148 10, 123 2.34146
PT146HS 9 16 9157.3 153 7, 107 6, 124 5, 171 6, 121 9, 128 9, 109 8, 104 5, 83 7, 175 5, 182 9.1978
EK420DL 6 21 9163.3 138 14, 158 8, 110 11, 183 14, 148 9, 140 15, 145 15, 190 15, 146 9, 163 12, 110 14, 97 13, 94 9.46809
AC579HE 23 26 9168.6 171 14, 131 5, 147 5, 169 5, 163 8, 187 3.40642
NK847XG 1 18 9173.4 135 7, 152 5, 148 12, 102 7, 108 10, 131 6, 185 8, 163 8, 119 11, 148 6, 100 14, 99 13, 158 12, 146 5, 159 6, 99 8, 180 6, 91 8, 83 10, 182 5, 128 9, 144 6, 116 11, 131 6.19084
TZ151XG 7 22 9178.3 122 13, 170 10, 87 8, 113 7, 166 9, 96 10, 177 7, 138 12, 149 5, 184 14, 144 14, 103 10, 116 14, 179 7, 102 11, 139 12.3597
BX326NX 14 28 9183.4 173 10, 166 7, 116 10, 87 14, 123 10, 190 12, 137 6, 80 7, 184 11, 89 6, 153 14, 101 9, 113 11, 168 5, 161 11, 159 5, 149 12, 96 4.60417
XZ435VB 13 23 9192.8 102 5, 183 15, 145 7, 179 6, 167 11, 182 9, 148 8, 105 9, 107 9, 171 7, 164 5, 172 11, 181 4.0884
GY161JK 5 16 9201.7 81 13, 139 11, 175 6, 106 9, 187 14, 88 11, 80 12, 189 14, 147 10, 88 15, 188 14.3936
NM823JV 8 22 9206.9 149 11, 86 6, 178 11, 116 12, 92 13, 188 5, 112 14, 91 7, 133 6, 181 5, 139 5, 128 15, 173 8, 131 9, 124 6, 96 10, 166 9.33133
GW521FW 22 28 9211.9 106 11, 120 7, 173 7, 110 13, 168 12, 134 13, 139 7, 161 10.6211
PT315VW 24 26 9218.9 108 11, 92 9, 153 5, 147 5, 81 6, 139 3.66906
FB943TY 15 19 9221.6 167 12, 119 10, 89 6, 109 6, 94 8.40426
RJ011ME 17 22 9228.9 107 8, 125 6, 176 12, 183 14, 149 11, 174 0.522989
EF219MR 28 29 9236.7 167 4.67066
EL173ZW 23 26 9240.1 101 5, 101 10, 90 5, 182 6, 136 8, 116 6, 108 7, 84 8, 149 2.02013
KK023ZY 27 28 9246.4 89 6.53933
NJ351CF 10 25 9248.3 109 13, 126 14, 171 7, 187 13, 130 13, 117 11, 145 14, 83 12, 131 9, 118 15, 84 9, 146 5, 181 14, 110 14, 157 13, 110 2.25455
SR523TC 13 23 9249.7 184 15, 85 13, 97 13, 174 14, 155 5, 134 9, 101 6, 102 9, 111 11, 85 10, 102 7, 142 10, 91 14.1538
DD909ST 26 29 9257.4 172 9, 190 6, 92 4.43478
VT742HT 5 23 9261.9 122 6, 114 9, 138 5, 160 5, 126 9, 106 7, 124 13, 106 6, 92 12, 149 13, 188 11, 107 15, 158 8, 142 15, 86 10, 154 13, 80 13, 164 15, 121 12, 154 6, 130 6, 117 6, 106 6.86792
SF878PR 24 27 9264 117 10, 93 5, 172 11, 167 13, 133 4.1203
WV593YL 15 21 9265.5 175 6, 119 15, 99 9, 99 15, 109 15, 111 5, 188 12.6223
PA924BB 6 28 9270.9 156 14, 107 15, 165 7, 86 14, 168 10, 138 9, 106 9, 87 6, 110 5, 149 13, 141 9, 93 11, 141 10, 173 7, 146 11, 161 7, 142 13, 127 7, 88 9, 179 8, 106 9, 157 6, 179 7, 190 15, 136 11, 160 7.53125
SR920JL 3 10 9273.9 113 13, 181 9, 170 9, 125 14, 120 15, 165 15, 179 3.90503
WV885CH 18 26 9278.5 190 8, 101 9, 139 9, 147 13, 107 11, 136 7, 120 13, 150 14, 186 8, 129 10, 141 5.37589
AZ585SA 6 21 9285.5 123 5, 136 15, 146 15, 94 13, 107 12, 160 5, 105 6, 153 13, 184 11, 157 13, 97 13, 143 5, 132 13, 126 6, 161 5, 136 15, 134 1.92537
AD998LR 7 17 9288.1 125 6, 190 15, 173 15, 148 10, 145 12, 89 8, 92 15, 119 5, 165 8, 113 6, 150 0.64
TC595VY 19 26 9290.4 160 5, 81 9, 82 5, 157 7, 190 13, 109 13, 114 12, 130 11, 108 8, 171 9, 145 12, 181 2.05525
KK564MB 28 29 9296.5 176 4.43182
RY768JX 10 23 9298.3 158 14, 151 15, 98 9, 136 10, 85 7, 98 9, 100 6, 186 12, 146 9, 181 14, 165 12, 177 14, 178 0.52809
VC466JD 6 27 9303.5 105 13, 171 12, 84 8, 159 12, 163 12, 134 7, 127 11, 163 6, 94 12, 142 10, 115 7, 186 13, 107 15, 128 7, 157 13, 109 14, 97 7, 141 7, 121 11, 175 7, 82 15, 161 8, 101 15, 173 11, 170 2.9
ML152LH 10 16 9307.5 139 15, 159 5, 137 8, 98 8, 164 13, 149 9.27517
HY327AM 18 23 9310 158 6, 156 5, 108 13, 84 7, 175 11, 180 11, 118 6.11017
RT276EE 6 8 9315.5 87 12, 107 5, 117 12, 108 2.65741
MY719RN 21 24 9322.2 136 7, 181 13, 155 11.7355
SV482GW 17 19 9325.9 142 9, 158 8, 83 0.0240964
NN012FS 17 27 9329.7 156 11, 106 11, 94 15, 190 13, 104 5, 168 10, 95 5, 120 8, 108 12, 150 7, 166 8, 149 5, 165 14, 100 7, 88 7.84091
NB665DA 26 27 9333.5 112 6, 91 8, 83 4.0241
LS770YJ 22 27 9336.5 153 8, 178 10, 162 9, 169 15, 127 10, 88 8, 136 8, 137 3.26277
VM409VW 1 27 9343.3 121 13, 179 5, 116 13, 93 14, 164 15, 113 12, 173 5, 166 6, 92 12, 170 6, 145 10, 118 9, 129 12, 108 11, 133 15, 190 14, 161 6, 88 10, 117 12, 92 12, 123 5, 118 13, 139 5, 134 11, 166 14, 123 5, 106 5, 88 11, 154 6, 96 15, 176 5, 118 5, 165 9, 89 11.1461
NK964RJ 19 25 9350.2 81 7, 166 7, 122 8, 182 6, 111 6, 134 11, 160 6, 174 9, 132 15, 172 8.18023
PS886VV 11 28 9359.8 92 11, 129 10, 111 6, 189 6, 160 10, 180 9, 100 15, 158 9, 113 15, 122 8, 155 10, 151 15, 121 11, 134 8, 170 13, 162 12, 143 12, 178 13, 176 1.60795
BG291SY 21 23 9368.7 185 12, 89 9.50562
LE195NA 24 27 9371.8 103 9, 173 11, 132 10, 95 6, 134 6, 162 4.45679
LJ640DH 17 19 9379.4 182 6, 109 7, 150 4.59333
RC329CY 25 26 9385.8 159 8, 135 8.26667
DJ174HM 18 24 9392.2 179 15, 143 7, 163 7, 114 11, 161 9, 82 7, 141 5, 150 6, 93 7.47312
LL749LM 25 29 9397.7 117 10, 186 6, 188 13, 138 5.46377
NX203NB 1 7 9400.2 117 12, 100 6, 151 7, 149 14, 138 12, 189 5, 92 11, 171 5.4386
MT431YD 17 21 9404.1 114 7, 156 10, 134 7, 169 13, 144 10, 166 1.28313
ZW571RR 14 29 9412.5 124 8, 88 13, 116 15, 158 13, 180 8, 134 13, 81 8, 158 6, 111 9, 187 9, 190 6, 124 15, 144 9, 130 15, 126 12, 113 11, 167 5, 105 1.94286
GR936XZ 21 27 9417.8 99 14, 85 13, 126 8, 172 12, 146 6, 156 5, 155 6, 104 8, 186 6, 109 11, 81 0.91358
CH540VD 20 25 9424.1 165 9, 103 13, 174 6, 90 10, 104 10, 187 5, 136 9, 141 9, 86 4.02326
VC630EB 10 20 9425.7 149 5, 101 8, 163 11, 177 14, 190 8, 143 8, 156 6, 120 13, 183 14, 139 3.46763
JB844PE 17 24 9430.6 120 6, 100 14, 160 9, 85 7, 82 10, 171 9, 89 5, 109 13, 105 11, 187 11, 89 7, 182 0.324176
RS267JM 6 14 9433.5 102 6, 102 15, 166 8, 102 8, 179 15, 113 15, 130 11, 163 9.76687
JX662LP 9 16 9438.5 110 13, 98 5, 141 8, 149 12, 82 11, 133 10, 150 8, 83 12, 134 6.40299
EZ883RS 21 22 9440.9 166 5.20482
DC763GM 10 19 9446.7 120 9, 165 12, 117 13, 88 13, 165 15, 158 7, 81 10, 152 10.8158
GW171KK 2 18 9449.9 101 11, 110 13, 169 6, 85 10, 83 9, 186 13, 155 5, 153 8, 87 13, 150 7, 144 11, 181 14, 187 15, 112 5, 170 11, 149 13, 190 9.91579
FT415YR 22 23 9452.6 114 10, 136 7.80882
RB874VN 21 27 9453.1 129 7, 174 5, 112 12, 165 14, 142 5, 109 15, 91 12, 149 12, 134 5.35821
PA774MK 10 12 9463.1 142 10.9014
PP097JH 7 15 9463.8 145 13, 154 14, 84 9, 134 10, 150 13, 166 6, 84 11, 103 5, 98 8, 168 1.55952
EB046CT 25 28 9466.2 99 8, 90 7, 93 5, 87 5, 81 11, 141 10.5745
CX837BD 10 29 9467.7 141 7, 82 14, 94 7, 147 10, 176 12, 160 13, 156 13, 95 14, 160 15, 159 11, 82 7, 84 11, 92 6, 87 13, 100 13, 99 13, 141 11, 110 12, 174 10, 188 9, 114 9.30702
HS253PL 22 25 9470.5 150 15, 126 7, 99 10, 157 6, 92 14.3478
KF761VS 28 29 9478.4 81 7, 183 1.16393
JV156KT 19 29 9479.4 109 5, 173 11, 144 8, 179 5, 94 5, 156 12, 132 5, 108 9, 89 6, 157 8, 174 14, 91 9, 156 14, 149 6, 120 6, 87 0.252874
MC699LR 14 17 9483.7 87 7, 104 11, 130 13, 162 0.67284
KW729EE 17 23 9492.2 188 13, 101 12, 105 7, 122 11, 141 13, 176 13, 87 4.11494
FN308WL 16 20 9495.4 93 8, 135 6, 85 7, 101 8, 103 12, 95 7, 95 5, 99 4.25253
DK806HZ 25 27 9497.8 153 11, 85 9, 160 10.4625
KB349SE 16 18 9499.5 102 9, 179 10, 174 0.574713
ZC768NE 5 27 9506.1 93 8, 142 14, 121 12, 101 6, 141 12, 110 6, 190 10, 150 5, 186 14, 111 5, 84 5, 190 12, 130 9, 173 15, 183 11, 118 7, 92 10, 168 14, 164 9, 105 10, 100 15, 87 14, 114 9, 176 7, 121 5, 85 10, 100 7, 83 12, 148 3.72973
WR114GW 24 27 9507.8 162 15, 167 8, 161 10, 114 5, 92 3.26087
BZ324MD 26 29 9512.5 142 14, 86 5, 185 3.66486
MM295JS 1 22 9519.9 127 6, 186 12, 103 6, 163 13, 102 7, 174 9, 159 13, 184 11, 136 5, 123 7, 91 14, 111 15, 145 7, 120 11, 179 14, 98 15, 158 14, 151 6, 106 14, 101 13, 91 12, 99 15, 138 3.7029
FS875CA 23 27 9528.4 166 12, 138 5, 139 13, 183 9, 128 14, 144 2.61111
MY765XV 4 26 9534.6 133 7, 157 11, 132 7, 133 5, 127 13, 132 12, 139 9, 133 14, 174 14, 137 5, 82 14, 105 12, 104 5, 83 8, 86 6, 83 11, 85 5, 181 11, 138 14, 130 9, 86 7, 124 8, 173 7, 140 9, 110 5, 109 11, 107 10, 190 14, 140 12, 113 3.0708
HH598AF 9 27 9544.6 149 14, 151 11, 90 14, 87 5, 161 5, 138 11, 171 5, 119 9, 102 5, 124 6, 118 10, 177 14, 103 15, 164 7, 178 6, 171 13, 160 15, 103 5, 113 5, 111 12, 89 11, 169 9, 98 5, 132 9.02273
GB227VJ 22 24 9550.3 174 15, 142 11, 116 0.758621
TR646SM 22 26 9551.4 135 14, 178 9, 187 7, 171 10, 90 14, 141 7, 167 0.0838323
DR906NE 26 29 9554.9 88 5, 89 15, 161 8.20497
ZN123MH 21 26 9561.3 108 8, 95 9, 184 9, 131 5, 177 9, 120 12, 95 5, 181 7, 94 8.84043
PE578GP 27 29 9566.4 187 7.28342
VL771WR 27 28 9576.1 135 4.31111
KC361PB 3 16 9582.3 129 9, 109 5, 172 14, 173 11, 160 12, 101 6, 129 13, 137 5, 94 8, 165 6, 93 10, 133 7, 135 6, 172 10, 133 7, 115 9, 101 6.15842
LX664RY 10 25 9587.2 187 14, 88 10, 98 12, 118 15, 115 11, 147 12, 172 8, 117 11, 111 15, 116 10, 179 5, 187 11, 181 13, 160 11, 121 13.0909
JG256EP 12 22 9590 98 12, 177 9, 149 8, 127 12, 89 10, 157 13, 190 6, 119 5, 133 14, 124 11, 107 8, 168 8.60119
ET652TH 17 24 9591.2 174 13, 160 7, 128 9, 115 10, 102 8, 164 9, 95 12, 186 12, 137 6.72993
LN653XJ 14 28 9594.1 181 5, 84 13, 136 14, 118 5, 91 5, 169 6, 83 6, 157 14, 189 7, 140 12, 176 11, 98 13, 106 11, 189 6, 176 10, 121 14, 140 14.4786
CN730FA 7 25 9596.4 167 10, 136 15, 101 12, 111 7, 88 7, 161 8, 141 6, 135 7, 95 8, 82 8, 146 12, 179 7, 162 10, 133 11, 150 6, 112 14, 138 15, 186 12, 87 8, 167 12, 123 5, 98 14, 163 1.44172
TY809DS 2 17 9597.5 190 15, 145 8, 95 13, 111 9, 90 9, 146 9, 165 10, 185 10, 176 12, 89 13, 132 6, 83 8, 103 14, 182 10, 90 13, 142 6, 115 7, 151 2.49007
ES122FY 10 11 9602.2 89 8.02247
LC386VA 4 19 9606.3 164 15, 174 9, 143 5, 148 6, 146 15, 114 11, 180 10, 139 11, 160 8, 135 8, 135 15, 139 6, 107 14, 83 11, 163 9.54601
EK694CL 12 18 9611.3 174 11, 122 9, 157 7, 153 6, 86 11, 118 14, 117 8, 146 6.65068
FM663MF 19 29 9618.9 130 10, 96 9, 176 14, 148 12, 96 9, 141 7, 92 13, 116 9, 127 15, 189 14, 185 9, 184 3.38587
KM050MF 20 21 9620.2 154 9, 187 5.06952
CC218MF 19 25 9627.9 146 15, 151 15, 190 8, 81 8, 154 7, 119 15, 156 10, 113 7.11504
VA367SP 11 25 9631.9 108 9, 128 8, 157 6, 164 12, 161 12, 141 11, 89 15, 121 5, 166 15, 113 9, 125 11, 149 15, 135 8, 185 14, 181 9.83425
VD252HA 2 22 9633.3 178 7, 110 11, 116 5, 130 14, 115 10, 189 13, 182 15, 80 9, 137 9, 138 12, 143 10, 140 6, 132 7, 91 14, 158 8, 141 8, 169 12, 82 11, 145 14, 162 5, 121 15, 168 5, 116 8.4569
RA933LP 9 23 9638.4 103 11, 123 8, 148 13, 157 13, 122 14, 112 12, 93 6, 159 12, 172 14, 129 10, 95 8, 149 10, 90 13, 128 6, 140 6, 177 5.36723
BD988WC 13 28 9647.6 102 11, 122 14, 88 9, 96 11, 86 7, 134 11, 130 10, 90 6, 83 6, 169 14, 168 7, 121 8, 86 8, 140 13, 147 6, 148 8, 157 13, 114 11, 117 5, 151 9, 122 5, 183 5, 182 2.78022
HM387ZF 24 27 9653.6 139 10, 112 6, 84 14, 123 8, 141 8, 146 6.13699
HM007KE 19 21 9656.5 131 11, 84 15, 167 8, 148 3.81757
YV832ZP 20 21 9657.9 163 8, 103 5, 124 4.15323
SZ879JF 12 29 9665.3 174 9, 190 5, 155 7, 84 13, 158 11, 170 14, 189 14, 110 14, 183 6, 117 6, 165 11, 169 15, 117 7, 123 11, 151 9, 166 6, 135 5, 160 5, 143 10, 143 6.76224
YJ231EC 17 20 9672.4 98 9, 146 9, 164 8, 138 6, 90 5.28889
HB526CV 22 28 9674.1 96 7, 131 15, 85 11, 116 14, 156 13, 169 12, 94 12, 136 5.20588
XM468AW 6 7 9679.7 188 5.55319
SE726NV 14 17 9688.2 122 13, 132 12, 109 3.50459
BF566LN 21 27 9688.8 99 12, 99 7, 145 7, 187 6, 94 8, 101 10, 104 9, 109 11, 88 8, 137 11, 170 7.31765
PG632LN 16 26 9689.4 107 14, 115 13, 82 9, 81 9, 185 12, 172 7, 147 13, 165 6, 172 15, 146 7, 104 6, 176 13, 178 2.38764
HF469SS 12 22 9692.5 128 10, 80 5, 173 15, 171 11, 165 5, 118 13, 156 13, 132 10, 172 12, 117 12, 186 1.86559
VT421MR 21 27 9694.4 80 10, 190 5, 163 6, 148 11, 153 6, 90 15, 179 11, 161 13, 153 4.47059
GC551KR 5 19 9700.6 185 9, 165 13, 118 12, 84 13, 87 7, 155 8, 160 14, 118 10, 98 12, 127 15, 137 6, 169 10, 85 7, 154 9, 94 13, 154 2.44805
YA368CT 27 28 9709.4 158 3.68354
SE507FF 17 25 9714.8 165 6, 132 15, 125 15, 92 5, 138 9, 176 5, 158 13, 131 11, 89 9, 99 10, 147 11.4354
VL736LE 8 25 9717.8 101 7, 110 7, 187 9, 84 11, 171 6, 90 14, 117 8, 145 5, 185 11, 88 15, 117 9, 97 14, 129 5, 148 7, 173 9, 126 8, 183 13, 183 5, 169 13, 82 7, 87 13, 190 5.92105
XY650LV 9 23 9724.5 89 12, 168 9, 182 7, 141 12, 89 13, 173 8, 139 9, 146 15, 121 11, 99 11, 166 15, 97 6, 91 7, 141 11, 142 14.5634
LW421RG 11 15 9732.1 152 7, 173 5, 125 9, 87 15, 87 14, 93 3.19355
RD468WN 27 28 9735.2 131 4.44275
LP829TJ 10 14 9740.7 109 10, 114 13, 116 8, 131 5, 157 9, 158 0.607595
VP942DJ 24 27 9741.6 141 6, 125 11, 168 6, 140 5, 169 12, 151 1.91391
ME575TE 22 29 9743 85 14, 135 9, 159 10, 156 10, 155 10, 121 9, 100 8, 169 8, 110 9, 168 3.16667
SJ075XM 21 22 9747.1 149 5, 146 0.815068
EG518HK 9 27 9752.3 178 7, 172 14, 100 5, 137 11, 174 13, 166 11, 186 11, 171 13, 160 11, 116 13, 182 14, 176 8, 127 15, 101 9, 118 8, 177 12, 176 11, 80 6.5
MR237MK 26 28 9755.3 135 12, 136 5.11765
XC157JB 18 28 9763.9 148 14, 182 9, 182 10, 178 11, 169 10, 87 11, 188 14, 105 13, 156 7, 95 8, 102 12, 101 0.237624
KF257RM 20 26 9773.8 84 10, 156 6, 110 8, 118 13, 91 5, 164 10, 163 5, 153 9, 132 14, 139 5, 95 10
XS495SG 27 29 9780.6 97 6, 146 5.34247
GX862HB 15 26 9790.3 153 6, 105 6, 89 15, 116 6, 110 15, 166 5, 103 13, 145 8, 84 15, 175 6, 116 13, 176 5, 173 15, 82 5, 176 8, 80 7, 123 9.60163
SG699ZJ 11 26 9795.9 115 7, 106 6, 92 13, 181 7, 121 13, 143 13, 144 8, 155 5, 132 9, 153 13, 126 8, 147 5, 164 14, 131 9, 118 6, 84 6, 115 10, 108 11, 139 11, 185 10, 108 6.4537
VK217YS 27 28 9796.8 160 3.6375
TA631NW 24 25 9806.8 136 15, 175 0.48
BK831BY 19 22 9812 131 15, 135 12, 149 12.6242
HP041KS 6 8 9818.7 188 6, 81 11, 176 7.10795
YG747FS 23 27 9820.3 135 15, 161 10, 167 12, 82 15, 108 12, 126 1.10317
SW566ES 18 27 9825.5 173 13, 125 5, 180 8, 136 6, 174 8, 157 5, 93 15, 100 14, 113 10, 147 13, 183 7, 109 14, 174 4.02299
DS339MA 19 20 9831.1 107 7, 150 10.1267
ZY874FZ 23 29 9832.8 121 14, 130 5, 85 9, 117 10, 92 9, 151 12, 185 14.8486
VR510HW 9 26 9837.9 86 6, 131 11, 105 13, 91 12, 110 14, 164 5, 146 6, 178 14, 137 10, 169 13, 178 5, 151 5, 159 9, 108 13, 124 6, 96 8, 161 14, 131 8, 164 7, 154 14, 156 5, 172 4.41279
XB435SY 25 27 9847.1 146 15, 86 12, 157 5.73248
LB366CJ 22 29 9851.3 111 15, 128 13, 175 9, 109 13, 97 14, 173 8, 96 7, 175 12, 119 0.277311
RP754PY 18 26 9855.8 106 8, 111 10, 136 7, 183 15, 113 15, 119 11, 94 9, 124 6, 178 12, 89 15, 81 11, 158 1.93038
YG628GA 7 16 9859.3 135 8, 143 14, 127 7, 101 10, 189 10, 110 14, 88 8, 119 12, 181 10, 156 5.77564
FA151PH 16 25 9869.3 169 5, 141 14, 90 6, 168 13, 173 12, 181 14, 186 9, 143 7, 177 10, 168 4.39286
FV569TB 12 18 9872.9 149 8, 153 11, 112 9, 94 5, 162 14, 95 11, 159 11, 104 1.14423
HZ484LK 22 29 9873.5 166 15, 113 9, 165 11, 189 11, 175 12, 128 6, 120 13.325
ZS964BH 15 18 9878.5 80 8, 138 8, 98 9, 113 15, 97 1.78351
CL068CT 6 26 9881.3 158 12, 111 8, 129 13, 120 8, 145 7, 158 11, 81 15, 169 11, 188 9, 167 15, 155 9, 98 12, 138 11, 137 10, 116 5, 129 8, 154 11, 104 8, 147 12, 180 13, 87 7, 164 5, 178 8.12921
JP404BH 13 27 9887.4 99 10, 85 12, 177 10, 82 10, 104 12, 100 9, 135 12, 110 13, 168 9, 148 15, 159 5, 190 6, 150 9, 138 8, 172 6, 130 15, 105 10, 106 10, 139 10, 128 3.61719
AA499KP 16 29 9889.2 91 8, 141 14, 181 13, 105 7, 147 13, 115 8, 101 8, 183 8, 161 6, 91 9, 136 5, 151 6, 182 12, 133 15, 190 5, 81 10, 154 4.00649
RT874VB 27 28 9892.2 143 4.06993
EC393ZH 16 20 9899.1 150 9, 90 13, 169 11, 152 9.04605
WR985LA 17 23 9900.6 189 12, 121 9, 125 11, 95 13, 179 15, 176 8.86364
AA751XN 27 29 9907.7 171 7.96491
LK089MX 20 21 9908.5 143 7, 125 5, 175 4.04571
MH730SC 12 18 9913.8 153 7, 128 9, 85 15, 113 5, 162 6, 166 9, 112 8, 137 7, 101 11.3861
SK576YW 11 20 9915.2 189 15, 152 14, 161 14, 157 10, 128 11, 159 13, 104 9, 119 0.97479
YN416RE 13 16 9918.9 188 14, 166 13, 133 4.63158
YF480XA 28 29 9921.4 82 9.5122
FW943ZV 7 25 9930.3 138 6, 118 12, 85 11, 180 10, 140 10, 183 7, 188 14, 127 13, 140 8, 176 14, 90 7, 100 10, 177 12, 180 11, 97 12, 92 8, 133 6, 182 9, 162 11, 97 6, 92 6.83696
NJ989VV 19 29 9937.5 81 5, 175 5, 187 6, 125 15, 157 10, 155 9, 98 12, 175 11, 175 6, 119 10, 169 6, 118 11, 182 9, 174 4.60345
EV858BF 27 28 9941.2 81 7.18519
DD433NF 15 27 9949.5 118 8, 151 5, 152 15, 176 14, 104 7, 184 13, 114 8, 154 10, 185 11, 126 9, 124 15, 178 5, 126 13, 159 9.88679
FA646JW 12 24 9950.4 126 15, 160 9, 129 12, 167 15, 182 15, 116 11, 178 10, 134 12, 161 15, 162 11, 102 6, 177 1.9887
BE085NL 11 12 9952.7 99 6, 139 1.72662
EL648CC 25 29 9962.5 170 5, 115 14, 176 6, 148 12, 163 1.17791
KY561BP 16 18 9969 112 6, 103 5, 127 11, 87 2.57471
TH084DP 17 22 9971.7 92 14, 182 6, 86 14, 147 12, 102 10, 89 10, 173 4.34682
EL055KT 9 20 9976.1 90 5, 145 7, 128 6, 160 9, 165 9, 175 10, 169 15, 139 6, 99 13, 146 10, 146 8, 159 10.5912
EG409ZN 27 29 9977.2 178 7.65169
YX780JB 7 12 9985.7 115 13, 149 15, 127 11, 163 8.59509
EC325ZX 10 29 9987.4 169 13, 129 12, 167 12, 122 14, 175 14, 167 11, 116 7, 121 5, 146 6, 148 5, 85 9, 116 5, 184 7, 134 8, 82 12, 127 9, 113 14, 85 9, 97 5, 162 7, 190 10, 168 7, 100 7, 159 4.67296
ZL155MB 3 13 9996.1 184 10, 154 15, 105 5, 167 11, 155 6, 103 15, 137 9, 160 8, 85 12, 167 10.1796
NC757JT 24 28 10000.1 166 11, 90 13, 169 12, 90 5, 165 8.20606
AY429EL 17 19 10009.4 150 14, 96 4.625
JW801CW 28 29 10013.3 136 5.73529
YF035SA 2 3 10022.3 129 8, 128 11.3906
WD978HA 10 17 10023.4 87 14, 88 8, 138 6, 150 12, 127 6, 148 14, 154 8, 157 3.82166
BC334MN 3 26 10024.8 141 13, 152 5, 166 5, 152 5, 82 8, 147 11, 89 10, 80 15, 183 7, 182 7, 116 11, 189 10, 108 10, 173 8, 82 11, 80 9, 159 12, 105 7, 174 15, 112 11, 81 8, 97 8, 139 12, 132 7, 105 8, 189 6, 139 11, 146 13, 133 7, 101 5, 176 5, 115 6.77391
GW518MG 12 22 10030.6 81 6, 111 9, 172 7, 125 8, 92 13, 133 9, 103 9, 129 8, 81 7, 123 5, 162 8, 84 9, 145 13, 133 9, 180 7.33889
YW790BT 15 28 10036.8 96 9, 139 14, 165 11, 170 9, 100 12, 147 10, 160 9, 108 11, 111 6, 145 11, 187 13, 97 13, 110 14, 182 14, 170 1.36471
TL967NF 26 27 10038.2 146 8, 165 3.4303
HG846CT 7 22 10044.8 164 5, 178 8, 138 9, 121 9, 160 8, 117 14, 120 7, 81 14, 105 7, 143 11, 97 12, 177 8, 175 13, 150 8, 186 6, 115 8, 139 15, 143 1.78322
WM532JP 24 27 10049.8 90 15, 183 9, 153 11, 176 8.89773
YX944WM 22 27 10051.8 120 12, 134 9, 151 12, 146 15, 112 11, 144 14, 135 4.51852
HR853GZ 7 12 10054 125 7, 140 9, 108 12, 172 10, 137 9, 172 0.837209
HX637JZ 12 27 10058.7 172 7, 82 15, 85 10, 149 9, 82 7, 120 13, 168 5, 172 11, 80 5, 137 7, 103 12, 124 10, 144 7, 96 7, 133 5, 125 12, 82 11, 105 12, 121 9, 168 7, 119 14, 176 10, 94 6, 175 3.40571
SW645BH 17 22 10063.6 92 8, 147 5, 179 14, 86 6, 176 8, 150 6, 164 5, 90 4.32222
ZJ618HZ 27 28 10065.3 146 3.9863
JB197GM 4 13 10070.2 131 7, 104 14, 91 9, 161 12, 86 9, 142 11, 112 10, 117 7, 92 10, 154 5, 140 11.4786
ZD189JV 17 27 10077.3 82 15, 121 10, 154 15, 143 6, 184 12, 174 14, 89 15, 144 11, 152 10, 86 11, 124 8, 184 8, 183 2.26776
EE546DB 13 29 10085.4 85 12, 143 5, 84 7, 131 7, 117 10, 176 5, 139 6, 105 13, 180 11, 111 8, 97 15, 96 8, 94 15, 157 8, 140 15, 128 14, 124 14, 126 11, 109 9, 90 8, 121 11, 184 5.07609
RV933FD 1 14 10089.9 125 12, 169 11, 133 6, 98 6, 108 9, 134 5, 83 8, 144 10, 178 6, 99 5, 168 5, 176 6, 165 9, 132 13, 169 14, 88 14, 154 8, 112 3.15179
WM707LN 3 15 10095.5 119 11, 168 10, 163 12, 108 13, 85 6, 140 14, 183 10, 157 8, 182 10, 104 13, 170 8, 167 9
RM701FC 22 28 10105 80 5, 93 15, 160 10, 83 12, 90 11, 103 11, 158 12, 82 8, 139 6, 124 7, 189 1.69312
FF448JW 24 25 10113 179 11.8659
DY370ZS 27 28 10122.2 121 4.80992
AY235AT 28 29 10131.4 107 7.28972
ZG658ME 7 20 10136.4 81 7, 186 12, 145 7, 110 13, 83 11, 122 8, 165 15, 130 7, 181 12, 150 10, 84 5, 81 10, 100 6, 114 13, 141 10.6809
JH860YC 12 23 10138.7 127 14, 100 12, 80 12, 115 9, 153 12, 157 6, 85 15, 87 15, 95 10, 126 12, 174 7, 141 5, 170 7, 190 10.3895
BC140ZM 28 29 10144.1 109 7.15596
SV736YB 7 10 10149.5 185 7, 114 11, 120 11, 190 5, 130 1.23846
WR504ZR 16 21 10151.2 151 14, 97 13, 104 10, 122 8, 105 14, 91 6, 129 5.27907
CJ742YL 5 23 10155.2 81 11, 120 12, 132 5, 118 8, 173 11, 154 15, 101 5, 109 7, 156 14, 99 8, 177 15, 135 8, 148 9, 103 12, 159 5, 168 12, 171 9, 181 9, 80 11, 97 9, 88 6, 123 11.9756
HB360KE 7 26 10158.4 143 15, 89 9, 112 5, 90 5, 132 11, 169 6, 103 14, 121 9, 188 6, 123 12, 130 11, 168 10, 148 15, 109 5, 147 14, 144 11, 155 8, 159 6, 149 13, 185 15, 89 8, 127 5, 121 13, 105 0.742857
WX584JC 5 10 10164.7 114 7, 101 5, 181 13, 176 14, 142 15, 157 4.77707
SC429XJ 16 29 10166.8 98 9, 137 13, 116 5, 146 9, 167 7, 142 10, 156 7, 117 5, 101 5, 163 9, 170 11, 92 5, 111 10, 181 7, 134 9, 127 5, 129 14, 162 7, 97 5.53608
PX063JB 21 28 10171 161 9, 167 11, 115 14, 190 7, 181 6, 171 14, 124 9, 144 7.84722
XA490EN 8 21 10175.6 82 6, 120 10, 126 14, 144 15, 84 5, 141 6, 93 15, 121 10, 174 11, 89 10, 147 14, 140 5, 100 5, 149 10, 102 15, 134 4.08209
CV763RE 22 26 10179.8 158 6, 160 12, 97 9, 164 12, 121 14, 86 9, 170 3.5
CG307HG 11 29 10184.8 159 7, 115 14, 190 14, 90 12, 102 5, 136 8, 119 5, 122 10, 119 7, 116 12, 107 7, 188 5, 115 14, 106 11, 155 6, 184 5, 105 10, 91 14, 134 11, 115 5, 85 12, 186 15, 94 13, 117 4.77778
EW476EW 15 17 10188.9 134 15, 162 3.81481
FV467ZL 10 22 10196.9 161 8, 102 15, 172 5, 177 6, 95 13, 145 5, 127 12, 182 10, 134 12, 149 5, 100 13, 102 15, 138 6, 83 14.1084
XR974JD 22 29 10201.1 135 15, 146 12, 154 12, 105 13, 148 6, 186 8, 124 12, 160 6.3375
WT133TV 13 26 10207.5 137 7, 97 8, 190 11, 135 12, 151 9, 186 11, 181 15, 151 7, 171 9, 103 10, 155 8, 144 6, 187 8, 85 6, 102 14, 117 7, 176 8.98864
RL203YA 24 26 10211.7 89 8, 121 12, 184 7, 109 5, 102 5.04902
BX332GD 15 19 10218.9 116 15, 88 7, 105 12, 167 9.31737
HA424PJ 16 22 10222 148 15, 153 15, 139 9, 156 5, 82 10, 147 10, 183 0.63388
SF566YV 20 27 10228.2 92 10, 99 8, 141 7, 85 6, 183 9, 109 6, 154 7, 113 7, 98 10, 119 6, 86 14, 161 5, 159 8, 162 7, 159 1.35849
DK555VB 12 19 10231 111 11, 106 7, 94 15, 144 9, 105 14, 151 8, 181 15, 137 1.09489
FZ754AV 14 21 10238.7 184 5, 143 10, 95 5, 103 15, 148 12, 163 10, 161 5, 80 15, 108 8.49074
DG545FA 4 11 10240.8 162 13, 147 12, 157 11, 132 14, 155 9, 129 6, 156 5.94872
TT856HL 18 25 10245.1 119 9, 146 11, 167 15, 124 6, 84 5, 129 9, 171 8, 171 10, 155 11, 119 2
ZP440TB 19 23 10250.2 126 13, 80 8, 153 10, 188 7, 91 5, 98 6, 111 12, 111 1.52252
BA210ZW 1 12 10259.7 171 8, 156 14, 187 6, 159 12, 143 7, 147 12, 137 14, 132 9, 88 13, 148 13, 154 4.52597
MC376ZH 21 27 10264.6 100 9, 113 6, 155 15, 81 12, 125 5, 173 5, 111 14, 110 9, 148 7, 166 8.58434
YJ808YD 23 29 10265.9 180 13, 80 14, 138 9, 140 12, 161 5, 160 5, 83 13, 186 3.22581
EF528FP 21 23 10272.2 82 13, 116 7, 160 7.425
HJ371YP 3 23 10275.1 179 5, 175 8, 130 11, 115 10, 137 10, 90 12, 93 13, 178 10, 135 7, 123 15, 178 5, 126 8, 108 9, 182 14, 139 9, 122 13, 189 6, 171 6, 90 7, 190 12, 151 8, 127 9, 85 12, 118 8.30508
VC285XK 19 23 10278.1 93 5, 152 5, 124 14, 127 7, 174 6, 175 12, 144 4.68056
XE880SK 6 11 10279.2 84 8, 126 14, 131 14, 111 12, 99 8, 132 2.60606
EF064TT 7 10 10286 170 6, 131 9, 154 11, 176 6, 81 0.382716
AK536HP 4 13 10295.3 132 9, 145 9, 99 6, 119 14, 182 13, 104 12, 97 15, 157 15, 109 4.76147
RH725ZY 2 17 10302 127 15, 120 12, 181 10, 190 15, 181 12, 81 9, 110 15, 159 14, 116 5, 147 8, 105 6, 175 6, 134 6, 153 15, 148 6, 135 6.31852
FG337WH 6 17 10307.3 135 12, 83 7, 169 7, 117 9, 117 10, 101 5, 133 5, 145 8, 183 14, 85 10, 96 14, 125 6, 188 5, 168 5.10119
NK390BD 21 24 10315.6 81 12, 86 5, 123 6, 96 13, 107 12, 150 3.01333
AN128DB 26 27 10319.9 94 7, 124 8.67742
WP447ZP 19 24 10324.9 157 5, 134 12, 166 8, 152 7, 117 5, 114 9, 116 11, 133 6, 154 8.15584
XB832NM 14 17 10329.2 91 6, 168 7, 166 5, 161 6.21118
SA025TT 18 20 10336 120 8, 151 10, 177 2.68927
MX559JL 23 29 10343.8 86 12, 190 14, 118 10, 91 6, 93 15, 177 5, 127 15, 182 0.346154
LY919AR 5 8 10349.9 190 12, 109 10, 168 8, 168 9.11905
HH461BY 21 29 10353.2 81 10, 132 12, 170 8, 148 5, 136 14, 117 5, 115 15, 96 12, 98 15, 139 8, 135 2.14815
SL906VM 5 23 10360.7 164 14, 113 11, 119 5, 186 9, 179 12, 103 6, 119 7, 108 6, 108 6, 115 8, 86 15, 110 14, 105 11, 153 5, 81 6, 156 9, 171 12, 156 10, 182 6, 123 6, 159 9, 136 8, 187 9, 187 2.7861
ZL968NJ 13 24 10363.6 82 9, 150 11, 174 5, 165 5, 123 8, 154 13, 176 12, 141 15, 126 5, 100 10, 100 13, 128 8, 112 12, 162 6, 107 9.83178
NR558FX 9 28 10367 117 12, 165 15, 93 10, 147 7, 94 12, 181 15, 148 13, 138 6, 101 6, 171 9, 171 6, 94 9, 187 5, 120 12, 90 12, 179 10, 91 9, 148 6, 118 11, 158 7, 91 5, 150 6, 167 13, 121 6.8595
EB999GW 10 20 10369.6 109 12, 172 10, 97 12, 92 6, 85 5, 140 7, 179 11, 186 7, 135 8, 132 7, 86 6, 87 14, 111 7.83784
VH924WB 22 28 10370.7 82 7, 144 13, 179 9, 95 14, 108 13, 126 15, 129 5, 130 7, 173 4.92486
TV052HP 25 28 10374.9 130 14, 140 8, 146 12.0822
TW039BR 20 21 10381.3 85 5, 161 8, 105 5.91429
KB794SE 20 27 10386.3 91 10, 95 15, 190 7, 137 10, 164 9, 101 6, 136 5, 186 6, 184 7, 165 12, 98 9, 141 4.5461
CL231JN 21 28 10389.1 132 11, 142 9, 166 15, 81 12, 106 6, 177 11, 116 6, 181 13.7072
RC897LM 14 29 10398.1 131 8, 141 11, 121 7, 116 6, 175 10, 85 11, 92 5, 174 9, 121 10, 110 6, 86 9, 117 14, 160 9, 95 14, 137 10, 123 13, 128 8, 85 10, 159 5, 159 6, 91 10.2527
VE483CA 9 25 10400.5 148 9, 177 7, 94 10, 154 5, 129 10, 170 10, 114 5, 98 10, 106 14, 107 8, 90 7, 113 8, 149 8, 87 8, 98 12, 141 8, 94 12, 163 9, 132 12, 155 6, 160 7, 182 8, 135 5, 86 2.45349
CF642NH 15 26 10404.3 173 14, 162 15, 144 15, 90 9, 117 14, 144 5, 133 7, 143 8, 172 5, 176 11, 112 7, 114 14, 163 11, 140 1.32857
DR664GS 9 13 10409.4 155 13, 170 9, 142 8.24648
RX711ZX 3 19 10411.2 144 13, 92 14, 120 15, 183 14, 180 5, 157 14, 148 13, 102 11, 87 8, 145 15, 181 15, 148 6, 175 8, 109 9, 141 4.19149
XD315ZP 12 18 10413.5 112 14, 93 6, 140 11, 152 13, 108 14, 92 14, 186 5, 92 1.76087
JW333EM 17 22 10419 110 6, 80 5, 111 11, 88 6, 182 10, 94 9, 87 12, 133 7, 128 4.375
GT251MM 26 28 10428.6 88 5, 106 8, 189 5.43915
TY300HC 12 22 10435.3 103 14, 167 11, 84 7, 148 15, 151 9, 130 9, 163 15, 179 15, 128 7, 112 7, 159 1.58491
MX674ZX 17 20 10437.4 92 15, 175 9, 174 9, 125 2.328
ZP243XR 5 29 10443.2 120 14, 90 7, 144 12, 190 12, 169 15, 182 15, 90 8, 125 6, 124 6, 124 11, 134 12, 124 15, 89 7, 159 14, 109 9, 189 9, 97 7, 119 5, 166 12, 129 8, 114 11, 174 9, 181 7, 163 7, 117 12, 152 11, 136 9.79412
JK965WX 3 25 10447.9 150 15, 100 12, 112 13, 80 8, 190 8, 87 14, 114 8, 170 8, 171 5, 167 6, 96 15, 82 6, 99 14, 93 8, 150 13, 124 10, 139 12, 133 12, 172 15, 180 14, 118 10, 128 13, 169 15, 93 5, 130 8.37692
FT459DJ 10 19 10451.1 154 5, 116 14, 133 6, 186 7, 180 8, 129 15, 107 6, 172 14, 90 9.34444
VY626NR 18 24 10459.4 137 13, 146 13, 104 14, 184 12, 153 10, 144 9, 154 1.52597
AN208FE 2 21 10468.2 117 15, 163 8, 188 8, 172 9, 117 13, 89 5, 88 8, 134 9, 161 5, 93 12, 177 6, 172 9, 150 10, 165 5, 97 11, 160 11, 155 10, 169 14, 103 10, 136 5, 110 7, 101 5, 148 12, 178 10.4326
BN569WM 5 28 10470.2 145 8, 112 5, 187 12, 137 8, 174 13, 175 11, 124 8, 137 5, 122 9, 86 11, 106 12, 107 6, 117 15, 133 8, 158 13, 131 8, 126 15, 190 13, 98 13, 186 13, 83 11, 96 13, 170 11, 107 13, 185 11, 106 9.45283
PF649TF 21 22 10473.6 157 5.50318
JB068WY 6 22 10479.8 94 5, 174 14, 184 11, 124 6, 149 8, 106 12, 127 5, 139 14, 142 14, 143 15, 167 12, 138 12, 116 10, 135 13, 123 6, 131 6, 133 2.24812
TD142WT 11 18 10484.3 85 12, 160 8, 88 9, 188 14, 105 7, 90 10, 183 9, 104 5, 159 5.2956
MJ556JJ 1 5 10487.8 98 6, 188 13, 116 5, 146 7, 145 7.14483
SL281SX 19 28 10490.8 135 13, 90 6, 123 8, 109 5, 165 15, 115 12, 189 12, 105 7, 156 13, 180 13, 150 10.0267
JX419YF 9 11 10500.6 124 9, 154 9.38961
BJ553ZF 20 21 10505.6 179 13.0391
ZS111YT 19 20 10507.7 113 12, 158 5.77215
RT407YZ 15 16 10513 88 8, 105 8, 93 1.52688
ZX255AL 9 22 10513.9 186 13, 136 9, 190 14, 174 14, 136 10, 121 12, 189 14, 131 7, 118 7, 140 13, 128 7, 134 3.12687
HM322LM 20 23 10516.7 86 12, 164 7, 115 11, 91 15, 184 3.20652
RD705MY 27 28 10521.9 178 3.26966
MV130AJ 19 27 10531.7 120 11, 85 14, 144 7, 122 6, 102 15, 162 15, 170 12, 171 15, 120 5, 190 11, 150 3.11333
TL860HZ 23 24 10532.5 86 10, 184 6.51087
EB129SX 1 17 10536.3 179 11, 117 8, 120 9, 159 8, 101 9, 143 14, 148 10, 129 8, 111 10, 189 9, 183 11, 80 5, 118 11, 121 7, 176 7, 163 5, 129 6, 118 13, 96 9, 121 5.10744
MP741PL 24 29 10545.1 84 11, 118 11, 149 5, 106 12, 116 14, 83 11, 151 5.50993
HA343EC 14 28 10551.6 118 11, 149 10, 93 6, 100 13, 181 6, 140 10, 137 8, 140 14, 133 14, 183 8, 89 5, 104 6, 184 6, 117 15, 146 13, 104 9, 169 8, 102 10.0196
VE679TF 21 29 10559.6 118 11, 135 8, 139 13, 95 10, 118 5, 120 7, 179 6, 117 5, 123 7, 119 14, 96 10, 127 8.03937
GK357CE 2 28 10562.7 135 9, 154 15, 107 8, 183 14, 99 14, 186 7, 143 14, 132 8, 107 14, 133 15, 140 13, 188 7, 95 10, 112 6, 165 5, 118 7, 128 9, 186 9, 180 10, 168 13, 174 6, 122 14, 153 9, 145 12, 136 5, 128 9, 89 15, 130 12, 177 12.1977
XW972RW 5 6 10572.1 173 11, 97 10, 159 0.647799
FC879DS 19 26 10581 90 10, 187 8, 163 13, 173 14, 183 7, 96 7, 161 5, 84 5, 144 9, 157 10, 114 9, 120 1.925
LV366SF 11 25 10584.8 80 14, 146 5, 155 14, 188 9, 130 7, 158 15, 150 6, 134 9, 178 15, 146 7, 138 7, 129 6, 106 14, 105 15, 180 10, 136 11.0809
EW034RJ 2 21 10590.1 103 13, 185 13, 187 8, 173 13, 99 8, 129 12, 179 10, 116 6, 123 7, 182 11, 158 6, 101 7, 148 6, 136 12, 156 9, 158 14, 155 13, 99 6, 149 12, 156 11, 109 10.2936
WW593BX 12 19 10595.9 139 8, 105 14, 125 11, 171 13, 155 9, 183 10, 83 9.72289
MD294EE 15 17 10600.3 118 13, 184 5.94565
SH095KY 5 21 10607.1 103 9, 93 9, 85 8, 186 9, 171 15, 86 13, 119 7, 165 5, 136 15, 164 8, 171 14, 135 5, 121 11, 109 10, 128 9, 186 12, 133 13, 126 9, 187 4.35294
XD933YG 4 13 10611 96 7, 136 8, 120 15, 163 12, 166 7, 98 5, 172 9, 135 13, 157 8, 107 7, 125 1.76
WD230TE 22 27 10612.7 125 15, 95 5, 92 9, 119 11, 95 13, 151 7, 186 7, 92 14, 94 12.0957
ME629DX 1 24 10616.1 116 11, 116 6, 100 6, 86 12, 104 5, 146 6, 97 10, 164 15, 109 10, 130 10, 154 10, 128 10, 162 5, 81 11, 159 10, 158 13, 126 12, 108 10, 100 15, 112 8, 91 11, 82 11, 117 9, 166 12, 154 15, 147 9, 153 6, 85 11, 124 10, 147 3.46259
WY723VY 2 12 10617.5 176 15, 185 6, 142 5, 173 8, 170 6, 176 14, 88 8, 130 9, 154 6, 164 12, 144 9
CG343FE 26 27 10625.1 176 9.85227
LA818WA 19 29 10632.3 167 11, 102 7, 178 15, 87 13, 81 5, 178 7, 104 15, 183 15, 117 5, 175 8, 146 13, 101 11.3168
MX298HZ 17 24 10634.6 116 15, 114 11, 125 13, 83 5, 141 11, 101 6, 93 14, 126 12, 168 13.4821
PT367LG 21 23 10644.1 99 5, 82 13, 107 12, 98 2.2551
KA245YC 18 19 10653.4 86 7.88372
CF575XJ 16 21 10655 149 14, 119 7, 159 12, 126 9, 93 15, 102 7, 187 0.0962567
FR503WY 12 19 10660.7 175 11, 83 14, 81 13, 159 14, 117 5, 95 6, 128 6, 114 13, 130 3.39231
AY926FD 11 12 10663 180 4.63333
LY941DB 25 27 10668.9 125 5, 168 15, 126 7.75397
HD903AE 23 29 10672.1 90 14, 139 12, 171 14, 149 7, 101 7, 121 7, 86 15, 149 3.06711
BC625TJ 12 20 10678.4 173 15, 106 5, 129 11, 105 14, 137 14, 160 5, 157 14, 132 6, 129 5.87597
ZW109ZC 8 25 10679.9 131 5, 187 12, 125 12, 132 14, 112 7, 101 5, 143 10, 82 10, 114 5, 108 11, 188 6, 123 14, 108 6, 85 14, 136 8, 189 9, 182 5, 119 7, 109 9, 97 11, 116 15, 170 10.6588
YS676NX 19 20 10683.3 107 7, 189 8.03704
SW797HG 28 29 10692.6 112 6.96429
KX565CR 16 29 10701.6 93 9, 91 5, 134 14, 158 6, 132 10, 174 7, 88 7, 149 5, 132 5, 158 10, 142 9, 124 9, 80 8, 159 14, 83 14, 111 15, 165 8, 173 6.69364
KM118HG 5 13 10704.7 173 15, 154 12, 186 8, 174 8, 107 7, 184 10, 124 8, 101 9.54455
FW740PL 20 27 10710.5 159 7, 87 9, 170 8, 82 14, 155 11, 164 10, 155 14, 96 10, 130 6, 120 6, 131 5, 115 5, 178 0.533708
TE690HL 3 7 10718.6 178 9, 127 15, 106 12, 103 7, 149 5, 160 0.79375
WY614GA 14 18 10719.6 153 9, 118 9, 85 11, 175 10, 146 2.0137
DZ143TX 9 29 10727.8 124 15, 170 13, 165 10, 140 5, 113 13, 146 5, 147 9, 136 8, 81 14, 92 14, 190 12, 180 6, 107 6, 109 15, 154 11, 187 8, 174 13, 165 7, 171 13, 144 13, 153 7.52288
EA310LN 10 28 10730 121 7, 93 15, 90 10, 177 13, 147 12, 83 14, 141 5, 176 13, 164 12, 83 14, 90 12, 159 11, 156 13, 186 5, 125 9, 169 14, 155 12, 129 13, 106 9.5
WX904BT 10 23 10738.8 85 12, 176 7, 90 15, 166 13, 85 5, 124 5, 108 5, 87 10, 114 15, 174 11, 87 14, 177 10, 119 15, 141 9, 148 6, 185 3.56216
CC241BV 16 22 10741.5 170 12, 153 6, 190 14, 107 15, 189 9.14815
EF696CC 23 25 10749.1 172 7, 82 11, 168 6, 141 7, 139 0.582734
GX837ZW 10 28 10752 134 7, 144 10, 162 8, 133 14, 80 12, 142 6, 172 12, 189 14, 144 5, 177 5, 165 6, 146 13, 112 12, 87 6, 183 10, 168 6, 171 8, 141 11, 146 15, 117 13, 106 4.04717
HM408TY 5 9 10756.6 131 5, 103 5, 138 7, 112 5, 140 8, 162 14, 158 6.75949
ZF111WW 25 26 10763.2 88 10, 174 8.66667
GD709WR 4 13 10772.9 115 11, 87 11, 153 15, 150 12, 142 11, 96 10, 111 6, 160 14, 83 6, 123 3.68293
YP319AW 5 11 10773.5 131 12, 94 6, 150 15, 178 7, 166 12, 171 7, 143 6.24476
JD756WL 9 14 10778.2 123 10, 82 5, 118 10, 115 10, 133 15, 159 7, 176 2.46591
KV683VE 20 27 10783 127 7, 164 11, 97 12, 142 13, 152 12, 137 9, 110 9, 136 8, 188 7, 181 7, 143 1.97902
FP368KZ 28 29 10788.9 115 5, 114 1.79825
PS313SP 20 24 10791 157 15, 175 11, 163 10, 167 5, 103 6.92233
BZ363AZ 13 21 10796.3 138 8, 181 10, 147 12, 187 10, 182 7, 120 14, 87 14, 155 11, 94 10, 168 0.767857
BC561GV 18 20 10798.4 129 6, 122 12, 177 4
XV837HA 11 12 10802.4 168 4.96429
ZP831PX 14 27 10808.7 148 6, 117 10, 104 11, 91 6, 83 12, 115 12, 84 6, 166 15, 176 9, 181 12, 103 7, 89 9, 100 7, 85 14, 171 9, 171 7, 179 9, 88 5, 100 9.95
MA721JY 26 28 10814.6 84 15, 154 6.85714
LN295JX 18 27 10818 127 13, 124 6, 114 14, 188 13, 135 8, 153 5, 114 11, 85 15, 115 5, 121 10, 161 12, 147 14, 175 0.377143
BT388GN 11 17 10818.6 171 5, 85 6, 94 9, 155 9, 142 8, 127 14, 106 7, 131 9.46565
KN166PS 6 24 10819.9 99 5, 134 15, 82 14, 82 15, 111 6, 159 10, 97 13, 80 5, 98 13, 169 14, 180 12, 167 6, 91 12, 165 6, 176 7, 129 15, 127 5, 110 14, 98 9, 140 13, 121 5, 101 5, 118 5.69492
GD372MJ 1 27 10829.9 93 6, 103 8, 174 11, 185 11, 142 11, 171 12, 167 12, 128 13, 87 10, 94 14, 178 15, 128 14, 80 5, 89 10, 86 10, 185 15, 160 10, 177 12, 132 15, 106 8, 171 10, 123 7, 119 8, 123 15, 114 7, 92 8, 88 8, 132 8, 166 11, 107 10.9907
GD518YW 26 29 10836.5 165 15, 112 5.54464
HE606XB 22 25 10840.3 169 15, 147 9, 137 10, 144 8.02778
VE964PT 6 19 10847.4 80 10, 176 9, 119 11, 168 12, 186 15, 187 14, 177 13, 126 13, 82 11, 114 11, 88 6.5
WV995DG 9 11 10857.1 131 11, 175 6.40571
BY354XV 15 29 10860.1 176 10, 163 13, 90 10, 119 5, 178 11, 177 14, 155 6, 120 14, 159 8, 130 8, 172 15, 182 14, 101 11, 146 10, 90 0.833333
LL803JF 8 27 10860.8 95 7, 106 11, 114 6, 140 10, 158 10, 118 6, 164 12, 171 15, 119 7, 168 13, 108 8, 189 15, 150 7, 154 7, 183 5, 108 11, 187 5, 167 5, 111 14, 92 7, 154 14, 159 5, 82 5, 173 8.52023
WB448CP 9 25 10867.7 84 10, 122 9, 128 10, 102 15, 133 10, 92 12, 183 14, 154 11, 164 10, 84 13, 165 7, 140 5, 137 9, 92 14, 99 7, 175 14, 170 11, 124 8, 181 5.01105
ZW461MK 18 22 10874.5 135 10, 111 12, 129 14, 134 9, 145 3.10345
GY116GK 4 23 10883.4 174 5, 188 10, 123 15, 118 6, 126 9, 134 8, 146 8, 126 15, 182 14, 147 14, 80 15, 113 10, 142 8, 136 12, 188 12, 134 7, 123 14, 137 7, 172 7, 180 6, 158 5.22785
LN333LP 20 27 10887.1 156 14, 145 11, 188 14, 115 15, 182 6, 139 12, 118 8, 87 8, 108 6, 172 3.02326
HK996BB 13 19 10890.7 153 15, 80 15, 188 6, 139 9, 93 13, 123 5, 165 5, 94 3.92553
TN134DH 14 27 10895.8 93 7, 83 10, 90 11, 137 9, 139 12, 91 9, 160 6, 114 7, 170 7, 118 15, 99 8, 178 11, 115 12, 126 8, 176 12, 88 6, 87 15, 140 5, 107 12, 101 0.910891
PG364SR 20 23 10900.3 106 12, 97 5, 187 13, 101 7, 82 5, 131 0.725191
VP228PG 25 28 10902.4 115 7, 163 6, 91 13, 175 9.93143
DF542TF 19 28 10911.7 92 11, 147 11, 142 12, 161 9, 87 8, 113 15, 139 9, 131 9, 135 10, 188 14, 93 9, 84 8, 109 4.22018
GK722WX 13 15 10919.1 126 13, 178 11.6966
ML090KT 28 29 10926 112 6.96429
HX387RS 16 18 10930 124 9, 188 9
MM269WW 9 18 10931.2 100 6, 109 12, 80 11, 107 6, 104 8, 160 11, 85 9, 92 8, 188 8, 173 14, 113 13.1062
XE841NW 14 26 10934.6 173 8, 164 15, 119 11, 135 8, 157 7, 164 15, 149 7, 89 8, 147 10, 161 11, 172 10, 84 6, 126 15, 96 8, 172 3.86047
ZS895RP 26 28 10941.1 116 15, 161 3.57764
WS588YF 17 21 10950.3 136 6, 159 7, 142 7, 177 8, 111 10, 122 13.9098
MP230HT 11 27 10958.3 170 9, 156 6, 104 8, 143 10, 158 11, 137 15, 112 5, 182 8, 173 11, 84 14, 106 13, 151 15, 190 5, 110 14, 146 11, 135 14, 122 7, 171 12, 102 7, 183 0.836066
AW656VK 10 29 10965.6 123 14, 84 6, 98 13, 176 5, 182 8, 177 13, 84 13, 131 5, 151 13, 168 9, 165 7, 151 8, 164 13, 82 8, 167 12, 159 11, 96 9, 131 6, 121 9, 183 13, 148 5, 145 6.71034
PT150GZ 1 5 10974.5 117 11, 135 9, 133 6, 159 7, 180 6.98333
SC415FM 7 29 10979 103 14, 103 7, 163 7, 123 15, 97 14, 81 10, 86 7, 175 9, 151 6, 173 13, 117 11, 106 9, 104 14, 81 5, 178 15, 180 14, 108 7, 96 11, 179 12, 129 9, 159 8, 148 15, 81 7, 95 13, 130 10, 173 2.41618
DT464KM 1 7 10984.6 140 9, 175 12, 83 7, 152 11, 169 7, 134 7, 96 9, 146 7.47945
XH920JC 16 17 10993.1 171 5.50877
CW344ZK 9 23 11000.1 164 5, 153 15, 109 10, 87 15, 132 8, 139 8, 165 10, 90 11, 132 14, 167 13, 178 9, 163 14, 126 12, 95 7, 143 6, 139 0.143885
SE368TS 5 13 11008.1 103 13, 174 12, 149 10, 95 11, 137 10, 166 13, 138 14, 118 3.77966
RB554SJ 13 23 11016.4 99 15, 88 7, 120 8, 165 10, 111 6, 145 15, 148 12, 99 5, 140 15, 91 12, 154 11, 116 6, 159 5, 137 2.62774
HW960RN 6 9 11025.1 131 13, 94 11, 169 8.51479
WB621KB 20 23 11033.9 168 9, 184 10, 109 5, 146 10.2945
AS900AG 21 24 11037.7 131 8, 109 11, 152 14, 146 5, 130 0.146154
TD566WZ 21 27 11040.1 160 6, 118 8, 155 6, 137 9, 111 7, 141 15, 97 8, 86 13, 161 8, 105 10, 168 1.06548
XM124PR 25 29 11049.7 183 9, 179 13, 106 12, 154 1.54545
AG974MA 13 25 11054.1 145 9, 97 15, 97 10, 89 8, 83 9, 180 14, 85 9, 117 6, 167 10, 83 14, 190 15, 129 12, 122 12, 121 12, 136 5, 116 6.37931
KK009RA 25 29 11059.4 164 12, 183 6, 177 7, 128 9.21094
TE341NW 27 28 11062.9 102 5.70588
AB155FZ 7 26 11065.8 161 6, 109 10, 105 13, 179 13, 90 7, 168 14, 94 6, 177 5, 85 11, 172 7, 155 15, 186 11, 186 8, 94 14, 84 11, 126 11, 173 7, 83 13, 171 15, 167 5, 106 12, 188 6, 95 11.4211
XA743PP 4 8 11067.3 158 9, 158 7, 172 7, 130 9, 148 13, 178 1.39326
WH429HN 1 24 11070.5 84 9, 105 6, 148 15, 112 11, 138 6, 96 9, 156 5, 109 10, 186 14, 149 15, 89 14, 174 12, 130 8, 137 9, 92 6, 171 14, 85 6, 106 12, 176 12, 109 11, 179 5, 181 12, 143 11, 124 6, 131 8, 152 6, 93 14, 184 3.39674
MX383WR 4 8 11080.1 106 7, 141 10, 87 11, 178 7, 109 7, 151 5, 120 8, 186 1.2957
DM951CW 23 27 11089.8 84 13, 88 15, 185 7, 121 10, 123 7, 100 11, 169 8.43787
PK795EY 2 23 11096.6 161 7, 91 15, 189 7, 117 10, 136 12, 143 10, 129 11, 188 6, 92 13, 182 14, 185 10, 109 5, 91 11, 115 7, 143 8, 91 13, 101 5, 144 6, 169 13, 118 12, 143 11, 190 5, 90 7, 104 15, 137 7, 190 7, 112 3.75
DV253YW 1 25 11099 176 6, 135 9, 90 10, 80 5, 173 9, 106 12, 142 6, 137 12, 187 7, 99 5, 145 14, 90 10, 167 8, 134 11, 115 14, 169 14, 141 10, 138 6, 174 8, 143 14, 114 7, 127 8, 94 9, 155 14, 179 6, 82 15, 106 13, 88 9, 172 10, 154 7.84416
CF136KS 27 29 11105 164 6, 172 2.19767
HH928RN 5 27 11113.2 132 15, 179 15, 168 5, 174 8, 117 8, 146 7, 94 9, 178 13, 144 10, 155 12, 87 6, 153 12, 177 9, 129 7, 102 11, 144 9, 95 14, 190 7, 98 5, 181 9, 112 8, 181 11, 98 11, 132 5, 131 6, 176 10, 90 9, 109 8, 119 4.31092
ER183TN 3 9 11114.2 173 9, 165 5, 186 5, 132 10, 178 8, 111 11, 100 9, 135 9.82963
HL196LK 3 19 11118.7 101 15, 88 15, 108 11, 95 11, 96 11, 187 9, 156 15, 106 15, 157 6, 154 7, 98 11, 106 7, 99 12, 93 12, 143 15, 166 12, 163 6.71166
EM175YB 7 20 11124.3 128 15, 143 15, 116 7, 108 6, 156 11, 129 6, 189 15, 85 5, 110 5, 146 11, 121 8, 181 15, 102 9, 107 8, 97 1.23711
EW780EX 21 22 11128 180 4.8
VM065VN 9 21 11134.3 148 5, 92 15, 102 10, 84 11, 99 5, 140 12, 134 7, 185 12, 153 8, 118 13, 133 12, 111 11, 127 15, 162 8.2284
PF910KD 13 15 11139.6 104 5, 179 14, 102 6.80392
YH088RC 17 27 11148.7 166 13, 115 7, 159 5, 119 7, 131 14, 133 10, 153 5, 119 10, 105 14, 190 11, 99 5, 80 11, 143 11, 177 12.9831
JP339ER 13 17 11150.9 133 8, 187 9, 183 9, 155 12.6065
XM924KX 7 19 11160.3 175 6, 138 7, 82 5, 131 5, 189 7, 90 7, 103 7, 166 6, 81 9, 109 11, 111 13, 80 10, 155 11, 86 5, 162 6, 124 13, 146 7.5274
EX778KC 4 9 11167.9 113 9, 125 13, 94 11, 119 7, 142 10, 171 9, 96 5.33333
JN160ZE 19 27 11171.8 92 10, 121 7, 181 13, 114 11, 186 6, 178 10, 152 12, 158 9, 130 9, 179 11, 136 8, 95 2.41053
KV570FG 17 23 11179 186 8, 160 9, 177 12, 150 12, 169 12, 120 6, 83 7, 112 0.276786
ZE363GT 21 29 11181.9 189 8, 183 11, 95 14, 179 10, 185 8, 126 6, 123 9, 120 7, 151 7, 113 7.49558
TJ207FV 1 16 11187 100 12, 114 15, 159 13, 145 15, 173 10, 146 11, 106 8, 92 8, 189 10, 92 11, 155 11, 140 13, 183 9, 144 7, 83 14, 163 3.85276
KE283XG 23 28 11192.7 136 10, 113 14, 160 6, 137 11, 149 15, 189 5, 144 2.0625
YA046LF 18 26 11201.6 158 15, 181 14, 171 14, 186 8, 119 11, 143 15, 99 7, 128 10, 85 8.27059
PN311GE 19 26 11207.5 188 14, 120 6, 159 13, 123 15, 113 15, 167 6, 125 9, 150 8, 147 13.2789
VL592XH 8 21 11215.6 178 6, 161 12, 101 8, 168 14, 139 14, 159 8, 168 8, 119 10, 122 5, 159 6, 173 11, 85 8, 105 11, 100 6, 188 6.92553
AB970WK 23 25 11216.1 113 6, 91 6, 148 10, 106 11, 150 2.08
SE213ZK 27 28 11225.9 93 6.25806
BB972GA 27 29 11227 120 11, 96 0.4375
AW964LD 18 24 11227.6 92 14, 157 6, 176 10, 114 8, 141 13, 184 11, 146 9, 181 1.82873
HZ975YZ 1 27 11237.3 81 6, 90 13, 117 10, 185 10, 189 13, 161 13, 114 8, 96 6, 188 13, 174 15, 165 12, 102 12, 118 11, 190 5, 176 7, 120 12, 95 11, 144 11, 162 11, 184 13, 160 11, 127 10, 181 14, 104 8, 80 10, 119 15, 178 14, 122 1.91803
GN460RW 27 28 11246.9 165 3.52727
WJ986AG 7 21 11249.3 188 11, 113 10, 188 12, 146 7, 187 7, 172 11, 159 10, 140 15, 177 11, 111 13, 128 6, 106 8, 81 7, 120 11, 184 5.88043
BP207PS 12 28 11255.6 97 5, 172 14, 143 13, 82 9, 165 6, 151 6, 188 8, 152 15, 132 14, 83 11, 130 13, 113 7, 153 5, 140 9, 113 6, 169 15, 120 6, 101 6, 114 6, 178 10, 151 7, 161 1.67081
GN806FK 6 15 11257.2 125 9, 116 11, 161 5, 85 14, 158 6, 104 11, 152 9, 114 12, 108 11, 133 7, 158 7, 142 1.14789
CG506JF 25 26 11261.2 185 12.9081
GZ963HN 7 26 11264.7 146 15, 154 7, 137 5, 137 15, 184 15, 90 9, 157 7, 114 5, 102 10, 155 7, 174 14, 123 10, 183 5, 148 14, 141 12, 184 11, 147 15, 134 8, 122 14, 185 12.2811
EY788HA 16 19 11265.3 142 11, 190 10.1263
DY151AX 15 16 11271 80 7, 179 6.2905
BX161XF 13 24 11278.8 183 10, 165 13, 140 11, 97 8, 103 6, 100 12, 180 12, 121 13, 106 10, 133 13, 135 9, 113 7, 144 13.7569
HW065PP 4 26 11286.8 127 13, 161 14, 137 6, 125 7, 165 11, 114 6, 152 6, 119 5, 183 5, 187 13, 176 11, 106 11, 101 6, 115 12, 80 11, 124 14, 132 12, 144 6, 132 9, 167 9, 137 8, 152 14, 157 13, 142 14, 108 12, 112 8, 80 5, 125 1.472
JZ685JC 17 21 11290 93 6, 96 12, 175 5, 114 10, 123 15, 176 8.95455
DF668LD 27 28 11293.6 183 3.18033
TE914EH 13 16 11300.3 179 11, 182 11, 120 11.9583
VV485TT 25 26 11307.7 171 5, 134 9, 157 2.0828
JD599FJ 12 14 11317.2 130 9, 185 12, 158 4.59494
HM298MZ 11 28 11325.8 149 5, 180 7, 165 10, 152 6, 135 7, 91 10, 134 11, 98 5, 123 6, 184 14, 145 5, 189 8, 143 11, 168 15, 122 9, 154 12, 130 15, 136 13, 172 10, 116 10.2241
JK335NE 28 29 11330.2 110 7.09091
HJ864CF 18 23 11333.1 111 10, 162 8, 168 12, 142 14, 118 6, 129 9.51938
DM646GR 26 27 11335.2 138 12.5652
YT554SD 26 29 11339.6 136 8, 162 12.3951
YM388HX 2 27 11342.7 169 12, 132 6, 168 13, 80 11, 135 12, 87 14, 141 14, 111 10, 186 11, 127 6, 157 11, 182 15, 174 7, 109 15, 111 12, 168 12, 189 15, 171 10, 93 5, 157 7, 185 15, 171 15, 132 12, 160 7, 88 6, 100 8, 153 5, 108 0.518519
SR663KA 3 13 11346.9 81 9, 156 12, 144 8, 124 13, 175 5, 158 9, 161 7, 107 12, 90 8, 175 9, 111 15, 131 1.42748
EB438CN 5 22 11351.8 105 15, 152 6, 112 14, 181 6, 129 12, 148 8, 90 12, 90 9, 95 10, 147 14, 176 6, 134 13, 114 7, 174 15, 81 14, 152 13, 92 9, 141 11, 134 6, 117 8.17094
JY267JJ 15 20 11359.9 155 12, 156 14, 142 15, 113 11.2035
XW906MR 28 29 11369.2 88 6, 159 1.58491
YH865ZL 7 12 11371.2 165 5, 93 9, 85 11, 157 9, 113 14, 115 8.13913
RE637GL 28 29 11379.3 125 6.24
MH185GF 17 27 11386.7 124 15, 119 12, 112 14, 104 8, 117 5, 112 8, 117 9, 148 15, 91 5, 145 11, 123 6, 183 10, 147 5, 173 11, 85 9, 186 0.284946
YX925JF 4 17 11387.9 153 13, 174 10, 145 10, 106 7, 189 5, 124 9, 179 13, 160 7, 84 15, 90 11, 183 7, 92 9, 175 6, 180 12, 93 0.494624
ZE718RV 25 29 11390 113 13, 145 11, 138 7, 101 5, 134 7.08209
YR422YA 24 26 11397 172 12, 86 8, 150 11.7333
JF067RH 2 8 11399.1 90 8, 98 14, 157 15, 173 7, 84 14, 158 5, 182 11, 153 9.55556
VX612JD 16 29 11405.4 127 9, 148 8, 188 14, 159 12, 85 8, 80 10, 127 9, 123 6, 84 14, 138 13, 165 15, 131 15, 99 13, 95 15, 122 3.85246
GK750KD 25 29 11406 108 10, 144 14, 171 5, 93 11, 179 2.84916
CK943EM 7 26 11409.5 98 6, 180 6, 94 6, 109 6, 164 12, 91 5, 173 13, 146 6, 94 12, 156 11, 86 5, 141 7, 136 8, 145 12, 123 9, 156 11, 129 14, 114 13, 131 8, 165 11, 146 7, 147 10, 85 9, 155 11, 90 8, 102 7.83333
JV464HT 18 22 11411.2 100 11, 109 5, 91 15, 128 10, 149 8, 99 6, 85 0.8
KL487ZG 6 7 11420.6 160 6.525
SD545XL 19 24 11421.6 171 15, 147 5, 112 6, 124 15, 133 6, 100 15, 103 9, 138 4.84783
HK930JW 11 15 11425.4 147 8, 158 15, 96 5, 103 10, 164 4.9878
MJ298DV 21 25 11432 121 8, 128 6, 180 8, 115 11, 143 13, 174 5.44828
HZ176SW 7 23 11438.8 80 8, 102 13, 118 8, 135 13, 168 7, 124 8, 158 8, 157 9, 143 9, 132 13, 164 9, 149 6, 133 12, 125 7, 140 14, 90 6, 134 11, 139 9, 166 11.0181
ML727BF 6 15 11447.6 189 7, 95 9, 163 12, 89 12, 102 9, 109 5, 183 15, 99 7, 132 15, 129 4.10078
KC048WS 7 21 11448.9 165 9, 93 14, 115 12, 103 11, 148 5, 150 5, 123 9, 86 14, 127 15, 93 10, 118 5, 160 10, 137 12, 148 6, 133 8, 92 7, 149 5, 189 7, 187 4.85561
SW604ZA 7 29 11458.7 99 10, 174 9, 181 10, 123 12, 154 5, 135 9, 181 7, 169 14, 114 13, 123 9, 107 9, 144 15, 178 11, 84 13, 111 14, 176 9, 97 5, 134 7, 173 5, 98 5, 167 14, 112 11, 101 6, 122 13, 110 6, 166 9.12048
KP686RC 12 13 11464.5 190 6.94737
GJ725VD 1 11 11473.6 129 15, 136 15, 123 10, 146 5, 148 11, 118 10, 185 10, 103 12, 172 5, 152 7, 94 10, 88 7.85227
CT238KE 24 29 11478.8 173 11, 167 5, 144 15, 147 15, 129 3.91473
FG954AK 16 23 11485.4 82 10, 164 14, 111 6, 144 9, 116 10, 110 12, 170 14, 121 9, 184 0.690217
EG547DS 19 22 11494.7 175 14, 163 5, 145 13, 131 2.41221
WP983BK 21 29 11499.3 142 6, 83 10, 96 7, 117 7, 106 11, 86 5, 140 11, 87 11, 133 15, 129 7, 170 7, 80 15, 163 1.09202
YR441DN 17 26 11505.2 103 13, 98 13, 103 7, 123 9, 123 8, 134 9, 176 13, 156 14, 122 9, 144 15, 161 9, 189 5.14286
PD367YL 4 13 11511.3 121 7, 155 13, 133 5, 108 8, 97 13, 149 14, 170 10, 168 13, 152 7.06579
CW370DR 26 28 11518.9 164 9, 91 9.23077
BK492LN 11 24 11525 150 14, 120 5, 88 13, 158 9, 168 8, 138 15, 103 6, 173 6, 160 12, 98 14, 167 6, 107 8, 121 11, 181 13, 188 8.52128
GM282BJ 3 25 11529.7 94 5, 139 12, 84 13, 138 5, 151 7, 172 7, 144 11, 164 5, 86 9, 89 9, 97 9, 176 13, 186 15, 168 9, 179 8, 173 11, 88 12, 106 9, 185 6, 114 5, 189 11, 173 14, 123 8, 158 11, 100 6, 157 6, 103 8, 90 8.05556
YG795TZ 20 21 11537.9 99 11, 150 8.3
WX407LA 12 14 11542.5 108 12, 149 10, 176 7.55682
CW971ZK 4 20 11549 96 14, 187 14, 128 6, 174 6, 140 12, 152 6, 139 8, 130 9, 168 14, 121 6, 87 12, 87 8, 114 8, 105 15, 145 7, 121 14, 160 10, 81 15, 161 2.35404
VB297AK 2 5 11554.9 141 15, 89 13, 146 5, 98 8, 174 0.321839
BK584WD 6 20 11556.8 112 12, 162 15, 172 6, 177 8, 87 15, 82 6, 135 11, 90 14, 86 7, 109 14, 177 12, 108 10, 159 7, 138 9, 120 10, 111 3.61261
BN547VT 16 28 11566.4 127 11, 149 8, 146 14, 131 8, 171 7, 155 10, 140 13, 113 10, 109 10, 104 6, 110 5, 183 14, 131 11, 133 7, 105 13.9429
LW181KR 15 19 11576.2 133 10, 80 10, 102 11, 166 11.5663
CH841ZV 17 22 11582.4 166 15, 101 10, 110 14, 137 8, 164 11.4268
HD622PF 13 16 11591 126 6, 126 12, 122 14, 184 7.77174
JS023GA 17 25 11600.5 87 9, 111 15, 106 10, 106 14, 86 13, 174 5, 85 15, 116 13, 184 6, 150 10, 139 7, 122 7, 174 1.14943
SN577GA 17 29 11604.4 169 15, 105 13, 171 13, 187 14, 155 12, 128 11, 89 11, 87 14, 81 10, 140 12, 85 12, 80 14, 88 11.8409
TA882AD 26 28 11610 189 10, 119 3.57983
VW805ZP 4 14 11617.1 169 7, 119 15, 188 11, 87 14, 116 10, 190 5, 162 10, 190 10, 95 14, 158 11, 134 4.02985
RM296ZW 10 14 11619.9 140 14, 153 12, 183 5, 119 8.0084
XC602AG 22 23 11622.3 126 8, 172 6.94186
KW173SA 13 18 11627.7 122 15, 133 14, 119 10, 99 9, 106 13, 127 8, 163 0.288344
FX634EX 20 27 11628.9 109 9, 146 12, 185 13, 140 12, 96 7, 165 5, 164 13, 185 12, 179 5.7933
EX957JP 27 29 11638.9 150 6, 119 3.88235
DG319TM 3 13 11639.5 179 5, 90 15, 188 6, 190 13, 179 11, 142 15, 172 6, 188 5, 111 6, 98 13, 110 3.32727
WE707NW 14 20 11649.2 85 9, 92 15, 161 9, 104 9, 171 11, 118 8, 102 6, 183 2.1694
BY632KG 10 26 11652.1 173 7, 135 5, 170 6, 109 13, 126 7, 143 11, 155 15, 136 8, 173 15, 166 14, 180 5, 183 15, 121 8, 110 12, 107 14, 168 5, 139 13, 105 7.71429
XN384AE 17 26 11653.2 85 14, 187 7, 154 9, 173 12, 158 10, 157 9, 130 9, 89 11, 180 13, 94 13, 137 5, 111 11, 110 1.91818
XB732WZ 19 23 11659 126 15, 160 14, 127 11, 178 12.0281
AM332MV 10 28 11666.3 175 5, 83 14, 160 11, 89 8, 181 14, 174 10, 162 15, 186 9, 163 14, 91 9, 150 10, 82 10, 154 7, 85 6, 92 11, 118 8, 140 6, 188 5, 144 5, 138 9, 85 14, 107 11, 97 3.63918
BW282SP 17 19 11668 130 5, 105 9, 89 10.6629
FE155GH 5 26 11674.3 80 15, 185 10, 185 7, 100 10, 164 6, 130 7, 169 7, 107 14, 84 14, 166 12, 185 15, 102 7, 167 7, 107 12, 178 12, 133 10, 84 14, 125 6, 141 7, 113 15, 132 14, 111 13, 94 13, 148 11, 158 11.0949
KG235WM 3 19 11679.9 150 9, 98 13, 176 5, 110 11, 175 12, 180 8, 121 9, 140 12, 98 5, 118 7, 142 11, 136 13, 84 10, 166 7, 127 12, 96 9, 136 7, 103 13, 145 5.25517
GA129JE 10 23 11688.8 94 14, 90 5, 118 5, 153 13, 152 7, 94 5, 180 9, 185 15, 159 9, 187 5, 98 6, 116 14, 99 5, 153 7, 180 7, 96 11, 173 4.01156
EZ780VV 12 18 11696.5 110 12, 188 5, 156 11, 103 6, 184 11, 119 7, 86 12, 175 6.00571
XW937HJ 15 20 11697.3 80 9, 136 13, 86 10, 164 9, 118 14, 180 5.35556
JT900MM 18 23 11698.2 153 8, 126 10, 185 8, 182 7, 113 13, 157 10.4395
XP464DM 6 20 11705.3 122 7, 121 10, 186 11, 139 10, 176 11, 117 11, 120 6, 184 10, 143 12, 99 14, 152 14, 115 6, 86 5, 177 5, 126 6, 153 5.08497
YJ582CY 6 17 11707.3 184 9, 139 8, 84 15, 101 14, 82 8, 123 8, 171 6, 87 6, 149 8, 172 14, 152 9, 125 7, 181 4.23757
NJ675TR 3 8 11712.4 147 13, 164 8, 135 5, 150 5, 86 10, 185 12, 87 10
CF850JZ 15 20 11718.4 118 10, 126 11, 109 7, 176 11, 106 8, 135 6, 159 3.25157
ZW963XE 7 9 11721.8 158 14, 80 10, 151 0.794702
DK279SE 21 25 11724.5 137 15, 151 15, 104 11, 187 5, 183 4.63934
PB852MR 18 25 11734.5 168 8, 182 14, 110 14, 123 9, 162 7, 101 8, 176 9, 86 10, 120 12, 108 1.50926
BD146WP 28 29 11740.9 173 4.50867
HN077GV 28 29 11744.4 123 6.34146
TP025LL 14 17 11745.5 170 13, 115 8, 182 2.31868
AF963DA 15 27 11754.2 94 6, 87 10, 88 15, 156 11, 107 11, 134 11, 154 12, 126 15, 150 13, 87 7, 146 14, 91 14, 83 9, 178 13, 112 5, 143 5.5035
AV377XE 11 17 11754.9 161 7, 98 12, 163 12, 90 12, 100 9, 164 10, 112 5.5625
VD658JB 23 28 11761.4 97 9, 88 11, 126 12, 110 12, 177 9, 129 13, 186 5.06989
WZ173WS 1 7 11761.9 158 11, 84 6, 139 5, 162 9, 94 13, 117 14, 91 6, 126 13, 150 1.67333
HB904RR 2 13 11770.2 137 12, 177 8, 183 15, 175 12, 178 15, 155 5, 159 12, 188 11, 143 7, 94 4.07447
LD733BL 14 17 11775.1 183 7, 114 10, 106 8, 141 2.00709
HY928YT 27 28 11781.6 150 3.88
JN332WE 24 27 11787.3 84 5, 141 11, 157 12, 181 6, 118 10, 140 0.892857
CT904AA 4 25 11792.6 102 14, 108 12, 160 15, 186 13, 133 9, 190 8, 98 7, 182 9, 174 15, 132 7, 107 6, 120 5, 189 10, 184 15, 82 14, 131 15, 93 13, 137 14, 124 10, 176 14, 166 8.94578
YG820HG 18 22 11798.6 84 5, 99 13, 149 9, 111 11, 98 8, 163 6.69325
EL071GE 20 28 11803.9 106 13, 163 9, 190 15, 167 5, 136 7, 138 6, 123 12, 156 10, 182 7, 167 6, 136 4.88235
SP431KB 17 19 11811.8 101 12, 166 8, 173 0.0231214
SC172FJ 1 18 11813.5 180 9, 144 10, 129 14, 124 14, 140 10, 175 7, 175 9, 107 14, 99 11, 184 11, 117 9, 96 11, 95 5, 186 6, 94 6, 114 13, 113 10, 125 5, 136 7, 155 6, 172 5, 148 0.648649
JY181RD 26 29 11820.3 165 8, 161 7, 168 3.8631
RH815HA 19 21 11829 92 7, 166 8, 90 12, 188 7, 174 1.34483
CK900EA 1 3 11835.6 87 8, 153 14, 167 2.87425
MM847PM 7 22 11843.9 89 13, 117 12, 149 15, 134 6, 169 14, 101 12, 113 15, 113 6, 111 10, 159 14, 181 6, 163 10, 138 5, 85 7, 173 8, 103 14, 102 4.82353
FP010EH 18 29 11853 139 5, 123 5, 120 11, 112 6, 155 11, 90 5, 151 10, 91 7, 176 12, 150 15, 89 12, 158 15, 128 11, 131 9.16031
TN702WZ 18 25 11861.3 162 13, 170 5, 169 6, 101 13, 85 13, 119 12, 124 8, 125 14, 110 10, 98 8.87755
XN671SB 17 29 11870.3 188 7, 154 13, 158 12, 159 7, 80 5, 165 5, 173 9, 117 13, 174 11, 83 6, 128 6, 146 11, 145 15, 80 15, 123 8, 129 0.79845
WV870HR 8 11 11875 125 12, 132 13, 91 2.76923
NR920KL 20 29 11883.4 108 11, 186 5, 134 6, 147 5, 136 15, 151 15, 187 6, 156 6, 160 7, 173 5, 100 9, 144 8, 156 6.46795
NP523YE 27 29 11888.6 184 7.40217
TX778GR 5 7 11893.1 89 8, 99 6, 133 10, 99 12, 139 1.41007
AL988SK 20 23 11900.1 159 8, 146 8, 155 8, 81 7, 97 10, 177 1.0339
BD024WG 9 22 11904.4 148 12, 122 13, 89 12, 96 12, 157 15, 100 8, 128 15, 176 13, 159 9, 161 9, 102 11, 167 9, 109 5, 91 0.868132
KJ130LG 10 21 11911.8 155 8, 101 6, 134 10, 154 13, 108 7, 144 7, 189 10, 94 15, 170 12, 144 13, 186 10, 151 2.23841
MA173VX 3 17 11919.5 141 15, 128 8, 172 14, 125 10, 165 10, 182 9, 130 13, 131 11, 162 7, 158 14, 187 8, 81 6, 104 6, 89 7, 166 4.68072
HK905BS 2 19 11921.4 87 13, 165 12, 148 10, 83 12, 112 7, 190 14, 149 9, 155 14, 139 14, 136 7, 176 13, 90 9, 101 11, 143 15, 161 9, 107 5, 133 13, 99 0.959596
JX773VX 7 25 11927.5 118 14, 141 14, 165 14, 126 7, 141 7, 123 7, 87 6, 90 6, 123 14, 84 10, 148 8, 180 11, 174 14, 149 11, 102 9, 85 5, 156 12, 126 15, 164 11, 81 11, 181 6.96685
HA597BS 16 27 11929.5 101 6, 105 14, 174 6, 147 11, 115 10, 116 8, 167 5, 89 13, 124 6, 135 8, 119 7, 132 11, 189 12, 135 7, 180 10, 105 8, 172 4.00581
SB817MC 28 29 11938.6 162 4.81481
EV674MX 15 23 11940.4 87 11, 159 13, 112 6, 152 11, 177 9, 135 8, 104 15, 190 12, 151 6.35099
ZJ814NW 22 28 11945.5 119 12, 115 13, 87 6, 152 14, 165 11, 124 15, 93 9, 100 7, 134 2.26119
AP015GC 15 17 11946.8 158 12, 100 7.32
FG022GN 4 27 11956.4 169 15, 185 13, 107 11, 157 8, 95 13, 100 9, 107 5, 157 8, 94 12, 142 11, 155 11, 103 15, 130 8, 121 14, 177 5, 130 12, 87 6, 168 12, 93 12, 120 11, 160 5, 88 15, 89 15, 116 15, 175 12, 102 6, 139 5, 123 10, 96 3.5
DF303PL 3 18 11962.2 174 12, 103 8, 151 8, 158 13, 103 10, 162 13, 117 13, 135 14, 93 5, 161 14, 185 9, 98 10, 180 15, 153 6, 80 9.1375
WC668CG 15 20 11968.2 140 7, 170 5, 135 6, 139 10, 149 15, 190 6.18421
KA112WN 14 21 11969.2 86 13, 156 5, 133 8, 180 13, 98 10, 110 14, 171 5, 181 9, 105 3.73333
WV652RJ 3 9 11978.1 86 13, 184 8, 138 12, 104 10, 135 13, 156 14, 150 1.86
FM982GN 8 13 11985.9 177 11, 140 12, 132 10, 126 5.35714
LP685ZP 6 27 11988.6 92 9, 182 11, 85 6, 182 9, 182 14, 163 10, 152 15, 186 6, 105 15, 126 8, 148 6, 94 10, 128 5, 169 8, 116 14, 171 5, 131 11, 148 14, 186 12, 91 12, 166 13, 94 8, 182 7, 132 9.85606
WA695DM 5 14 11994.4 122 12, 111 13, 175 9, 175 15, 116 6, 163 10, 126 13, 80 13, 132 5, 178 10.6348
BK836PR 16 27 12003.3 103 7, 178 13, 149 5, 134 6, 128 14, 178 8, 140 12, 176 5, 158 6, 124 9, 155 8, 126 11, 142 12, 91 11, 108 13, 168 1.77976
NT330NH 28 29 12005 140 5.57143
EV391XW 16 28 12011.8 178 12, 95 6, 112 10, 119 13, 83 8, 172 5, 157 7, 113 13, 128 13, 190 11, 145 6, 119 10, 187 13, 171 7, 95 11.9263
MD368JK 10 26 12013.3 118 7, 163 15, 166 5, 149 6, 135 14, 99 7, 161 7, 177 15, 118 7, 164 5, 162 7, 107 11, 136 15, 91 9, 119 14, 119 5, 105 7, 129 14, 139 9, 181 8, 80 4.0125
PG296XM 24 25 12022 163 9, 158 4.15823
MR728RH 9 27 12025.1 148 13, 94 13, 92 11, 101 10, 115 12, 151 14, 116 10, 96 13, 182 8, 181 15, 113 13, 190 5, 103 8, 85 7, 176 7, 150 9, 189 13, 115 10, 127 8, 181 11, 128 7, 142 2.88028
MZ325RF 27 28 12030.2 125 4.656
MN615DA 21 24 12037.2 159 10, 152 12, 152 5, 124 7.66129
ZG103LL 6 14 12038.1 181 9, 168 7, 120 8, 82 14, 104 12, 182 10, 168 9, 117 7, 171 5, 135 3.85926
VB899AG 3 8 12038.7 102 14, 168 14, 107 5, 97 7, 91 14, 138 7, 127 9, 127 1.74016
FK008ST 3 21 12041.9 113 7, 138 6, 86 14, 141 12, 163 10, 160 8, 85 11, 162 11, 183 15, 168 12, 83 12, 160 13, 89 8, 158 14, 100 14, 166 11, 166 5, 85 9, 92 10, 109 9.81651
HG901AK 26 28 12044 183 5, 133 10, 85 0.835294
DY986MJ 3 13 12052.4 154 7, 159 6, 129 14, 87 6, 129 11, 185 10, 109 11, 115 11, 182 12, 172 5, 121 8.95041
SY683VN 22 27 12061.8 180 12, 108 14, 172 8, 91 5, 177 6, 106 6, 126 14, 111 7, 178 4.29213
NA832GZ 26 28 12065.9 93 6, 114 11, 112 4.5
ZW288CR 6 25 12073.3 85 10, 91 9, 167 12, 141 12, 122 9, 103 14, 109 15, 166 8, 159 13, 93 12, 101 10, 86 12, 158 10, 179 11, 140 11, 97 7, 185 14, 163 15, 167 9, 168 7, 86 0.686047
KE655LY 8 27 12078.3 189 6, 150 8, 101 11, 87 13, 93 8, 171 10, 162 13, 125 10, 88 11, 93 5, 176 10, 83 5, 180 11, 113 12, 137 15, 149 14, 133 7, 121 7, 90 11, 190 5, 147 8, 168 8, 155 9, 131 5, 155 4.69032
YB415XS 27 29 12084 170 8.01176
BJ639GL 10 14 12091.8 140 14, 188 6, 82 6, 185 11.2649
CK700HA 24 26 12096.5 122 8, 104 7, 91 9, 185 7, 128 5.42187
NM062HD 10 22 12101.1 137 5, 111 6, 82 14, 189 7, 120 12, 152 5, 125 6, 149 9, 160 13, 177 6, 87 6, 150 12, 175 6, 134 14, 162 4.46296
JZ391DB 18 27 12103.6 151 5, 183 9, 169 11, 144 15, 145 9, 169 14, 90 11, 86 14, 150 14, 89 5, 168 10.8274
LB832TZ 23 26 12109.3 167 9, 97 14, 106 9, 128 13, 112 9.74107
XF114GY 3 20 12117.1 125 5, 94 9, 104 15, 155 13, 128 6, 177 10, 186 14, 123 9, 165 9, 187 13, 135 11, 168 8, 146 14, 129 14, 136 15, 120 12, 97 0.103093
TC347AN 1 14 12123.8 102 13, 179 5, 139 6, 189 8, 85 12, 127 15, 100 11, 81 10, 149 7, 169 8, 177 13, 110 9, 190 13, 89 6, 133 10, 164 5, 139 0.661871
SR341XB 14 26 12130.3 166 10, 123 14, 100 8, 166 11, 103 8, 92 13, 143 10, 111 13, 110 11, 115 5, 170 14, 168 9, 93 11, 84 14, 169 6, 121 4.4876
AP419FT 3 29 12135.5 127 10, 179 5, 93 8, 160 14, 130 15, 181 7, 87 9, 178 9, 81 10, 174 13, 123 11, 91 8, 133 7, 159 13, 120 10, 107 6, 90 11, 82 13, 156 15, 91 12, 109 13, 164 15, 144 7, 100 8, 164 14, 166 6, 155 10, 117 7, 124 12, 160 8.625
SZ947XC 1 14 12142.1 156 9, 132 14, 110 13, 96 7, 106 15, 80 7, 184 11, 96 6, 102 14, 184 7, 146 9, 119 9, 189 9, 170 12, 171 5, 81 6.58025
WV886ZV 13 20 12148.2 113 6, 167 14, 161 11, 93 12, 110 11, 148 6, 89 10, 104 5, 122 8, 93 8.31183
RV693KR 1 8 12156 159 14, 83 10, 183 8, 189 14, 116 13, 143 6, 89 13, 100 12, 134 0.201493
CA499YY 4 28 12159.1 189 14, 97 5, 161 7, 170 7, 131 11, 135 8, 90 14, 153 13, 91 7, 184 10, 83 12, 135 6, 135 11, 154 8, 145 7, 115 5, 172 8, 131 15, 114 13, 176 9, 86 5, 90 10, 138 13, 144 9, 107 15, 88 10, 155 11, 159 8, 119 5, 91 11, 112 4.00893
CN509CJ 8 28 12168.5 127 8, 168 5, 159 15, 189 9, 109 5, 138 13, 137 11, 108 5, 177 10, 110 10, 170 5, 97 8, 164 8, 164 10, 102 11, 177 12, 137 12, 152 15, 148 11, 144 6, 141 12, 176 9, 173 2.04624
EF826AG 2 17 12174.7 129 12, 112 11, 161 8, 169 7, 90 10, 98 10, 170 13, 153 9, 96 15, 177 13, 99 7, 158 7, 120 8, 138 6, 163 6, 163 8, 120 15, 146 6.36986
EV008CW 21 23 12179.5 187 15, 89 2.93258
RK820JY 15 29 12189.5 164 9, 164 13, 178 6, 182 6, 92 13, 169 12, 88 15, 126 5, 107 8, 110 15, 151 13, 129 6, 135 13, 114 12, 158 15, 116 7.13793
RS833PA 14 22 12197.1 80 8, 184 7, 107 11, 141 14, 97 13, 136 11, 134 5, 109 15, 145 9.8
FV252YN 19 20 12202.7 129 8, 95 10, 80 3.575
HV665GM 25 28 12209.7 105 7, 166 11, 182 9, 102 4.95098
EJ757BA 7 14 12215.8 116 7, 107 8, 164 5, 130 10, 133 10, 165 8, 156 9, 189 7, 159 9.30189
CZ013FP 26 28 12219.4 86 12, 144 8.91667
LX573JW 7 22 12223.3 189 14, 159 10, 111 13, 138 5, 81 6, 122 5, 105 7, 154 6, 118 12, 107 8, 88 13, 127 5, 178 7, 100 9, 84 11, 134 13, 123 11, 90 7, 92 12, 159 7.1195
RB732SL 19 21 12226.5 159 7, 88 7, 95 8, 132 6, 100 6, 85 8.48235
CJ578GG 18 23 12232.7 127 8, 165 11, 180 9, 113 7, 84 14, 101 13, 167 3.68263
BF675HW 28 29 12235.1 107 6, 169 0.816568
GM976PY 14 25 12242.2 99 13, 98 9, 175 13, 86 10, 156 9, 129 11, 131 6, 148 8, 82 8, 167 11, 174 14, 183 6, 186 8, 126 2.65079
BX425EG 5 9 12245.4 114 8, 88 8, 144 12, 170 11, 179 10.8268
ND351ED 27 29 12246.9 176 6, 169 1.81065
GT046TL 8 20 12252.8 110 11, 176 15, 100 12, 100 8, 124 8, 154 10, 104 6, 166 15, 128 14, 108 9, 126 15, 141 4.48227
PP400CB 6 18 12256 163 14, 151 8, 92 11, 97 6, 152 5, 81 5, 148 7, 126 8, 80 7, 160 5, 176 8, 86 12, 150 15, 176 9, 80 10, 156 2.42949
GC399DG 18 28 12259.5 103 5, 149 8, 97 6, 190 7, 182 12, 155 6, 168 9, 161 10, 107 11, 135 8, 85 9, 141 10, 144 8, 175 5, 80 11.475
YK849EG 3 18 12260 113 14, 108 10, 180 12, 128 8, 176 5, 127 12, 182 13, 109 13, 141 8, 126 9, 125 8, 83 10, 91 14, 91 13, 103 5, 156 10, 115 15, 159 0.327044
KG305YW 4 14 12261.8 140 12, 173 10, 179 14, 121 5, 109 10, 85 6, 122 15, 190 10, 109 9, 155 11, 163 5.8589
PN636EY 20 24 12265.8 162 10, 130 14, 128 11, 138 5, 136 11, 186 2.27957
DW905NA 27 28 12273.5 160 3.6375
DG437YZ 13 17 12283.2 173 13, 103 5, 114 11, 164 11, 115 4.57391
HJ701DW 28 29 12285.1 138 5.65217
FC023JT 25 26 12290.2 88 10, 145 10.4
JG396RJ 17 21 12294.4 122 11, 173 15, 129 5, 140 6, 123 7, 138 6.25362
HZ753SP 15 26 12303.8 174 13, 139 15, 113 6, 153 14, 110 12, 134 9, 91 6, 123 14, 124 7, 101 13, 162 5, 99 14, 179 10, 90 12, 81 2.49383
ED334VX 24 27 12308 93 9, 135 11, 169 5, 160 10, 134 10, 125 1.112
JK805GX 17 22 12308.7 169 10, 131 11, 190 11, 178 13, 149 3.18792
PD688WF 17 22 12315.7 116 15, 125 9, 176 6, 120 5, 109 9, 135 11, 166 6.16265
HF354YK 19 25 12323.2 125 5, 139 12, 106 7, 90 11, 89 14, 159 8, 167 8, 113 13, 89 8, 97 7, 174 6.38506
NL868PG 24 25 12328.3 98 8, 140 5, 173 3.69942
RX511LS 3 8 12336.7 189 10, 142 9, 121 8, 109 12, 118 12, 175 9.93143
MK134XE 27 28 12339.9 155 3.75484
EL511YF 17 20 12341.7 140 9, 135 10, 127 5, 144 10.8819
RF829YB 6 9 12346.2 90 12, 188 12, 98 5, 131 2.67176
FN713HA 2 21 12355.7 139 13, 103 15, 102 10, 129 12, 174 14, 82 10, 121 8, 137 13, 149 9, 103 7, 126 14, 127 8, 132 11, 143 9, 123 11, 141 13, 111 5, 137 10, 111 8, 105 10, 145 13, 163 7, 142 4.38732
WJ875MA 18 24 12357.7 96 7, 90 5, 174 11, 181 7, 99 5, 140 13, 139 14, 85 11, 113 5, 106 3.20755
VC902GV 23 25 12366.4 132 9, 115 13, 109 13, 114 0.719298
NS687GP 18 24 12373.6 177 13, 121 11, 87 11, 113 7, 114 12, 178 7, 173 13.9306
FN496SX 25 29 12378.1 127 9, 138 5, 182 6, 185 13, 85 1.81176
RL303GL 22 27 12383.2 101 14, 100 9, 101 13, 147 11, 180 12, 119 9, 162 12.537
BE399VC 24 29 12385.6 94 13, 81 7, 119 15, 153 7, 172 13, 129 5.63566
CS211DX 22 27 12387.7 123 15, 107 7, 166 15, 122 5, 168 6, 154 13, 96 13, 142 3.90141
BY926MH 13 28 12394.9 103 11, 133 10, 151 5, 108 9, 163 14, 108 10, 182 7, 99 13, 176 12, 187 10, 112 9, 184 8, 137 6, 127 8, 145 5, 178 6, 107 12, 81 14, 96 14, 162 9.12346
TT721ZN 14 27 12403.7 175 7, 183 12, 146 12, 170 5, 183 6, 104 15, 132 5, 107 7, 160 10, 138 6, 112 15, 107 11, 169 10, 177 15, 176 6, 146 8.84932
PW982DF 14 16 12413.5 119 7, 145 6, 161 5.63354
KS514PM 18 26 12414.5 148 10, 90 14, 98 6, 190 14, 165 6, 106 14, 100 6, 84 12, 142 12, 91 10, 128 5, 155 8, 149 2.36242
DC036AL 17 22 12416.9 129 10, 186 7, 175 8, 101 12, 86 10, 142 6, 88 11, 139 0.906475
PC987CV 12 20 12424.9 161 5, 179 7, 168 13, 162 6, 173 11, 150 10, 145 13, 83 10, 182 6.30769
XG709WM 20 29 12431.5 148 6, 99 15, 125 14, 159 7, 116 7, 161 6, 141 7, 144 12, 189 8, 107 15, 99 7, 164 9.31098
VL472GM 18 29 12432 127 12, 101 6, 162 9, 169 15, 120 15, 109 11, 85 13, 119 10, 181 6, 162 14, 111 12, 164 11.6402
GH739ZZ 25 28 12440.7 117 13, 123 6, 148 8, 144 8.75694
EW005PZ 26 28 12444.4 102 14, 126 7.04762
VV201FR 18 26 12449.6 183 13, 109 12, 189 11, 120 14, 165 11, 100 9, 86 14, 80 7, 171 8, 173 8, 180 1.32778
HX759LH 22 27 12458.7 181 7, 149 12, 140 9, 90 8, 122 7, 126 11, 86 11, 94 15, 187 4.67914
TK104FN 7 26 12460.4 144 14, 105 11, 168 10, 185 7, 166 9, 106 12, 105 13, 97 10, 123 14, 88 8, 180 13, 147 14, 190 8, 133 11, 124 7, 93 10, 125 6, 131 12, 188 10, 138 13, 100 14, 170 4.29412
ZG699DP 22 26 12468.2 182 11, 169 7, 124 8, 100 11, 90 7, 144 14, 126 6.7381
TX057YY 9 23 12473.6 184 10, 153 10, 113 14, 91 9, 144 13, 103 8, 93 12, 83 11, 146 6, 105 7, 96 5, 164 13, 166 13, 188 13, 152 10, 101 4.30693
ZR127VZ 14 28 12481.5 165 14, 129 15, 87 9, 178 11, 93 6, 158 9, 150 11, 188 12, 156 9, 95 11, 139 6, 86 10, 190 12, 85 11, 141 14, 160 2.7875
VB643LA 25 27 12483.9 80 9, 179 12, 156 8.03846
VX840VN 5 13 12492.2 151 13, 175 6, 127 9, 161 5, 116 12, 190 9, 96 15, 146 9, 119 7, 175 1.24571
FC134XA 11 20 12498.5 155 7, 156 11, 148 8, 86 14, 121 8, 83 10, 154 5, 88 12, 129 7, 114 13, 149 6, 184 6.6413
LX908PB 26 28 12504.6 151 7, 95 12, 166 0.716867
RS624FB 28 29 12510.3 106 6, 184 0.782609
KM837JZ 6 7 12519.7 105 8, 167 1.22156
HY717NY 12 26 12528.9 98 15, 176 13, 116 14, 143 11, 172 15, 181 12, 178 7, 151 14, 162 15, 109 6, 174 10, 95 5, 108 15, 156 7, 130 8, 91 3.64835
NJ556YJ 6 20 12537.6 145 12, 188 5, 160 12, 95 5, 119 11, 161 7, 126 5, 153 10, 177 11, 101 14, 190 14, 179 10, 156 7, 118 12.5254
KT726RV 19 20 12545.6 102 11, 176 6.51136
LJ627GV 28 29 12553.5 175 4.45714
VX488HP 16 25 12560.8 185 14, 136 5, 85 13, 178 6, 165 8, 154 13, 128 8, 93 11, 124 5, 167 5, 176 8, 111 8, 184 4.20109
EJ982RX 21 24 12569.5 126 8, 182 13, 175 8, 114 3.07018
KS904LY 21 27 12570.5 116 9, 183 10, 121 12, 106 6, 155 10, 185 11, 187 10, 92 10.3587
NB168MC 25 29 12571.6 188 9, 186 15, 174 5.75862
JR028TB 25 26 12578.1 168 11, 114 4.73684
TX292YP 24 28 12588 169 5, 150 5, 90 9, 88 15, 145 10, 152 5, 111 6, 176 1.28977
TR942RM 16 24 12593.9 131 8, 150 12, 143 10, 117 9, 187 8, 137 9, 162 9, 87 13, 139 10, 169 6.94083
WF835JB 25 27 12594.8 132 12, 150 15, 148 1.94595
LD217FA 4 12 12598 100 14, 165 6, 167 7, 136 6, 94 7, 175 15, 99 13, 141 8, 138 9, 164 0.371951
BH871GS 21 29 12601.2 158 11, 163 12, 91 9, 109 14, 164 6, 107 14, 93 8, 176 15, 159 5.20126
DR767AZ 21 25 12608.6 152 10, 86 6, 153 11, 164 11, 111 15, 116 0.517241
DE049TL 11 22 12615 149 15, 189 14, 86 8, 154 14, 165 15, 149 12, 180 12, 118 12, 111 8.54054
PT578VK 24 27 12622.1 101 11, 181 5, 185 13, 106 14, 181 1.88398
XH244TC 8 12 12626 121 8, 169 10, 147 11.1837
GL292BR 28 29 12632.9 99 6, 105 1.77143
JG530DE 20 23 12638.3 105 7, 160 8, 190 13, 156 5.86538
HN505CK 2 6 12645.5 89 14, 144 14, 175 6, 136 10, 99 11, 158 6, 145 0.751724
EG232HN 17 23 12648 90 6, 101 12, 176 9, 179 10, 181 15, 100 9, 180 8.17222
WW105JC 5 8 12654.9 114 9, 94 13, 189 10, 80 8, 157 9.35032
HW354GE 20 23 12658.1 99 7, 83 14, 158 5, 159 13, 113 6.0885
PG651HN 16 19 12661.7 121 8, 144 14, 106 4.73585
AG823RX 15 19 12668.3 94 11, 110 11, 184 11, 155 5.83226
RM911YC 12 21 12669 81 14, 141 11, 102 13, 151 13, 87 13, 170 6, 88 7, 160 9, 86 14, 131 12, 167 5, 81 7, 133 3.42105
AP996LY 21 28 12678.9 149 15, 166 9, 184 10, 138 10, 165 10, 122 8, 108 13, 89 10.9326
YX469MR 28 29 12687.1 80 9.75
ET842FB 12 24 12692.2 163 7, 102 15, 148 9, 90 15, 112 5, 158 14, 189 13, 114 12, 120 10, 143 14, 89 6, 93 9, 148 9, 161 7, 123 7.77236
WN213VZ 2 29 12694.9 143 6, 92 13, 188 12, 152 11, 151 5, 135 6, 151 7, 113 15, 103 5, 128 9, 129 8, 140 13, 121 9, 160 5, 190 7, 99 13, 83 9, 107 11, 147 6, 166 6, 159 10, 86 11, 94 7, 144 13, 132 11, 182 8, 143 7, 92 13, 178 14, 157 9, 111 12, 187 11, 81 10, 145 10.5862
AS832FG 25 29 12704.8 153 5, 131 6, 105 11, 104 11, 94 12, 171 2.95906
GZ946MM 25 28 12711.3 94 5, 113 11, 170 6, 104 9, 97 10.6701
LN169ZZ 26 27 12720.7 135 7, 99 7.9697
MA469JW 28 29 12726.2 120 6.5
KK406KY 21 24 12730.4 98 9, 84 14, 155 8, 178 10.2584
HV841YH 28 29 12733.2 190 4.10526
EG092GM 3 4 12736.6 112 6, 110 7, 174 0.471264
VH288FJ 22 23 12739.5 128 14, 162 2.53086
PY436TA 2 27 12740.8 135 7, 171 10, 163 15, 85 11, 93 11, 116 11, 149 10, 160 6, 155 12, 80 15, 172 7, 85 7, 185 10, 117 12, 93 5, 140 8, 86 15, 114 8, 146 6, 84 5, 128 5, 105 6, 80 13, 91 5, 143 15, 87 13, 146 13, 130 6, 138 11, 189 15, 89 8, 124 6, 157 15, 120 5.925
ET330RZ 2 21 12747.9 164 9, 116 11, 160 15, 133 6, 117 8, 88 6, 179 12, 93 15, 112 10, 157 7, 126 11, 139 11, 167 6, 115 15, 91 12, 149 15, 153 14, 107 7, 183 6, 96 9, 149 9, 90 11, 85 7, 125 2.24
AP395NX 4 16 12757.8 175 9, 152 5, 169 13, 151 15, 104 8, 173 7, 176 7, 113 10, 135 15, 89 14, 161 6, 80 6, 188 6, 184 5, 98 1.37755
PX935NB 12 26 12765.3 122 13, 108 9, 187 5, 120 7, 81 10, 105 7, 137 6, 179 9, 138 13, 100 15, 182 14, 134 6, 100 7, 176 6, 94 13, 99 5, 91 10, 187 12, 122 13, 80 14, 81 1.97531
RS648FF 15 20 12774 165 7, 95 10, 89 15, 87 5, 141 6, 88 15, 141 6, 107 5, 153 0.117647
GW445TX 10 14 12778.3 88 11, 179 9, 154 13, 182 5.95055
SD871RJ 7 13 12782.1 185 12, 190 12, 132 5, 82 10, 126 13, 160 1.4375
NC417GS 11 28 12791.2 189 15, 115 14, 93 15, 115 13, 113 9, 140 9, 145 12, 108 7, 156 7, 169 15, 124 9, 149 14, 86 9, 122 6, 88 13, 88 7, 175 13, 130 13, 179 8
YW479PC 9 18 12799 139 8, 137 13, 143 12, 177 7, 151 9, 189 10, 107 13, 176 6, 92 8, 172 3.77907
FJ591AF 5 14 12808.5 159 10, 109 12, 162 11, 83 11, 142 10, 116 14, 97 13, 125 14, 178 5, 106 13, 98 7.63265
TP541JG 7 10 12810.3 135 5, 99 11, 137 8, 141 12, 190 2.25263
ZF826BJ 14 22 12815.8 167 10, 116 9, 86 11, 121 5, 136 15, 91 13, 158 5, 103 10, 177 8, 99 8.46465
KB688RZ 9 12 12821.6 153 15, 175 6.29143
ZY363EW 4 5 12829.6 186 4.45161
EN236SF 15 24 12832.1 187 13, 148 5, 184 15, 154 11, 97 7, 106 14, 97 15, 169 5, 105 5, 175 8, 155 5.70968
KT142DK 17 18 12836 105 9, 81 10, 176 0.630682
XW263CT 8 10 12845.2 125 8, 134 11, 97 2.8866
DM690ER 20 29 12851.7 180 6, 140 13, 87 12, 114 8, 180 6, 93 6, 92 6, 86 11, 92 11, 188 14, 88 6, 130 14, 147 6, 160 1.25
LJ786VS 14 27 12852.6 170 10, 84 10, 130 5, 114 11, 117 13, 109 6, 96 11, 164 6, 153 14, 133 5, 135 5, 123 12, 92 11, 156 13, 96 15, 115 10, 102 7, 123 5, 182 8.1978
RD063SK 13 20 12857.8 163 15, 162 15, 167 14, 90 14, 135 12, 179 5.96089
LX057HF 21 29 12859.4 85 11, 169 14, 89 10, 124 10, 169 15, 84 13, 126 13, 188 10.8298
FE776FH 10 21 12869.4 109 15, 102 14, 186 10, 107 7, 150 7, 181 11, 177 14, 160 9, 86 12, 97 9, 90 12, 101 7.38614
SG098BY 17 29 12874.3 120 9, 143 12, 101 14, 94 11, 179 11, 150 14, 161 6, 144 13, 82 10, 166 11, 159 12, 82 14, 94 5, 180 8, 141 0.815603
VL412DA 15 29 12880.5 131 5, 171 5, 88 13, 99 5, 136 5, 111 7, 171 15, 95 9, 180 14, 174 8, 190 8, 148 10, 155 7, 152 13, 185 5, 154 8, 179 10, 106 5.28302
KC047JM 10 22 12885.2 154 14, 147 11, 104 9, 107 10, 112 9, 110 10, 136 12, 102 9, 142 14, 155 10, 110 12, 104 8, 114 9.64035
BE433FA 14 19 12888.5 84 14, 181 6, 135 11, 167 14.0659
EZ352DR 4 19 12889.4 107 11, 140 8, 155 14, 102 9, 182 8, 102 8, 172 13, 185 14, 105 12, 178 14, 133 6, 89 6, 152 15, 84 10, 187 4.81818
YW724RR 28 29 12896 147 5.30612
WJ028GA 11 26 12903 86 8, 139 6, 108 12, 171 15, 100 13, 85 11, 137 12, 123 14, 178 12, 136 6, 173 6, 131 8, 181 14, 164 9, 87 8, 155 6, 110 14, 105 5, 185 8.43784
YY159VS 12 13 12911 119 11.0924
NY396SJ 28 29 12920.6 187 4.17112
BW023JA 24 29 12926.6 158 7, 172 11, 174 13, 105 15, 83 9.31325
SV714ME 23 26 12933.3 156 12, 142 6, 129 9, 133 14, 111 5, 151 1.77483
CA238DG 22 28 12939.6 167 13, 104 8, 105 12, 127 7, 158 12, 190 12, 115 7, 146 5, 144 1.5625
WB674NS 26 29 12940.7 108 6, 189 12.9524
YJ606TE 18 24 12948.5 131 7, 175 11, 97 5, 145 15, 130 15, 155 12, 94 11.617
BT096NV 8 9 12951.1 154 5.88312
ZY808YS 22 29 12953.2 167 14, 83 12, 172 7, 160 12, 104 9, 154 12, 181 14, 133 0.691729
CC942YM 16 26 12959.2 185 12, 114 5, 109 15, 188 9, 86 13, 86 9, 96 7, 117 12, 110 9, 173 14, 91 5, 174 12, 95 12, 148 3.67568
CH285NW 25 28 12965.6 83 6, 153 8, 160 5, 176 10, 130 3.24615
WW191KW 3 19 12969.7 89 5, 190 6, 126 12, 117 15, 145 9, 135 11, 112 15, 106 11, 178 12, 170 15, 117 5, 101 5, 189 11, 113 14, 190 6, 96 5, 140 7, 138 4.25362
CG316EL 7 29 12977.9 126 14, 189 13, 117 6, 82 8, 162 8, 169 15, 122 9, 151 15, 88 14, 98 9, 100 15, 124 7, 171 10, 151 11, 109 15, 129 5, 86 5, 94 14, 82 11, 140 12, 179 5, 151 6, 99 15, 85 11, 135 9, 163 8.6135
JE334DZ 25 29 12980.9 185 11, 83 13, 171 7, 110 10.6636
HA567BY 24 28 12986.7 157 15, 116 7, 85 9, 97 14, 136 5, 104 5, 177 1.9096
RR533CX 14 18 12996 98 10, 132 5, 137 15, 88 8, 125 8.152
FV880GZ 10 11 12997.5 152 4.69737
KM878ZF 27 28 13002.6 182 3.1978
DC616RX 9 23 13008.1 109 9, 81 12, 106 13, 175 14, 83 11, 170 8, 118 5, 110 15, 115 15, 127 5, 100 6, 93 7, 141 11, 187 14, 138 5, 124 15, 183 3.56284
DV158XF 22 26 13012.3 142 11, 165 6, 83 7, 190 15, 81 6, 98 5, 184 9.85326
VR223YH 14 26 13014.2 139 8, 113 9, 129 15, 163 8, 155 9, 119 8, 138 6, 186 10, 138 12, 82 15, 89 12, 97 9, 177 6, 83 9, 102 12, 115 7, 140 9, 85 0.0705882
ZC979BD 11 19 13020.8 95 7, 132 9, 179 15, 96 12, 95 5, 138 7, 85 6, 94 8, 114 15, 108 6, 136 2.16912
LZ091ML 11 21 13030.7 187 5, 168 6, 126 8, 93 8, 163 11, 134 6, 183 15, 148 12, 102 5, 84 11, 127 14, 129 5, 106 9, 136 0.176471
BY577BX 24 25 13036.5 148 12, 93 3.74194
XE313WX 16 20 13039.3 170 10, 175 7, 125 12, 146 6, 115 3.93913
HT956GA 24 29 13045.9 124 9, 125 7, 144 15, 147 15, 175 7.15429
KJ131LY 26 29 13055.1 139 7, 156 8, 143 6.11888
DA276KG 16 26 13057.4 89 7, 172 11, 174 7, 161 10, 187 12, 134 8, 175 6, 84 8, 123 13, 152 15, 161 7, 103 6, 139 9, 184 2.54348
LC692BE 10 17 13066.9 173 10, 82 15, 132 15, 95 10, 139 5, 177 8, 170 7.14706
EK958JH 26 28 13075.6 95 8, 138 7, 124 4.75806
AS532MF 23 28 13084.8 175 14, 152 12, 181 15, 93 13, 93 7, 182 0.203297
PF137CE 3 4 13087.5 121 11, 180 1.07222
EG532BY 12 20 13090.2 159 6, 119 6, 137 7, 125 8, 105 6, 171 11, 91 5, 92 13, 85 10, 102 6, 161 12, 167 7.76647
GB567LY 27 29 13097.9 109 12.4954
JK093BW 3 15 13104.7 172 6, 159 7, 131 8, 93 14, 176 9, 176 14, 187 13, 113 11, 165 14, 120 15, 160 7, 167 2.9521
GH422EE 25 26 13114.5 150 15, 116 1.18966
LA550CK 17 22 13120 115 8, 174 15, 147 15, 131 7, 125 10.864
HC869HC 15 23 13123.7 103 10, 99 9, 172 14, 181 15, 99 11, 102 5, 180 7, 114 14, 128 7, 95 4.68421
EF874SE 13 16 13128 172 14, 138 6, 115 9, 118 9.61864
PY710EJ 17 26 13136.3 140 11, 154 15, 146 12, 117 14, 146 8, 105 12, 141 12, 154 15, 94 14, 97 9, 162 5.69753
YL838HN 3 6 13145.6 180 8, 183 6, 108 7, 150 10, 106 5, 134 0.0298507
TS574LG 5 14 13150.7 176 6, 104 13, 88 8, 111 6, 156 10, 93 14, 131 6, 124 10, 137 12, 133 13, 84 13, 163 6, 126 4.40476
DZ325KT 24 27 13159.7 88 12, 139 15, 138 11, 188 8.44149
SB322LT 24 29 13167.8 129 13, 129 13, 188 9, 142 9, 189 6.79365
MP924SH 8 28 13170.4 183 12, 84 7, 133 6, 152 11, 182 14, 143 6, 123 8, 142 5, 164 14, 169 6, 144 7, 100 14, 105 15, 160 6, 149 7, 137 14, 173 8, 150 7, 115 9, 182 6, 160 6, 137 8, 168 14, 122 4.35246
AP959BC 14 19 13177.3 186 13, 113 14, 158 10, 103 5, 99 0.010101
MS749VH 19 20 13186.3 141 13, 182 2.39011
PF316XJ 27 29 13193 104 12, 172 0.662791
KT900GN 28 29 13202 163 4.78528
SJ973MT 16 17 13205.5 132 7, 172 0.104651
DZ817EX 23 27 13214.9 148 9, 109 7, 182 10, 141 10, 113 14, 153 9, 95 0.210526
JX068SY 7 26 13217.6 137 8, 150 6, 112 14, 161 14, 115 10, 181 5, 128 13, 174 11, 97 10, 103 12, 150 14, 108 13, 190 9, 142 14, 83 12, 150 8, 140 6, 97 6, 130 11, 152 13, 164 9, 140 10, 106 2.06604
SB184LK 1 18 13219.3 126 15, 168 9, 91 13, 135 10, 92 6, 111 10, 157 13, 185 10, 119 8, 115 6, 167 7, 152 6, 164 11, 148 11, 161 14, 105 13, 101 10, 159 7, 147 9.29932
AC126DM 15 20 13228 96 12, 171 6, 188 15, 85 5, 132 15, 128 0.289062
KK005MS 14 28 13234.5 110 15, 80 5, 95 5, 123 6, 114 12, 148 12, 155 13, 118 13, 120 8, 119 10, 127 8, 139 5, 114 9, 85 5, 104 15, 138 5, 143 7, 165 11, 112 9, 147 6, 188 2.26596
XE413BZ 24 29 13239.5 171 6, 181 15, 119 6, 181 12, 135 7.26667
CD188LV 11 13 13243.7 147 14, 184 0.521739
RK658BG 3 12 13253.7 98 15, 167 13, 179 8, 80 7, 142 13, 170 11, 189 13, 165 6.6303
MP967VD 28 29 13261.3 136 5, 152 0.657895
RS517YE 17 20 13270.7 80 13, 113 13, 172 13.3895
WD158GK 4 11 13272.8 170 6, 137 14, 119 11, 179 11, 162 6, 139 11, 132 13, 144 0.756944
AP752XM 16 28 13273.5 102 9, 88 10, 94 6, 115 6, 88 11, 94 5, 155 14, 106 9, 176 11, 152 12, 180 14, 100 13, 104 9, 121 5, 111 15, 148 8, 95 4.8
EC620WF 25 26 13282.9 87 8, 166 6, 84 7, 93 1.16129
FY343RS 20 26 13292.6 118 9, 144 9, 181 13, 88 12, 157 10, 148 13, 168 9, 175 6.84
RN575DV 18 25 13298.3 107 11, 189 13, 137 14, 154 15, 161 12, 143 11, 98 11.8469
SG445CT 15 19 13305.5 100 7, 103 11, 111 6, 112 10, 87 14, 171 1.95906
KD120NR 2 7 13306.8 153 9, 145 11, 96 10, 96 8, 110 15, 167 8, 80 7, 155 3.97419
BD614HF 18 21 13316.6 101 15, 171 13, 80 11, 135 4.9037
KE336DM 16 22 13325.8 176 10, 150 13, 92 5, 141 14, 95 5, 182 6, 178 6.97191
LS072LT 4 12 13329.6 155 6, 82 15, 174 6, 177 7, 151 9, 127 14, 190 15, 143 6.61538
LC596YY 2 21 13335.6 171 8, 152 11, 167 9, 102 14, 127 13, 90 10, 117 7, 84 13, 102 9, 179 9, 163 14, 143 5, 92 11, 96 13, 146 10, 110 7, 141 15, 172 12, 95 12, 177 12, 182 8, 121 6, 186 0.698925
GC447BH 23 29 13343.8 170 8, 129 10, 84 7, 172 15, 152 8, 92 5, 137 7, 180 6.73889
TF437XD 15 19 13351.2 82 8, 187 9, 91 15, 128 6, 157 4.4586
KE141FW 21 29 13357.3 131 5, 92 15, 162 10, 138 6, 80 5, 188 8, 172 14, 95 7, 113 13, 99 14, 166 2.51205
HH512TL 21 29 13363.7 165 9, 81 11, 166 13, 172 6, 92 10, 102 6, 175 15, 162 12, 185 5.75676
SC234DR 4 9 13365.4 144 5, 188 9, 135 10, 85 15, 113 7, 175 7, 102 9.08824
CZ433MG 13 24 13367.6 165 11, 162 8, 100 9, 97 10, 85 14, 187 7, 91 10, 110 11, 95 9, 172 14, 136 11, 174 6, 188 6, 82 8, 112 10, 94 3.30851
EP275KY 27 28 13370.7 120 4.85
HS570YG 23 26 13376.3 174 13, 132 15, 81 11, 100 8, 92 6.92391
YK700FE 9 23 13385.7 186 10, 190 13, 114 9, 103 11, 186 14, 190 15, 184 15, 141 15, 181 9, 182 13, 126 3.6746
EN232AE 9 17 13389.6 166 13, 163 9, 167 8, 171 14, 95 7, 187 10, 108 10.8704
AK261EF 9 19 13395.3 97 7, 127 7, 100 8, 87 6, 85 10, 161 6, 167 13, 136 6, 180 10, 116 12, 122 13, 95 10, 98 1.90816
DK911GC 19 26 13397.8 123 13, 136 9, 84 15, 186 7, 136 6, 105 7, 174 8, 128 6, 181 11, 151 9, 86 7, 83 9, 124 3.57258
EG940FD 22 24 13399.7 129 8, 150 10, 142 6, 119 7.36134
DC759NC 13 25 13409.3 153 11, 106 7, 93 5, 148 5, 179 5, 117 5, 111 14, 101 7, 147 9, 147 9, 135 8, 86 8, 102 12, 140 14, 129 11, 154 7, 157 14, 107 6, 157 2.77707
XS932ML 13 18 13417.9 165 12, 179 5, 110 6, 124 11, 92 13, 163 13
YJ244YZ 5 23 13427.9 130 8, 160 5, 189 15, 110 8, 175 14, 124 13, 139 8, 95 11, 151 9, 127 15, 83 10, 161 5, 161 8, 80 13, 91 14, 118 9, 149 13, 151 8, 132 7, 95 6, 162 12, 106 4.79245
WA033JK 13 22 13435.7 96 13, 82 12, 159 9, 80 8, 123 6, 97 10, 133 14, 164 8, 119 15, 133 5, 83 13, 164 7, 90 5.51111
CL434GF 7 16 13436.3 117 7, 162 11, 102 15, 189 8, 152 5, 105 14, 102 15, 92 8, 185 13, 87 8.16092
NZ704SF 17 29 13444.3 128 8, 162 11, 158 7, 101 7, 156 8, 125 8, 85 5, 101 10, 134 8, 146 7, 140 10, 175 7, 156 9, 84 7, 175 14, 179 13, 158 0.556962
FK842FW 8 21 13452.2 108 6, 127 12, 137 15, 123 7, 82 13, 151 13, 175 6, 161 8, 106 6, 145 5, 88 14, 85 14, 164 9, 88 10, 83 11, 97 12, 132 3.37121
HT228BT 26 29 13453.4 157 15, 180 4.11667
WJ485XH 28 29 13459 119 6.55462
EK344HT 12 24 13462.5 108 14, 96 14, 128 8, 131 12, 100 10, 85 6, 89 5, 154 7, 170 15, 161 10, 129 11, 100 7, 121 15, 128 9, 171 12.9064
PG841TR 20 22 13464 126 6, 108 9, 111 11, 105 2.37143
CS951JH 6 7 13469.5 188 5.55319
RD246MA 17 26 13472.2 132 8, 89 8, 98 10, 102 13, 119 8, 172 10, 187 11, 161 12, 92 5, 134 11, 95 13, 186 11, 119 6, 83 1.42169
LZ460TP 9 21 13473.2 126 12, 89 10, 98 15, 137 7, 94 7, 150 11, 104 14, 177 6, 129 12, 80 5, 150 14, 170 9, 121 10, 97 7, 101 10.7525
JD492SD 1 9 13476.4 96 8, 169 5, 99 9, 146 13, 183 11, 127 15, 176 11, 159 6, 183 8.80874
JK504XB 23 27 13483.5 162 5, 120 5, 84 11, 169 9, 125 9, 112 10, 140 14, 140 1.74286
LW610VK 3 11 13491.1 97 13, 119 11, 115 6, 171 6, 180 14, 182 14, 130 14, 173 5.15607
LF466HL 15 19 13500 169 5, 110 10, 103 11, 92 13, 170 5.28235
GW647CZ 17 24 13506.7 144 11, 170 7, 94 8, 92 6, 87 9, 116 6, 118 10, 115 9, 82 6, 84 9, 94 13, 153 11, 189 1.8254
ML665EF 20 28 13510.7 88 8, 176 12, 177 13, 102 14, 170 12, 174 14, 115 9, 85 14, 126 8.25397
BW079PP 20 27 13514.8 142 5, 175 7, 155 8, 182 11, 178 5, 176 7, 113 6, 186 12, 170 6, 130 8, 102 11, 127 2.46457
PJ963MF 15 25 13519.6 186 14, 168 13, 90 8, 83 12, 108 10, 157 5, 141 8, 102 7, 82 7, 130 9, 101 9, 80 5, 151 8, 97 10, 146 10.8219
FV421ZA 16 19 13525.2 162 6, 182 13, 169 0.87574
VR814FP 22 24 13528.5 101 15, 164 15, 113 2.52212
NB392DG 18 29 13534.2 94 11, 185 11, 154 15, 189 6, 186 14, 134 9, 186 13, 138 13, 179 15, 86 9, 127 0.141732
CW462PK 19 22 13538.4 170 15, 163 13, 163 4.88957
XM461PJ 19 28 13539.7 100 14, 162 12, 121 7, 108 12, 128 15, 152 5, 159 10, 159 5, 108 5, 158 9, 176 8, 105 5, 140 8, 112 8.8125
KP415SK 9 29 13541.7 133 12, 81 10, 106 10, 122 9, 158 11, 138 9, 88 15, 132 8, 182 6, 170 7, 90 13, 143 10, 142 15, 96 14, 101 12, 113 9, 124 9, 144 9, 139 11, 100 12, 129 12, 116 8, 112 5, 84 6, 87 5, 134 8, 128 1.94531
KY930WW 1 21 13542.8 167 11, 172 6, 120 12, 93 6, 155 13, 186 14, 106 9, 153 13, 162 11, 132 11, 85 10, 162 15, 109 7, 86 13, 181 15, 177 10, 83 13, 115 14, 185 12, 169 4.81657
VC020KD 24 27 13546.2 92 8, 157 7, 81 13, 95 14, 102 7, 167 7.86826
EH528CB 15 26 13549.3 150 11, 96 5, 98 6, 168 10, 182 13, 167 5, 164 12, 101 7, 145 10, 86 10, 138 10, 156 9, 143 9, 133 11, 121 5, 101 6.80198
CV493ZF 5 17 13552.9 159 9, 128 9, 144 8, 94 12, 124 5, 190 11, 167 11, 167 15, 164 10, 81 9, 87 12, 109 11, 98 6, 186 5.91935
BP364PD 10 16 13562.1 114 8, 156 15, 109 7, 91 6, 155 12, 110 7, 153 7.07843
CA137KJ 17 29 13569.9 106 5, 146 5, 172 5, 100 5, 134 12, 122 10, 131 6, 130 15, 187 7, 111 9, 156 6, 162 10, 109 13, 153 15, 96 14, 128 10, 123 4.01626
EJ982WZ 21 23 13574.6 139 15, 136 7.21324
TR595JE 12 15 13580 82 7, 176 10, 90 12, 138 11, 88 1.22727
GV162XR 5 20 13584.6 185 14, 138 14, 101 15, 158 8, 93 6, 138 14, 90 13, 85 5, 112 15, 163 6, 112 13, 152 5, 101 12, 100 12, 165 11, 142 12, 156 5.36538
DY001KS 23 25 13588.3 102 6, 99 6, 120 13, 97 10, 154 2.8961
YV725TZ 10 18 13590.9 176 11, 180 6, 157 9, 114 5, 153 6, 140 14, 116 9, 122 12, 151 4.61589
WX898DG 10 20 13595.4 181 7, 187 7, 84 14, 104 15, 173 11, 155 7, 171 6, 181 7, 131 9, 127 8, 179 6.92737
SJ737TN 4 6 13598 144 7, 97 10, 123 6, 120 9.06667
TR695ZL 4 10 13602 133 5, 95 10, 110 12, 159 6, 83 9, 166 7, 172 15, 95 10, 143 3.4965
EN460ZX 11 29 13605.8 136 7, 129 6, 184 7, 145 6, 141 14, 122 8, 138 8, 189 9, 146 8, 108 9, 140 5, 156 12, 116 9, 136 9, 190 11, 88 15, 129 10, 125 8, 173 14, 111 11, 160 9, 97 9, 146 0.719178
GF913LY 9 22 13612.4 127 5, 82 9, 132 13, 119 11, 162 6, 104 14, 173 8, 113 15, 127 8, 116 8, 183 5, 118 5, 154 5, 157 5, 180 13, 97 7, 88 7, 106 5
AT301ZV 2 8 13618.7 185 9, 141 5, 150 5, 90 9, 155 7, 105 14, 131 13, 86 6, 175 10, 86 7, 91 0.351648
WG566RY 12 13 13627.2 161 8.19876
BL225KT 15 18 13634.7 109 7, 109 13, 188 6, 147 7, 122 1.28689
VS531CZ 2 12 13635.4 149 7, 137 9, 128 10, 91 15, 122 10, 134 15, 133 13, 121 12, 176 15, 165 6, 109 3.92661
GV984PN 8 20 13641.5 99 6, 151 9, 161 8, 96 11, 112 11, 101 9, 138 8, 173 10, 116 6, 146 15, 121 11, 98 14, 169 5, 121 8.89256
DP197KC 8 19 13644.6 190 15, 142 5, 94 7, 170 12, 120 5, 141 13, 146 14, 93 12, 150 7, 170 7, 134 3.15672
SC074NH 10 21 13646.8 112 6, 117 15, 129 6, 126 6, 131 13, 168 11, 89 12, 101 15, 105 8, 90 6, 119 15, 179 10, 155 7, 138 1.67391
TF304DF 10 23 13648.9 148 15, 153 11, 113 6, 169 9, 176 8, 162 9, 169 8, 132 8, 103 11, 136 6, 165 6, 85 13, 139 13, 103 10, 125 7, 169 1.75148
AJ329BT 18 20 13653 168 5, 140 6, 142 8.91549
DX898ZA 17 25 13659.5 156 5, 113 5, 135 10, 129 5, 133 13, 177 10, 82 7, 93 15, 127 10, 117 14, 189 14.1693
PJ349YT 26 29 13669.1 113 13, 129 10, 89 3.78652
RP000WW 1 20 13675.7 114 7, 148 15, 112 7, 125 6, 144 8, 108 10, 122 12, 150 6, 151 6, 159 7, 149 14, 86 8, 84 7, 133 5, 158 6, 110 11, 119 7, 173 7, 91 5, 163 5, 89 10, 97 12, 170 11, 146 10, 136 11, 99 6, 108 5, 162 0.111111
ZD987BA 19 20 13683.7 114 12, 172 5.23256
SH845AP 16 27 13690.4 163 11, 184 7, 136 8, 82 15, 163 5, 178 9, 157 11, 162 13, 123 12, 185 11, 162 14, 155 9, 152 4.17763
VH418PN 10 14 13697.6 95 11, 144 5, 184 13, 152 9.91447
SE254NH 18 23 13702.6 168 8, 184 9, 131 12, 145 8, 86 11, 167 7, 159 3.13836
VN930EF 14 29 13710.3 117 11, 126 10, 179 10, 101 9, 88 14, 121 15, 102 12, 158 5, 189 12, 189 13, 107 13, 159 10, 152 8, 175 10, 84 10, 167 9.64671
YJ462LZ 4 9 13717.8 80 13, 92 7, 183 9, 130 5, 94 8, 119 7, 158 11, 125 5.408
DW626FG 15 18 13720.4 93 14, 96 14, 99 8, 97 10.8866
LL745TL 2 22 13723 144 13, 115 7, 117 12, 83 7, 125 5, 102 11, 169 5, 145 10, 183 5, 115 7, 184 5, 149 9, 165 10, 131 12, 96 12, 147 15, 126 13, 185 6, 131 5, 120 11, 140 11, 96 7, 115 15, 129 9, 157 5, 129 6, 139 3.05036
SK543FC 5 8 13723.6 184 7, 137 15, 169 6, 149 12.6779
YW953KB 23 26 13733.6 99 12, 89 14, 90 5, 174 6, 98 7, 80 9, 80 6, 109 6.93578
PB032TG 21 24 13738.4 183 8, 158 15, 163 7.91411
MM005BH 7 24 13748.4 101 11, 111 8, 121 5, 84 10, 87 10, 189 14, 97 5, 140 5, 162 13, 98 14, 119 15, 84 15, 96 13, 169 9, 159 9, 157 14, 109 8, 88 11, 85 11, 181 14, 86 1.05814
GV519FR 1 26 13755.7 146 12, 117 15, 138 8, 155 14, 155 13, 190 10, 139 6, 142 14, 179 15, 147 7, 119 8, 137 15, 164 8, 110 15, 96 10, 101 13, 169 14, 141 8, 107 6, 127 6, 114 12, 97 9, 138 12, 119 9, 96 12, 107 12, 164 7, 132 8, 145 4.74483
GY986GS 27 28 13756.8 145 4.01379
JX436NV 24 25 13765 111 7, 190 5, 133 2.98496
TC870YX 11 23 13770 162 5, 125 9, 91 12, 152 10, 165 6, 128 14, 183 6, 142 6, 99 5, 128 14, 98 13, 171 14, 144 12, 190 9.22105
SE392BN 25 28 13778.3 107 13, 180 7, 140 5, 183 5, 183 2.39344
RS577HR 25 29 13779.6 90 5, 81 6, 134 15, 130 6, 105 12, 172 2.89535
PF415LP 10 26 13788.5 92 15, 128 9, 113 6, 108 15, 107 10, 89 8, 118 8, 143 15, 172 7, 121 14, 85 9, 169 11, 152 9, 127 5, 117 6, 133 5, 108 14, 177 15, 95 7, 89 5, 175 12.16
ES684TJ 18 22 13798.5 121 10, 128 10, 137 15, 139 11.5036
ZH223SM 21 26 13807.9 139 12, 83 6, 186 5, 123 12, 81 7, 167 12, 133 8, 155 9.21935
AE393HZ 4 21 13815.5 150 7, 178 7, 93 6, 178 7, 184 11, 152 11, 139 8, 138 5, 80 12, 152 15, 172 13, 120 5, 177 14, 119 9, 98 9, 167 14, 181 6, 155 15, 124 2.70968
TD029AR 7 27 13817.8 105 12, 141 14, 118 6, 133 9, 98 10, 186 9, 102 11, 188 14, 109 12, 161 5, 105 6, 119 7, 185 14, 130 8, 152 5, 149 15, 127 13, 98 15, 183 11, 104 6, 178 5, 151 13, 133 15, 90 3.97778
WC858XY 9 12 13818.8 159 14, 104 8, 160 2.1125
LB314LT 19 28 13820.1 82 7, 80 9, 146 5, 119 5, 146 14, 176 11, 111 15, 184 9, 170 6, 153 14, 164 7, 103 5, 156 6, 80 5, 179 2.64246
TF371ZN 2 4 13821.4 128 8, 85 5, 157 12, 136 5.00735
NM533BV 2 13 13827.7 107 6, 152 12, 100 7, 186 15, 162 12, 172 9, 111 9, 171 11, 177 10, 107 14, 163 6, 117 1.16239
YR097ZC 3 18 13836.9 87 7, 177 10, 174 14, 158 12, 84 10, 100 13, 172 11, 135 13, 102 6, 102 8, 158 15, 134 12, 150 11, 110 11, 148 8, 94 5.17021
VL590BS 13 20 13839.5 130 10, 143 10, 177 7, 128 11, 171 13, 171 7, 166 12, 175 2.12
CT233HR 8 25 13848 188 12, 163 14, 163 5, 159 10, 189 12, 145 14, 154 8, 150 11, 106 6, 161 15, 176 9, 138 10, 121 5, 137 14, 121 14, 134 13, 90 2.96667
MM514NX 16 20 13853.6 106 12, 127 11, 113 12, 83 15, 112 4.32143
DP380MT 13 29 13861.2 168 14, 92 7, 110 13, 95 15, 107 5, 184 15, 112 7, 129 10, 102 11, 141 12, 125 13, 139 7, 189 8, 96 8, 122 5, 180 10, 113 6, 91 8, 144 10, 179 9, 134 3.33582
JN563SJ 24 26 13869.2 134 10, 88 8, 151 9, 131 8.46565
SF222JM 27 29 13873.1 128 10.6406
DE311ZX 28 29 13876.5 81 5, 109 3.44037
RN597SB 3 14 13877 126 13, 158 10, 127 15, 185 15, 98 15, 142 10, 188 10, 138 9, 82 6, 109 5, 133 15, 90 0.822222
NH592PR 11 24 13884.1 130 10, 107 9, 147 15, 183 15, 162 12, 112 7, 171 11, 154 11, 145 10, 112 13, 140 14, 128 7, 99 12, 89 3.4382
DH407VP 21 23 13887.1 123 11, 157 10.9108
RS710YN 20 27 13896.4 107 10, 90 11, 135 13, 112 5, 188 9, 115 8, 123 10, 186 6, 175 14, 132 6, 148 5, 86 4.52326
KR837HL 22 29 13902.3 101 8, 170 6, 141 13, 97 12, 169 6, 131 6, 135 10, 117 7, 161 14, 159 5.15723
LN554SX 2 13 13910 171 9, 114 13, 86 7, 190 8, 176 15, 101 11, 114 10, 148 13, 97 9, 97 8, 83 7, 179 5, 110 14, 99 0.878788
KS900CX 11 14 13911.2 80 6, 132 12, 134 7, 96 5, 101 5, 129 7.46512
XS171VV 19 26 13914.8 104 8, 165 6, 183 7, 169 14, 96 14, 144 12, 183 9, 136 15, 124 13, 94 4.23404
TG986CM 23 25 13915.8 171 6, 176 11, 179 6.81564
CD063SG 17 26 13919.1 159 13, 162 6, 187 5, 120 6, 190 8, 112 11, 143 8, 178 6, 142 11, 86 14, 155 15, 86 5, 127 6, 110 7.64545
JP530RB 17 18 13922.1 185 7, 100 5.71
SK938RK 1 20 13923.6 136 8, 135 14, 108 11, 92 5, 80 13, 179 7, 166 5, 80 15, 120 5, 111 13, 127 13, 90 12, 160 6, 95 10, 115 10, 155 11, 163 13, 90 9, 151 9, 186 12, 112 14, 137 10, 132 5.69697
WN728AH 8 27 13929.3 111 10, 142 12, 100 15, 165 14, 107 9, 122 10, 116 5, 139 8, 137 11, 179 15, 190 9, 136 9, 136 13, 80 7, 80 9, 86 15, 118 6, 87 6, 182 10, 161 10, 170 6, 139 8, 135 11, 162 1.51852
JE964DY 5 16 13931.6 161 13, 110 14, 167 12, 131 6, 158 10, 158 13, 89 6, 162 7, 142 11, 183 6, 140 15, 140 5.63571
XX933XK 16 24 13939.6 88 11, 171 14, 171 14, 137 14, 120 12, 159 13, 114 9, 134 7.5
SG063MF 16 20 13944.6 174 15, 139 13, 157 8.51592
FV799DL 24 26 13946.9 102 15, 106 5, 97 9, 138 11.442
MN235JZ 13 25 13956.6 142 5, 82 6, 105 6, 166 8, 116 5, 117 9, 110 6, 134 11, 109 9, 129 12, 167 9, 106 7, 161 8, 119 7, 164 13, 183 12, 188 7, 134 9.52239
TX574MS 28 29 13961.7 145 5.37931
ZT028PR 6 9 13970.1 147 7, 87 10, 122 9, 119 9.90756
FS616RX 22 25 13971.4 129 12, 182 14, 180 8, 112 7.57143
GB225SV 24 25 13974.8 147 12, 178 2.02247
BL307HD 26 27 13983.1 161 10.7702
YX845CX 7 29 13986.3 164 10, 143 12, 143 9, 142 11, 169 6, 143 11, 136 11, 169 6, 121 14, 107 15, 112 13, 89 14, 132 5, 138 7, 164 9, 92 7, 186 5, 160 8, 181 8, 151 11, 101 8, 98 7, 92 5, 136 14, 136 15, 82 12, 138 5, 89 1.50562
XH341AX 21 28 13995.6 84 5, 121 6, 106 13, 89 8, 81 13, 144 12, 93 15, 132 14, 172 11, 104 6, 84 2.09524
KP204TJ 28 29 14001 92 8.47826
WT248EA 9 24 14007.5 141 6, 88 9, 143 12, 151 13, 137 13, 124 7, 84 7, 87 10, 98 7, 140 10, 186 9, 122 15, 122 7, 181 8, 126 8, 162 12, 92 15, 163 10.3436
NW093XR 18 28 14011.2 155 13, 94 6, 163 11, 144 6, 129 11, 108 13, 114 12, 139 11, 98 14, 141 8, 162 10, 184 7, 91 7, 113 2.04425
GR161SX 17 19 14016.6 109 13, 90 5, 185 3.65946
LA491ZY 5 24 14021.4 156 10, 164 10, 150 7, 176 5, 95 13, 156 12, 154 12, 175 6, 87 7, 106 5, 189 15, 124 12, 106 8, 83 8, 160 13, 136 15, 123 11, 116 11, 160 6, 156 5, 89 7, 96 8, 105 13, 123 5, 158 3.27215
KL622EX 16 22 14028.7 109 5, 114 15, 108 10, 144 12, 104 6, 175 13, 178 5.5618
GS526AA 8 19 14035.3 119 6, 104 10, 163 9, 162 8, 133 6, 140 11, 161 14, 158 8, 171 8, 152 14, 97 6, 172 0.366279
NE041BV 1 19 14039.9 187 14, 82 14, 119 14, 152 10, 99 13, 91 10, 137 8, 155 8, 97 11, 91 7, 155 11, 126 9, 94 6, 176 14, 165 9, 184 9, 156 9, 154 6, 173 11.0116
SR420BM 21 25 14043.8 88 15, 101 10, 188 10, 137 14, 97 11.5464
ZY217MA 20 28 14051.4 86 10, 81 14, 94 12, 110 14, 98 15, 178 15, 98 10, 89 15, 101 12, 131 14, 108 1.13889
RH835YF 20 26 14060.3 179 12, 175 14, 186 6, 163 14, 143 8, 171 13, 167 3.63473
FY704NS 5 23 14062 122 15, 80 12, 129 10, 86 7, 84 5, 164 12, 121 10, 127 15, 119 7, 116 5, 161 10, 94 6, 189 15, 137 8, 127 8, 177 12, 151 9, 82 14, 141 12, 113 15, 107 14, 92 2.09783
KR670CN 9 15 14067.5 163 8, 105 13, 80 15, 179 10, 190 9, 152 7.01974
VX516CK 14 28 14072.8 109 11, 169 6, 177 11, 129 12, 133 12, 116 15, 114 7, 90 9, 136 8, 105 6, 190 14, 108 6, 169 14, 80 10, 155 15, 105 13, 174 0.666667
SM673XM 1 27 14080 85 12, 117 11, 80 5, 93 9, 155 6, 154 12, 111 13, 130 11, 157 11, 136 14, 81 13, 105 15, 95 14, 138 6, 86 7, 164 15, 151 13, 138 12, 145 12, 153 14, 137 9, 100 9, 107 13, 155 11, 161 7, 129 8, 122 8, 139 10, 152 13, 110 10, 121 11.5455
PM824DJ 14 21 14082.7 165 11, 108 13, 129 6, 130 14, 154 15, 141 10, 189 6.16402
BJ835FN 18 24 14089.2 172 8, 160 13, 98 6, 116 13, 180 8, 121 11, 171 12.1696
CX199GE 1 9 14092.2 162 7, 107 9, 187 13, 168 13, 144 5, 149 11, 154 7, 185 7, 127 10.8504
AD415TC 10 27 14096.9 99 10, 88 11, 161 9, 88 11, 80 15, 121 8, 183 6, 125 15, 180 6, 144 11, 131 6, 80 14, 151 12, 100 10, 141 5, 82 6, 118 10, 179 9, 108 10, 145 13, 170 10, 149 14.6376
FE217PM 23 28 14099.5 102 10, 183 8, 172 13, 137 10, 154 6, 184 7, 188 3.10638
YD569SL 11 26 14105.2 159 6, 135 14, 119 6, 179 6, 149 15, 130 13, 102 14, 127 10, 84 7, 138 12, 98 9, 167 9, 190 8, 117 13, 179 15, 156 13, 179 9.19553
MX578TG 17 22 14115 168 9, 180 6, 189 8, 134 9, 116 7, 80 13, 136 6.23529
BZ636WB 27 28 14119 190 3.06316
BR778RE 25 29 14128.2 126 13, 84 12, 185 13, 163 2.65644
DB158WY 11 24 14131.8 88 15, 125 9, 135 8, 90 13, 128 10, 89 15, 177 6, 84 5, 124 10, 142 10, 91 14, 175 6, 123 7, 106 9, 179 7, 82 5, 120 6, 152 7, 109 15, 165 0.6
WB832FH 8 21 14133.7 113 9, 141 9, 176 6, 145 14, 157 5, 151 13, 95 14, 144 5, 166 14, 137 12, 187 10, 84 12, 155 6, 123 5, 107 5.18692
JD690AY 11 15 14136.3 143 14, 83 11, 176 15, 103 3.09709
VW352DT 23 27 14144.2 128 8, 100 12, 117 15, 86 13, 145 5, 176 5, 187 8.56684
WA810CX 12 24 14153.2 152 15, 113 11, 150 13, 188 5, 81 14, 127 15, 127 7, 112 8, 179 6, 166 5, 125 14, 105 11, 98 5, 103 5, 106 15, 146 8, 130 0.992308
SV965BX 13 21 14163 135 13, 132 11, 156 13, 81 12, 99 13, 120 15, 133 7, 179 5, 119 7, 159 9.69182
WC081TX 11 29 14169.2 169 10, 92 15, 88 12, 102 11, 134 10, 117 10, 89 7, 120 14, 187 10, 93 11, 98 13, 137 10, 120 15, 83 14, 174 13, 83 14, 89 6, 135 14, 145 9, 174 6, 120 13.525
MF493FW 26 27 14174.5 99 11, 87 7.41379
VG990FP 24 29 14181.4 89 5, 117 5, 181 11, 124 12, 121 12, 152 10.8355
DP879TG 2 25 14182.7 167 12, 99 5, 189 12, 81 9, 106 9, 95 7, 152 6, 88 5, 146 12, 164 11, 177 8, 155 7, 185 9, 163 7, 185 10, 187 7, 155 8, 167 10, 151 10, 107 5, 80 8, 116 7, 158 15, 152 6, 144 12, 97 10, 82 5, 144 13, 122 12, 128 6.48438
CM328VN 14 15 14191.3 190 4.86316
DG005YK 5 23 14193.1 80 12, 105 9, 183 6, 86 7, 184 9, 144 15, 148 11, 114 9, 117 7, 92 13, 128 12, 111 15, 105 14, 84 12, 148 11, 155 12, 160 13, 133 13, 92 15, 178 9, 82 4.63415
TE254VC 27 28 14203.1 141 4.12766
SZ657KB 14 22 14207.9 168 11, 189 13, 135 12, 173 10, 173 5, 149 13, 92 11, 106 0.877358
ST299TY 22 23 14210.7 122 13, 83 7.42169
LH475CK 8 18 14218.8 80 10, 178 10, 120 7, 180 7, 85 11, 125 8, 82 15, 96 14, 153 5, 96 15, 151 8, 177 6.97175
BG428RG 11 24 14224.6 127 5, 164 11, 128 6, 98 14, 178 13, 154 14, 88 15, 94 10, 188 9, 89 12, 189 7, 184 12, 156 5, 91 15, 181 5.67403
PA169FL 5 26 14227.8 132 10, 187 15, 123 11, 85 10, 128 5, 148 12, 94 6, 164 5, 151 5, 103 11, 142 12, 89 8, 139 13, 110 12, 111 10, 93 7, 100 8, 82 13, 84 12, 157 11, 110 8, 190 10, 94 15, 85 7, 82 7, 89 15, 86 10, 89 6, 127 6, 126 7, 171 7.8655
ZA481WL 10 24 14229.1 180 5, 158 11, 104 10, 190 8, 141 15, 109 10, 137 6, 190 9, 88 15, 164 7, 161 7, 162 15, 95 8, 137 9, 140 11, 174 5.7069
FE415ME 24 26 14234.3 116 14, 108 13, 96 5, 172 5, 175 0.822857
MV861XK 24 25 14237.7 129 15, 99 1.90909
TF720RB 10 25 14245.1 106 9, 95 14, 171 11, 160 7, 187 14, 142 9, 120 10, 163 7, 102 15, 165 9, 96 15, 102 9, 94 14, 172 12, 169 5, 179 7, 172 7.19186
TC330XT 8 22 14246.3 96 13, 129 15, 156 9, 126 13, 160 10, 128 12, 143 6, 118 9, 189 11, 154 12, 129 10, 80 7, 91 15, 111 14.027
HP505EZ 14 19 14252.7 107 7, 126 7, 181 10, 182 8, 100 11, 86 1.15116
YV191TS 4 5 14255.5 112 7.39286
SZ823KW 9 12 14258.9 121 10, 179 11, 121 1.79339
SK741EG 12 25 14261.4 86 12, 183 10, 109 8, 116 5, 122 15, 80 11, 153 5, 174 15, 120 10, 136 14, 118 10, 139 10, 176 14, 150 10, 145 13, 107 1.30841
NJ041MR 8 21 14266.3 144 7, 113 11, 128 8, 99 13, 112 7, 90 9, 131 12, 178 11, 114 9, 124 15, 149 7, 128 6, 167 8, 153 11, 96 8, 187 5.05882
KF402BS 16 23 14271.4 88 11, 117 7, 161 12, 115 9, 169 10, 116 15, 126 7, 183 7, 151 5.34437
SR542AH 20 25 14272.4 122 9, 128 13, 100 13, 171 11, 127 15, 110 8, 99 8.62626
BN715XB 12 14 14280 189 5, 173 14, 145 5.16552
RF884WA 26 29 14289.3 187 8, 187 8.55615
RW751YG 26 29 14292.5 107 15, 98 7, 147 5.47619
EF712VR 21 24 14296.6 105 10, 81 13, 108 15, 138 5, 181 3.92818
XN913KE 5 29 14300 107 15, 94 11, 138 11, 162 13, 157 11, 157 6, 147 14, 151 5, 170 5, 183 5, 117 15, 102 15, 149 8, 144 9, 168 14, 107 14, 85 13, 152 15, 186 10, 164 13, 189 6, 126 12, 136 5, 163 15, 162 11.1914
SZ503RA 9 15 14309.5 180 8, 141 13, 159 15, 96 13, 135 10, 109 1.65138
JC616MK 1 15 14310.7 177 15, 173 12, 162 14, 159 9, 126 5, 174 11, 81 9, 189 10, 148 5, 150 13, 172 12, 126 11, 89 14, 179 1.55866
CW835YZ 5 6 14318.3 189 6, 169 10.8994
PG079SM 3 15 14325.1 89 5, 108 11, 185 12, 128 10, 138 5, 145 13, 128 14, 129 14, 160 15, 173 9, 110 9, 141 11.9645
SE073CG 6 16 14334.9 127 7, 104 11, 83 11, 85 5, 147 8, 97 12, 119 7, 129 9, 133 7, 172 6, 151 11, 150 11, 180 5, 135 3.1037
GY503SV 4 10 14339.5 94 7, 172 5, 183 6, 130 14, 88 5, 115 7, 114 10, 83 9, 164 9, 190 4.12632
PS740YL 6 11 14345 95 6, 169 6, 181 7, 188 10, 186 10.7903
WF296TZ 7 27 14351.8 182 8, 177 5, 108 15, 107 9, 96 5, 125 7, 159 13, 97 10, 92 10, 178 11, 183 6, 185 12, 85 14, 179 9, 104 10, 118 6, 99 12, 141 15, 186 6, 157 7, 125 12, 165 10, 174 9, 156 15, 94 0.819149
RA635AM 27 28 14355.9 186 3.12903
CF047BC 2 19 14359.8 180 7, 123 5, 95 6, 181 14, 90 8, 171 9, 163 10, 134 13, 117 6, 123 5, 131 15, 167 14, 178 12, 88 12, 157 11, 97 7, 123 6, 159 8, 124 9, 123 5.26829
KJ560MB 22 24 14364.6 131 5, 118 14, 145 8, 172 4.61047
SA573GW 17 24 14372.5 132 12, 156 5, 128 9, 85 9, 127 15, 85 5, 90 8, 145 8, 110 10, 134 10, 132 9, 84 1.79762
XG223TX 18 25 14374.4 103 7, 167 11, 156 14, 111 10, 131 5, 102 9, 165 12, 160 6, 123 8, 82 9, 152 2.90132
YX690YG 22 28 14381.1 145 14, 80 14, 91 14, 147 9, 141 7, 150 14, 129 9, 124 8, 151 0.668874
CL625LX 27 28 14382.9 138 4.21739
AG440FX 1 29 14385.3 158 9, 126 14, 131 6, 82 15, 102 5, 146 5, 100 15, 98 14, 150 9, 142 8, 143 15, 146 12, 178 7, 83 9, 134 13, 103 15, 120 8, 152 7, 138 6, 120 15, 107 13, 119 13, 142 12, 167 5, 177 9, 129 12, 182 12, 149 5, 169 13, 148 11, 183 15, 189 0.0952381
FE534FT 3 26 14385.9 157 13, 164 14, 109 14, 155 11, 167 7, 81 13, 174 8, 181 14, 146 9, 116 8, 134 9, 149 13, 176 15, 104 11, 136 13, 112 14, 119 6, 187 15, 180 7, 107 13, 137 7, 133 6, 154 10, 119 13.9664
GR960PG 13 24 14393 184 14, 185 13, 123 13, 178 8, 101 14, 109 8, 146 10, 124 9, 168 15, 139 5, 160 14, 97 3.06186
ZY306MW 17 26 14402.2 164 9, 123 13, 155 13, 179 9, 156 9, 164 7, 83 9, 153 15, 182 9, 104 5, 113 12, 175 5.56
RR655PM 27 29 14406.8 166 8.20482
EM845NS 4 19 14413.1 123 10, 113 9, 174 12, 143 8, 154 15, 84 8, 110 7, 92 14, 176 11, 107 14, 180 14, 154 12, 164 10, 158 6, 87 7, 101 0.693069
YW238PZ 3 5 14421.8 151 12, 123 4.39024
MJ447KP 11 26 14429.7 184 8, 117 10, 81 9, 83 15, 154 11, 187 5, 119 10, 88 7, 147 7, 133 12, 185 5, 119 14, 167 15, 93 15, 130 5, 179 10, 167 11, 183 10, 124 8.14516
ZM072HV 3 15 14431 104 7, 125 11, 81 11, 91 8, 131 13, 157 14, 155 6, 165 14, 110 5, 187 9, 80 7, 107 11, 158 8, 187 9, 119 1.34454
DH475GA 10 13 14433.5 166 7, 134 12, 83 1.18072
AJ333RN 18 23 14438.4 109 12, 170 14, 162 11, 126 7, 115 14, 189 2.03175
MD866NY 6 14 14446.1 112 15, 187 10, 152 7, 108 8, 178 12, 119 13, 94 15, 95 11.7579
LG385EH 2 9 14455.7 127 15, 91 14, 84 9, 133 15, 81 11, 167 5, 119 10, 128 13, 153 8, 190 1.36842
WL016JT 21 24 14463.2 155 5, 118 7, 175 12, 177 8.03955
MV017XB 22 25 14472.3 157 7, 91 9, 102 7, 84 14, 185 12, 173 2.0578
DT333MK 9 22 14479.7 186 9, 152 7, 99 15, 174 7, 88 13, 172 5, 164 14, 140 14, 173 5, 95 12, 90 6, 187 5, 172 14, 185 8.02703
TR123NR 23 28 14484.1 154 10, 86 7, 169 11, 181 7, 151 12, 163 6, 98 5, 130 2.6
NP218FS 20 22 14491.5 134 7, 183 12.3497
BA981FK 18 28 14496.6 169 11, 130 13, 90 9, 146 12, 176 9, 106 8, 154 6, 187 14, 93 10, 185 5, 133 5, 166 13, 139 3.3741
NG722SJ 9 24 14503.5 147 10, 81 7, 176 11, 90 15, 168 7, 159 13, 137 8, 107 12, 88 10, 100 10, 186 7, 103 8, 189 8, 92 15, 84 7, 139 5, 124 13, 106 15, 181 5.55249
KZ663FW 17 18 14510.4 139 13, 109 0.541284
YN837KG 14 18 14516.4 171 12, 190 15, 103 5.00971
ZV333AH 23 25 14521.7 123 8, 135 14, 188 6.95745
ER300MX 20 29 14526.2 118 6, 118 7, 113 5, 82 8, 104 8, 168 6, 158 11, 123 12, 83 12, 150 9, 135 8, 148 8, 128 12, 128 8.67969
VY839XG 28 29 14528.6 150 5.2
TS229DR 28 29 14529.4 128 6, 175 0.0685714
DJ471PT 25 26 14529.9 141 7, 175 8.00571
KM889NS 1 3 14534.4 174 12, 122 10.082
VX755CR 4 18 14541.2 184 11, 108 7, 96 10, 86 14, 104 9, 125 10, 173 10, 188 14, 175 5, 147 5, 129 8, 111 5, 104 11, 135 9, 90 15, 126 9, 172 8.01163
VD605CE 19 24 14545.4 136 14, 154 9, 115 8, 151 15, 164 12, 130 9, 143 0.79021
XL794DM 23 27 14552.8 82 12, 167 11, 147 13, 166 7, 100 15, 164 5.54878
FR470NX 11 12 14557.1 98 8.5102
FD095WF 24 26 14559.3 90 14, 154 11, 155 5, 101 6, 146 1.21233
TY299TT 8 27 14566.7 86 5, 168 7, 107 5, 114 8, 135 7, 143 5, 117 8, 186 5, 90 11, 137 9, 120 11, 145 12, 169 6, 158 7, 174 13, 116 5, 137 9, 144 14, 115 8, 118 10, 151 10, 155 10, 108 6, 130 13, 120 13, 98 8, 155 3.68387
NK608BP 8 26 14574.8 80 13, 185 10, 132 12, 111 11, 171 8, 88 14, 172 11, 97 13, 88 7, 120 9, 97 14, 139 12, 100 10, 137 14, 124 9, 84 6, 102 5, 94 10, 174 6, 83 13, 178 7, 81 7, 175 12, 178 3.13483
HM958SM 18 26 14582 106 14, 181 10, 173 15, 84 13, 168 15, 149 6, 118 10, 157 9, 165 11.6848
CD347RF 6 18 14589.8 129 7, 183 10, 175 5, 97 9, 97 5, 153 13, 150 9, 168 9, 122 10, 98 8, 150 10, 129 6, 84 11, 132 12, 174 2.8908
DT439JD 7 16 14592.1 86 7, 105 12, 163 9, 166 11, 118 11, 168 5, 138 12, 115 13, 149 6, 155 10, 189 1.93651
SM409GY 1 15 14600.1 132 8, 162 5, 112 5, 103 9, 127 13, 187 5, 101 7, 159 10, 123 13, 81 15, 98 11, 92 10, 162 15, 163 14, 143 5, 155 5, 115 11, 104 7.14423
NK034JV 24 26 14604 98 13, 131 12, 145 11.4897
HP068VL 25 28 14605.3 142 10, 142 7, 157 14, 181 0.508287
ZZ528RS 8 23 14613.7 82 10, 188 9, 104 9, 90 14, 156 10, 179 13, 80 9, 109 5, 146 14, 84 8, 146 15, 161 6, 108 9, 178 14, 152 5, 83 10, 133 10.4962
XC670JJ 4 21 14615.9 169 10, 175 9, 170 7, 119 9, 158 5, 122 8, 185 9, 96 7, 185 10, 127 14, 84 9, 117 6, 92 8, 155 13, 169 14, 94 13, 167 5, 132 8, 110 9, 119 13, 180 3.93333
DG288HF 15 16 14617.1 96 9, 139 5.91367
YJ080FZ 5 19 14619.2 173 9, 170 10, 188 12, 133 7, 132 15, 111 9, 137 5, 87 12, 114 8, 178 7, 82 14, 118 6, 83 13, 85 11, 177 10, 151 9, 116 3.88793
XZ739FT 18 19 14624.4 151 4.49007
DP933ZJ 2 10 14625.5 95 9, 124 12, 92 9, 142 11, 161 9, 184 11, 101 6, 130 7, 115 12, 107 5, 146 14, 163 0.98773
WZ157SK 1 18 14634.3 139 11, 161 9, 118 7, 174 13, 188 6, 148 8, 162 15, 93 9, 81 11, 95 6, 169 11, 99 11, 147 5, 136 8, 188 9, 101 6, 136 6, 102 12, 121 5, 162 10, 166 7.90361
RX834GD 13 28 14640.3 86 14, 114 9, 158 11, 122 10, 154 15, 140 9, 125 7, 131 14, 152 6, 109 8, 96 11, 107 7, 155 9, 115 11, 111 15, 129 9, 115 13, 140 11, 142 13.162
BJ422MD 1 18 14649 82 9, 114 10, 180 7, 84 9, 166 6, 123 9, 144 6, 176 6, 151 11, 87 11, 81 11, 138 9, 145 10, 84 11, 101 8, 90 9, 115 11, 145 13, 87 11, 141 9, 99 12, 147 10, 114 9, 85 0.376471
PH533AC 26 29 14654.3 139 7, 98 7, 147 8, 107 2.43925
TM326PB 26 29 14659.9 82 5, 131 15, 166 4.34337
TP711WJ 28 29 14669.1 104 7.5
RE810EJ 8 18 14676.5 151 10, 108 8, 115 8, 85 11, 168 7, 176 13, 93 6, 174 10, 184 9, 140 12, 143 3.55944
KR575EE 20 26 14682.1 186 7, 164 9, 148 12, 118 6, 92 7, 115 13, 132 14, 116 14, 176 5, 120 1.80833
ET590EV 25 26 14690.2 139 8, 89 6, 161 4.6087
MD312ZS 26 29 14698.5 184 11, 83 12, 127 0.598425
VH805AJ 8 26 14701.7 162 13, 100 7, 133 15, 126 13, 103 8, 158 14, 108 11, 122 12, 152 12, 172 10, 139 12, 163 10, 175 14, 110 9, 190 11, 107 12, 181 14, 180 2.41667
WV026PC 18 23 14708.9 93 14, 173 5, 158 15, 183 11, 80 11, 112 8, 109 0.183486
TS620ZJ 15 19 14714.7 106 7, 165 6, 102 10, 111 7, 116 7, 138 6.02174
LH282AM 13 20 14720.8 163 6, 116 14, 95 7, 92 12, 153 13, 108 7, 164 15, 80 13, 119 4.57143
LC817YY 21 26 14721.4 164 8, 84 9, 152 10, 115 8, 174 12, 119 15, 95 10, 158 1.93038
HZ750RS 17 27 14722.2 100 7, 94 6, 176 15, 146 15, 101 7, 181 12, 175 14, 85 8, 93 13, 174 11, 165 8, 179 11.0056
FZ819SV 23 27 14729.8 114 7, 88 13, 184 14, 144 5, 138 11, 129 12, 116 5.14531e-14
PP790CS 26 28 14736.3 91 7, 151 11.1192
XZ764AS 15 20 14740.2 96 5, 136 8, 148 7, 135 7, 183 15, 118 9.71186
FC242PM 10 22 14748.1 100 15, 103 13, 94 12, 112 6, 83 6, 132 10, 135 14, 94 14, 103 5, 184 8, 136 11, 163 12, 132 10, 100 6, 163 1.25153
ZH847GZ 4 19 14751.1 144 6, 186 15, 163 9, 100 11, 117 10, 97 6, 82 15, 91 13, 87 8, 165 11, 111 13, 107 10, 107 9, 163 12, 108 11, 153 13, 104 0.788462
HZ707HS 6 28 14751.9 152 13, 190 5, 159 12, 116 14, 186 7, 132 12, 171 5, 185 6, 152 5, 180 7, 95 11, 123 11, 109 14, 141 9, 102 10, 146 10, 185 12, 123 5, 180 11, 139 13, 81 5, 181 9, 109 9, 106 9, 108 13, 93 11, 159 2
TW526BY 24 26 14757.3 161 8, 83 10, 159 11, 132 4.88636
SN439VB 12 17 14765.6 157 14, 141 8, 124 9, 154 5, 136 11, 95 10.1053
RJ942JF 23 27 14769.1 173 12, 158 8, 123 10, 165 13, 159 9, 104 1.51923
VP185JA 18 23 14770.3 82 5, 149 9, 155 15, 98 9, 177 6, 125 12, 156 5.29487
NJ501RG 11 27 14776.6 164 9, 167 14, 125 9, 168 7, 190 13, 86 14, 185 10, 139 14, 131 12, 180 9, 183 10, 185 13, 106 14, 168 9, 132 11, 99 11, 160 2.93125
EK021MG 2 4 14780.4 190 7, 144 6, 81 5, 178 7.94944
LT889KK 20 24 14787 158 5, 103 13, 173 15, 131 13, 81 12.7284
VX637GD 3 23 14795.7 93 12, 129 12, 157 11, 99 9, 176 14, 103 11, 162 12, 175 6, 189 9, 99 7, 168 7, 123 10, 158 15, 167 15, 128 6, 114 6, 81 5, 141 7, 161 5, 148 8, 135 11, 84 11, 83 5, 137 11, 150 0.453333
FD020PD 1 20 14803.5 143 14, 189 11, 102 5, 186 6, 121 15, 110 13, 135 11, 122 10, 165 11, 110 14, 115 11, 95 14, 91 15, 182 10, 128 6, 91 5, 83 5, 108 12, 116 8, 137 12, 89 12, 106 5, 100 8, 168 0.0119048
ND622EM 8 21 14809.2 149 10, 83 13, 89 14, 118 10, 129 8, 132 5, 183 10, 162 12, 85 8, 176 13, 90 7, 157 14, 161 13, 178 4.30337
NG780GE 11 20 14812.2 86 8, 89 13, 139 12, 94 8, 151 5, 85 8, 94 5, 159 13, 97 10, 182 9, 120 14, 182 4.33516
CF058LE 13 14 14812.7 120 9, 152 7, 86 5, 116 1.91379
ME498BT 14 24 14817.2 91 14, 124 12, 162 13, 185 12, 82 15, 81 10, 170 13, 132 5, 121 9, 178 15, 96 0.677083
NF546ZG 17 18 14826.1 140 13, 122 0.377049
CN887EC 14 28 14826.7 104 7, 175 7, 104 11, 178 15, 108 14, 112 15, 162 12, 183 12, 168 8, 190 12, 176 9, 121 6, 130 12, 149 9, 156 4.58974
SD696TV 10 19 14832 148 11, 114 12, 171 8, 165 13, 106 12, 185 10, 158 10, 100 5.49
JD530ME 4 25 14835.6 171 10, 135 6, 185 6, 157 12, 177 14, 139 6, 174 11, 115 14, 121 6, 95 9, 175 5, 112 8, 117 6, 125 13, 93 6, 159 8, 165 9, 142 6, 187 14, 102 6, 178 5, 153 13, 145 10, 166 15, 170 7.01765
BE732NZ 21 28 14839.4 140 10, 186 9, 152 11, 188 11, 134 12, 130 12, 154 9, 125 4.672
ZR393FB 5 23 14841.1 155 8, 80 7, 148 10, 152 6, 157 14, 166 8, 107 15, 101 13, 101 13, 102 7, 81 11, 147 9, 182 10, 185 10, 107 6, 189 5, 139 8, 117 6, 86 7, 151 11, 96 12, 110 7, 95 5, 171 9, 170 1.65294
SH096PZ 22 28 14841.6 168 6, 146 5, 126 13, 115 9, 162 7, 157 11, 154 10, 113 14, 125 5.552
JN044AC 3 24 14849.4 127 10, 144 6, 129 6, 142 6, 138 11, 176 14, 185 10, 107 14, 157 11, 170 12, 153 9, 181 14, 113 6, 146 5, 165 6, 136 12, 144 13, 155 5, 142 9, 97 8, 159 6, 95 13, 80 13, 118 5, 110 7, 83 6, 159 1.58491
ER182CC 5 26 14854.2 85 14, 160 8, 105 11, 158 11, 128 15, 179 12, 153 11, 87 11, 176 5, 166 14, 172 13, 89 7, 170 12, 132 7, 136 14, 171 15, 184 6, 106 11, 87 8, 163 14, 100 12, 96 13, 131 13.2443
GZ350CZ 14 17 14854.8 137 12, 99 10, 147 6.2449
BC742TB 21 23 14856.1 175 6, 134 13, 126 2.1746
BX521WK 25 28 14858.4 176 15, 105 13, 132 5.29545
WD372GB 28 29 14860.9 105 7.42857
HS006YM 20 23 14865.5 96 13, 167 14, 127 14.2835
DP989XC 18 20 14873.7 90 10, 156 12, 171 1.01754
LE381CJ 1 28 14880.3 86 5, 161 15, 186 10, 130 10, 122 11, 96 10, 117 7, 142 10, 144 5, 130 13, 153 11, 187 6, 85 9, 136 7, 136 12, 98 6, 83 9, 91 11, 156 7, 126 15, 143 12, 81 8, 190 5, 84 9, 162 5, 82 6, 160 6, 153 6, 148 7, 136 15, 177 14, 109 12, 110 14, 88 13, 170 10.3529
EJ429WY 27 28 14882.8 165 3.52727
GK923AE 4 6 14886 174 15, 145 8, 147 0.231293
MH372CK 14 17 14886.5 86 15, 129 14, 92 4.95652
ZW039XJ 8 18 14895.3 91 10, 187 10, 154 11, 134 11, 182 15, 189 14, 123 5, 102 7, 80 6, 83 7, 148 0.824324
ZN006LV 18 28 14900.8 160 14, 173 15, 185 13, 149 11, 155 7, 118 6, 94 7, 111 15, 127 6, 87 14, 100 6, 146 8, 120 4.075
KF740HE 28 29 14902.9 116 6.72414
LS359JL 18 27 14904.9 131 8, 120 12, 93 5, 101 10, 160 6, 181 5, 104 7, 122 5, 167 9, 127 8, 162 15, 162 14, 84 6, 167 10.5569
LM609EK 4 27 14909.2 93 15, 160 9, 168 15, 89 9, 151 9, 183 13, 166 7, 138 7, 119 9, 142 12, 82 5, 169 9, 137 11, 148 13, 123 5, 106 15, 148 8, 98 9, 132 11, 153 13, 164 14, 178 6, 111 14, 87 5, 95 15, 98 14, 137 5, 120 5, 82 3.09756
AD400SR 14 17 14911.7 108 5, 172 7, 187 9.66845
EE969EL 9 15 14916.6 116 5, 176 15, 169 9, 126 15, 95 8, 165 5, 123 1.78862
PH256ZL 11 24 14922.7 182 11, 171 8, 144 5, 123 14, 136 8, 175 12, 83 14, 164 15, 126 11, 87 15, 134 11, 187 13, 121 6, 152 5.44737
SE896XG 24 27 14928.8 138 6, 138 5, 134 15, 134 10, 105 7, 126 5.10317
RZ785TN 7 25 14935.2 161 12, 86 10, 87 6, 176 14, 102 15, 80 5, 92 10, 138 13, 101 13, 139 7, 180 10, 166 10, 171 8, 85 11, 104 9, 188 10, 172 5, 169 6, 96 7, 128 5, 131 12, 185 12, 188 1.72872
PX146LR 11 19 14936.6 172 14, 109 5, 108 11, 188 12, 114 5, 173 12, 150 10, 180 2.79444
XT547LP 24 26 14941.5 80 7, 158 11, 181 12, 190 0.221053
LK269CS 21 25 14950.6 108 5, 173 15, 124 8, 134 14, 109 11.422
EA986WA 20 27 14951.9 120 5, 129 13, 94 5, 175 10, 141 14, 135 5, 96 8, 104 5, 187 14, 86 5, 175 9, 133 4.86466
CK693ND 7 11 14952.7 148 10, 121 15, 91 15, 94 10, 139 0.676259
TH223ZG 1 2 14959.3 163 5.07975
EK645AE 23 29 14967.6 90 8, 163 6, 89 13, 96 11, 157 12, 116 10, 87 6, 80 13, 180 6.38333
YZ586TL 19 29 14972.4 99 15, 165 9, 137 12, 126 9, 98 6, 153 13, 151 14, 106 14, 127 13, 113 12, 159 9, 167 5.82635
RM090RX 9 15 14979.4 160 12, 145 13, 168 8, 156 5, 100 5, 133 14, 179 0.810056
GX938DM 17 18 14980.5 86 12, 120 6.95
CJ696AG 21 23 14988.2 131 14, 83 14.8434
MC432AG 1 6 14995.9 100 9, 84 8, 126 7, 183 7, 147 12, 129 10, 127 8, 120 7.00833
PB345ML 3 13 15005.9 120 9, 136 12, 190 6, 105 10, 188 8, 181 6, 190 11, 90 15, 157 9, 124 5, 164 7.65244
AX456TF 5 28 15012.9 136 14, 163 15, 131 8, 155 10, 162 9, 106 11, 114 5, 118 6, 166 12, 103 8, 81 15, 129 5, 186 5, 144 13, 130 15, 86 14, 120 14, 153 11, 152 5, 140 9, 171 6, 179 14, 157 13, 123 14, 176 10, 142 8, 115 2.25217
WJ141DX 25 29 15022.5 162 11, 149 15, 142 5, 175 4.32571
YD986WC 27 29 15024.5 160 5, 162 3.46914
EE423WS 7 12 15031.6 152 9, 127 13, 85 13, 110 11, 164 7, 168 0.27381
NK446MM 24 25 15037.8 148 14.3514
DR938ZZ 24 28 15046.6 114 6, 80 6, 177 6, 114 15, 166 5, 97 7, 153 5, 129 4.7907
MJ252VJ 5 10 15053.9 156 9, 103 6, 136 5, 138 15, 158 7, 167 9, 139 6, 147 5.34014
NG093NA 12 28 15061.8 103 13, 164 11, 89 5, 178 8, 150 5, 103 12, 98 5, 136 7, 138 12, 152 9, 157 11, 139 9, 178 8, 163 6, 180 10, 90 8, 129 14, 157 10, 126 12, 179 7, 136 6, 125 3.56
HE305MK 7 11 15070.3 114 13, 101 15, 124 8, 149 10, 134 1.60448
LD287JB 14 20 15079.3 125 5, 116 10, 166 10, 164 7, 175 8, 99 8, 114 11, 86 3.77907
GF859EH 7 13 15084.9 185 13, 106 6, 114 15, 105 14, 185 8.79459
FL743CE 17 26 15087.5 164 13, 138 11, 109 10, 108 11, 186 7, 125 15, 186 5, 101 13, 188 6, 173 12, 163 9, 117 6.52137
XS538HA 1 9 15093.7 123 9, 93 15, 135 14, 155 7, 190 13, 167 8, 145 8, 140 11, 87 9, 163 0.343558
CJ989FZ 28 29 15097 130 6
WE830KF 9 23 15103.7 181 15, 156 9, 85 14, 142 13, 188 9, 177 14, 134 12, 173 12, 144 5, 129 14, 91 7, 180 15, 95 4.25263
WE058HD 5 14 15110.4 183 13, 169 15, 89 6, 179 7, 158 12, 186 9, 181 12, 121 5, 156 5, 113 7.39823
SH829HG 3 21 15113.8 169 15, 88 11, 155 6, 185 7, 158 13, 115 10, 156 15, 159 9, 183 14, 170 10, 190 11, 96 11, 123 10, 154 8, 85 10, 124 5, 157 5, 188 7, 93 15, 111 1.57658
XT130CS 12 29 15121.8 111 13, 115 15, 124 6, 105 5, 81 10, 137 5, 118 14, 126 15, 143 6, 132 14, 81 13, 184 13, 83 9, 161 8, 188 15, 171 9, 140 9, 172 12, 147 6, 140 9, 82 0.743902
CH238KD 6 8 15131.7 157 9, 117 7, 158 6.56962
BL092MW 8 26 15135.4 82 5, 183 6, 127 9, 130 5, 104 9, 99 14, 111 13, 81 15, 93 12, 133 8, 99 9, 160 5, 99 5, 179 12, 114 8, 125 12, 95 10, 151 5, 143 6, 115 7, 102 9, 156 7, 120 11, 149 12, 177 15, 127 3.1811
CA243TK 28 29 15145.3 159 4.90566
YN855VR 12 29 15146.8 140 8, 112 9, 123 9, 170 14, 151 13, 138 8, 100 12, 180 12, 136 6, 185 11, 180 13, 103 12, 135 7, 145 5, 190 15, 174 7, 132 6, 184 13.8424
WK777JD 10 23 15151.8 112 10, 118 10, 150 9, 130 9, 176 8, 174 6, 133 15, 142 9, 139 6, 144 11, 119 6, 132 5, 172 15, 138 13, 132 5.43182
ST376HD 16 25 15156.9 154 5, 93 12, 117 11, 133 5, 144 6, 147 15, 109 14, 105 5, 91 14, 87 13, 86 11, 107 9, 183 11.2787
BJ086AD 24 25 15159.6 86 13, 102 9.86275
EK808AJ 26 28 15160.7 85 10, 119 9, 154 2.56494
BB717ZS 1 19 15163 137 10, 113 8, 123 5, 156 13, 96 14, 175 6, 133 13, 173 7, 129 6, 167 6, 146 14, 84 11, 150 8, 188 8, 98 10, 139 11, 128 6, 171 5, 162 8, 144 9, 87 6, 111 6, 141 5, 106 1.07547
VM038YR 25 29 15170.4 128 5, 93 8, 89 7, 156 6, 117 10, 188 7, 177 0.310734
VT638NH 25 26 15180 166 14, 85 0.752941
KK746XE 19 29 15185.6 160 5, 152 11, 149 12, 154 10, 83 9, 189 8, 135 9, 181 14, 146 9, 156 12, 151 9, 171 5.73684
SD954HK 17 28 15186.7 116 11, 175 14, 151 12, 174 8, 185 14, 134 9, 89 15, 149 5, 124 5, 92 7, 129 5, 152 15, 86 13, 135 7.2963
HH841PZ 16 20 15192.3 113 9, 125 5, 179 13, 157 9, 86 4.32558
NS222GN 9 15 15197.6 141 10, 186 7, 169 5, 161 14, 110 5, 132 15, 161 0.590062
YV378MK 4 11 15205.4 161 9, 116 9, 143 8, 110 6, 190 7, 141 9, 140 10, 166 6, 159 7.86164
PG699CA 14 29 15211.2 122 5, 154 13, 187 9, 139 12, 99 15, 102 14, 123 13, 121 13, 187 14, 150 14, 175 10, 154 11, 174 8, 163 11.2147
RJ614AH 20 27 15212.3 109 10, 178 8, 150 14, 162 6, 181 9, 133 6, 104 10, 101 6, 140 8, 96 13, 134 9, 164 2.87195
KT000LL 15 18 15217.3 139 7, 84 15, 172 12, 129 1.52713
WL667VJ 20 25 15226.3 158 5, 93 14, 118 12, 159 12, 117 10, 165 15, 84 6.20238
JX250TN 3 18 15233.8 169 12, 162 14, 177 5, 129 15, 102 7, 147 6, 166 13, 107 15, 109 14, 158 7, 151 10, 133 15, 136 5, 109 10, 148 12, 93 2.96774
RD335BC 26 29 15236 132 13, 181 7.62431
KK453RW 17 20 15238 108 7, 161 9, 141 6, 131 7, 170 4.96471
RR324FL 10 12 15239.3 131 8, 169 2.95858
VN095VC 10 23 15246.8 130 12, 115 10, 95 6, 120 12, 162 8, 145 7, 165 5, 180 11, 167 13, 157 11, 181 5, 135 12, 149 9, 137 12, 110 1.67273
KH782RY 13 15 15252.5 119 12, 137 8, 155 7.71613
KW078SW 22 28 15259.6 183 6, 113 10, 169 8, 188 7, 123 9, 81 10, 122 5, 115 11, 92 10, 144 5, 168 4.52381
ZV296XG 28 29 15263.9 81 5, 102 3.67647
CA736WF 6 20 15267.4 117 8, 91 15, 125 11, 95 8, 126 7, 118 13, 111 6, 138 9, 123 11, 166 13, 163 9, 90 13, 84 7, 86 7, 161 6, 132 8, 159 12.1509
HZ355SW 7 9 15268.6 134 10, 92 11, 130 6
CV070AX 14 20 15275.6 100 8, 168 12, 103 14, 106 10, 182 8, 89 11, 108 5.65741
LA587DS 4 29 15285.3 88 8, 125 7, 168 14, 173 7, 116 7, 82 6, 82 6, 135 11, 124 15, 131 12, 162 7, 170 15, 145 6, 188 7, 129 13, 165 11, 85 11, 127 8, 161 9, 153 9, 120 8, 173 8, 122 15, 147 8, 99 13, 123 12, 121 9, 189 12, 81 13, 111 3.64865
MV934ZE 26 28 15295.3 92 6, 85 7, 81 6, 115 5.93913
CH559ZP 9 26 15296.1 133 10, 97 5, 189 11, 81 13, 190 12, 148 5, 154 14, 182 10, 150 12, 135 11, 159 9, 172 10, 153 9, 159 9, 157 6, 163 11, 94 14, 123 6, 169 11, 85 0.129412
VE613EA 14 28 15302 110 6, 87 6, 154 12, 184 10, 155 14, 154 13, 110 9, 114 8, 144 12, 131 9, 80 8, 186 14, 90 12, 158 5, 136 14, 85 5, 99 9, 156 2.98077
HK033SR 6 26 15308.8 81 10, 139 10, 100 6, 120 13, 84 11, 90 8, 137 6, 111 7, 85 5, 104 5, 94 13, 82 14, 178 15, 134 14, 94 14, 164 6, 172 14, 182 13, 150 6, 154 6, 161 11, 190 13, 155 13, 102 13.7647
ZJ674GF 16 21 15314.3 107 10, 150 6, 169 5, 125 14, 83 13, 113 9, 110 10, 103 3.17476
RB605EV 15 19 15318.7 100 13, 111 6, 97 10, 136 13, 139 3.36691
YB288JW 4 20 15323.9 91 10, 134 15, 145 11, 144 8, 110 7, 170 6, 125 9, 150 11, 82 13, 165 12, 112 11, 131 9, 174 8, 142 13, 94 13, 93 15, 150 9, 180 5.34444
PK956RC 11 26 15329.5 110 8, 129 8, 123 11, 104 10, 89 8, 180 12, 111 9, 100 15, 123 13, 88 13, 181 6, 154 8, 126 12, 166 12, 101 8, 137 6, 106 9, 144 8, 161 12, 172 5, 106 4.85849
FP054KK 3 24 15339.5 91 6, 182 15, 92 12, 154 13, 162 14, 163 12, 147 7, 83 9, 124 12, 135 11, 156 8, 142 14, 156 8, 134 10, 92 15, 129 6, 152 10, 95 10, 136 11, 146 13, 149 8, 95 5, 88 15, 82 7.97561
FT193FX 6 7 15346 123 8.4878
AZ257JA 13 21 15348.4 154 11, 85 7, 169 10, 185 11, 149 5, 101 7, 90 15, 111 11, 133 5, 177 10, 99 5, 174 3.02874
BL316NW 21 22 15357.5 158 5.46835
AR917WZ 16 20 15361.7 180 5, 165 13, 163 13, 119 4.95798
YP775ZE 23 28 15365.6 137 5, 155 12, 184 6, 159 6, 114 5, 172 11, 160 11.3813
JN828PE 26 29 15367.1 138 11, 109 7, 160 5.09375
MH892RH 24 25 15371.8 127 9, 134 7.3209
HF732EE 13 22 15375.4 110 12, 94 15, 156 11, 142 9, 156 9, 128 12, 125 13, 103 12, 183 5, 101 14, 187 2.69519
HD757BN 16 27 15380.3 111 15, 85 10, 153 13, 88 6, 93 12, 153 15, 89 10, 147 8, 88 14, 143 7, 171 11, 108 10, 176 6, 166 5, 142 6, 128 7.94531
PL177GB 16 26 15386.9 112 7, 133 10, 91 13, 152 10, 97 6, 175 10, 98 11, 136 15, 178 10, 159 14, 174 8, 152 7, 139 7.15827
AN799VG 4 15 15390.8 125 13, 96 14, 167 8, 90 13, 127 13, 138 7, 102 11, 153 9, 89 7, 80 12, 187 5, 188 5, 164 14, 117 0.606838
FR268HR 10 11 15395.7 187 3.81818
FL937ZE 13 14 15404.3 120 5, 123 8, 169 7, 147 0.197279
XA980VG 21 27 15413.4 168 13, 185 11, 80 6, 101 6, 135 6, 142 6, 128 8, 134 11, 147 8, 116 5, 166 0.89759
CV592DR 25 26 15415.3 95 7, 163 10, 147 0.632653
NP860GX 3 12 15416.6 104 6, 87 9, 171 10, 143 8, 105 9, 180 15, 111 12, 157 5, 110 6, 109 10, 136 5, 188 2.37766
BM478SW 15 20 15422.1 164 13, 142 5, 125 5, 178 5, 184 15, 186 1.73656
BD204AH 12 16 15424.3 183 14, 97 13, 92 11, 165 11, 102 0.745098
SK364DP 13 20 15429.3 158 9, 151 7, 95 11, 134 15, 130 6, 96 13, 110 5, 170 9, 181 8.38674
AV018DV 23 26 15430.3 115 10, 146 8, 125 11, 177 15, 149 1.48993
BM992AW 5 18 15439.1 108 6, 181 11, 163 12, 189 14, 177 5, 127 14, 123 13, 127 12, 169 7, 88 8, 174 13, 111 10, 122 14, 123 0.715447
XS374WK 28 29 15447.9 154 5.06494
YN283VD 19 27 15449.7 96 11, 176 6, 113 8, 173 8, 171 6, 155 11, 163 6, 184 12, 184 13, 107 8, 96 10, 162 8.9321
RL780VC 24 28 15453 117 10, 112 12, 144 5, 122 15, 156 6, 187 4.42781
RV909TL 5 22 15457.3 102 15, 110 5, 126 8, 176 12, 113 12, 120 7, 163 15, 155 13, 163 10, 96 12, 158 9, 163 9, 188 11, 178 12, 123 13, 169 5, 130 7, 154 7.40909
RR321WM 21 27 15458.1 146 14, 170 12, 137 12, 114 6, 128 13, 158 14, 183 5, 124 1.34677
EM517NL 27 29 15467 143 8, 149 1.46309
RV324FH 22 26 15476.4 151 10, 118 5, 109 15, 88 10, 177 12, 144 12, 148 2.06081
JD207YL 6 21 15482.2 185 7, 98 7, 112 11, 180 14, 119 10, 186 12, 99 15, 101 7, 116 14, 118 10, 83 5, 144 11, 187 12, 169 14, 182 8.93407
SN277EN 12 17 15490.2 145 9, 147 7, 144 12, 118 5, 123 14, 184 5, 127 2.94488
KV052FZ 5 13 15496.2 184 8, 116 5, 141 10, 107 10, 143 6, 190 5, 126 5, 102 6, 163 6, 190 11, 179 6.80447
MX340YY 20 28 15500.1 104 10, 129 14, 83 11, 156 15, 188 5, 153 10, 105 9, 167 9, 184 10, 139 10.2806
LF214RJ 15 25 15506.4 165 12, 91 6, 165 11, 85 9, 109 6, 175 8, 163 10, 150 9, 190 9, 134 10, 82 14, 161 13, 161 3.67081
KZ251NX 25 27 15514.5 100 11, 85 9, 133 7, 162 6, 108 3.27778
JN886SJ 10 16 15516.7 183 11, 127 13, 101 5, 160 14, 98 8, 163 6.6319
LX609DN 18 23 15519.2 171 9, 116 9, 187 8, 145 5, 169 6, 160 11, 139 5.52518
KT343JX 27 28 15526.5 120 4.85
EH880VP 5 24 15527.5 112 9, 183 10, 135 7, 153 7, 130 14, 120 14, 100 11, 186 15, 170 5, 151 12, 182 5, 183 13, 111 15, 122 15, 122 5, 120 12, 100 7, 113 5, 96 8, 162 5, 111 8, 182 14, 143 3.26573
NE667XG 12 20 15535.1 142 9, 147 14, 94 13, 167 5, 138 14, 113 15, 82 13, 164 14, 139 0.705036
VF980LE 3 19 15535.6 123 6, 80 11, 121 9, 137 12, 92 14, 86 8, 167 9, 183 12, 125 11, 144 10, 186 7, 126 5, 186 13, 153 11, 87 12, 135 6, 135 6, 97 13, 164 1.90854
JK916HL 25 29 15539.2 127 8, 130 11, 93 5, 170 5, 157 5, 153 6.13072
TY542MF 14 28 15543.5 136 8, 124 13, 142 14, 188 10, 130 13, 106 15, 108 7, 83 13, 108 5, 121 8, 127 13, 149 13, 121 13, 190 15, 114 8, 82 6.53659
ND870AS 11 27 15547.6 166 12, 182 8, 157 8, 118 9, 94 8, 90 5, 153 15, 165 14, 93 6, 94 11, 96 8, 177 14, 107 6, 151 12, 188 13, 176 6, 87 12, 189 11, 121 6, 89 9.03371
ZJ280SM 20 24 15551.9 98 10, 140 11, 126 14, 175 5, 109 6, 135 12, 90 0.277778
DY658JX 1 2 15557.7 141 5.87234
JG024KH 19 29 15560.2 121 15, 150 5, 151 7, 148 13, 117 13, 141 12, 120 13, 175 15, 117 15, 174 10, 134 6.6791
BM788CG 28 29 15567.9 151 5.16556
CD822NK 28 29 15572.6 111 7.02703
LH553JG 13 21 15576.2 82 13, 87 7, 136 13, 87 14, 138 13, 189 14, 140 12, 136 13, 153 6.17647
CJ268XP 11 18 15576.9 157 13, 177 8, 133 8, 97 7, 129 6, 169 9, 140 11, 85 14, 118 1.21186
VK048TE 13 15 15585.8 188 5, 92 11, 133 10, 183 2.39344
ML378XN 16 27 15586.5 110 10, 112 12, 154 9, 104 5, 155 13, 159 7, 181 12, 102 13, 186 6, 180 15, 89 5, 127 9, 174 10, 134 9.98507
AS865VM 1 17 15596.5 152 10, 85 10, 158 5, 172 10, 158 11, 144 11, 133 10, 128 14, 132 13, 80 11, 103 14, 88 15, 160 5, 135 12, 172 9, 160 14, 123 6, 147 1.7551
DX755XN 14 25 15602.3 130 11, 145 13, 149 5, 153 7, 158 10, 135 5, 102 5, 183 9, 81 6, 166 10, 187 15, 130 11, 189 8, 170 3
SM055GY 5 18 15607.7 82 9, 163 15, 105 7, 175 15, 140 9, 158 14, 164 5, 187 11, 98 6, 143 13, 139 14, 175 13, 184 2.83696
RS664RR 20 28 15616.5 103 15, 190 9, 88 5, 132 5, 116 12, 133 11, 151 10, 95 6, 162 14, 136 9, 173 8, 88 1.36364
SW316WK 7 25 15622.9 140 6, 187 13, 125 10, 180 8, 80 5, 139 14, 80 8, 141 6, 158 14, 134 14, 187 13, 158 12, 138 11, 176 8, 125 14, 137 12, 154 6, 176 15, 106 4.69811
HR610BW 19 28 15626.1 119 13, 138 6, 107 13, 91 14, 182 6, 92 8, 153 15, 95 9, 141 6, 154 7, 155 10, 126 15, 188 6.23404
EA384XM 10 26 15630.2 118 5, 150 14, 141 12, 137 11, 173 10, 98 10, 126 14, 132 10, 114 14, 157 5, 139 10, 121 9, 118 11, 143 15, 144 13, 170 14, 119 14.7899
HW949FD 25 29 15631.6 89 7, 102 14, 115 5, 131 10, 115 7, 98 7.58163
HT356NR 22 26 15632.5 137 6, 82 15, 161 15, 111 9, 110 11, 150 13.9733
PX411ZE 25 28 15633.9 116 11, 161 12, 178 8.40449
EW928JZ 17 28 15640.1 179 7, 85 7, 117 10, 95 9, 97 14, 174 8, 154 6, 107 13, 119 9, 172 12, 115 7, 183 15, 142 5, 105 12, 112 10, 106 3.63208
PR825RZ 25 28 15646.6 169 9, 97 9, 95 6, 170 10.2353
VH210AD 18 21 15649.4 185 13, 150 8, 118 9, 125 4.904
JN656FZ 24 29 15651.6 85 11, 85 5, 135 8, 154 14, 139 8, 149 10, 153 2.67974
XJ654EX 12 25 15654.2 112 11, 172 15, 157 7, 124 5, 129 15, 85 12, 183 6, 136 5, 113 15, 157 5, 154 5, 96 14, 166 13, 100 15, 171 12, 162 9.22222
PW827LS 21 24 15661.6 146 12, 181 6, 167 7, 147 7.59864
VX510WE 9 21 15662.9 162 6, 171 13, 134 13, 121 12, 161 11, 93 8, 104 10, 137 5, 129 14, 150 9, 101 13, 184 9, 129 11.2868
NP228PR 5 6 15671.5 132 11, 108 12, 169 1.34911
YG026WW 28 29 15678.8 168 4.64286
EG772DX 24 26 15685.9 86 14, 152 13, 90 5, 161 5, 110 0.7
NC298TY 12 16 15691.1 189 8, 182 8, 145 11, 168 12, 155 0.948387
NW190DN 8 25 15695.9 93 13, 99 15, 90 13, 89 5, 159 15, 136 5, 97 14, 119 9, 114 9, 186 14, 167 14, 104 13, 135 12, 161 11, 172 13, 95 10, 138 7, 190 8.93684
JL236XA 20 25 15701.5 142 5, 189 8, 163 15, 151 9, 161 7, 111 14, 181 4.83425
GD387LZ 28 29 15711.5 166 4.6988
VX426VL 2 23 15720.9 164 6, 180 13, 114 10, 103 12, 151 9, 158 14, 101 15, 152 12, 126 7, 163 13, 144 9, 139 15, 113 13, 179 11, 165 9, 117 5, 106 11, 83 9, 105 6, 82 15, 95 5, 80 15, 84 14, 178 10, 136 2.69118
VB450TY 27 28 15730.1 108 5.38889
WN848VC 19 26 15735.2 124 14, 105 12, 137 14, 86 8, 160 6, 186 13, 152 6, 126 11, 171 14, 116 4.87931
WH702FT 12 14 15742.1 109 11, 153 7, 136 13.5735
HN646SP 4 19 15746 138 13, 148 8, 177 9, 141 12, 104 14, 156 12, 104 6, 176 5, 95 6, 166 7, 122 5, 186 6, 91 7, 116 8, 133 6, 181 14, 87 14, 101 9, 89 0.123596
SY094DR 12 21 15747.3 187 9, 151 7, 131 11, 186 5, 177 14, 144 8, 170 13, 155 7, 158 15, 162 2.51852
JJ555GL 18 25 15755.7 155 9, 83 15, 166 8, 182 11, 158 6, 144 10, 88 8, 95 14, 126 15, 160 1.5375
WL736AN 5 14 15757.9 105 15, 149 13, 84 12, 114 11, 149 9, 110 12, 106 10, 138 9, 156 7, 111 10, 129 6, 134 7.09701
ZG845LX 8 14 15767.9 102 9, 137 10, 80 6, 147 13, 146 14, 110 9, 172 4.09884
EL894SR 18 19 15769.3 101 6.71287
XA399YK 28 29 15776.4 85 6, 142 1.90141
HC942HJ 13 20 15781.2 169 13, 99 13, 131 6, 135 13, 125 6, 124 8, 95 13, 169 9, 95 6.70526
DR275KR 6 28 15787.7 155 12, 109 7, 102 11, 177 10, 114 6, 178 9, 157 9, 130 11, 114 8, 156 5, 152 7, 106 9, 171 5, 94 12, 148 7, 110 15, 127 10, 100 6, 147 15, 110 13, 88 6, 83 6, 145 15, 164 7, 150 7, 132 10, 82 15, 89 12, 127 6, 154 0.201299
ND740XG 27 28 15789.7 142 4.09859
VV344BH 22 29 15795.7 97 14, 131 10, 156 9, 166 11, 114 14, 124 15, 121 11, 114 10.3772
CC382VW 22 29 15800.2 125 12, 173 11, 157 7, 142 5, 134 7, 162 8, 111 8, 90 8, 155 11, 94 8, 106 3.36792
YV998JM 16 20 15801.5 179 7, 165 13, 154 8, 113 7, 101 3.29703
HR663HZ 16 25 15802.4 124 14, 110 5, 130 11, 96 14, 155 14, 127 10, 116 11, 148 10, 107 6, 85 6, 178 15, 102 2.52941
PT067FD 7 29 15806.3 119 15, 178 14, 164 5, 142 10, 172 11, 97 15, 125 13, 138 10, 133 15, 118 13, 163 11, 121 5, 175 10, 86 7, 82 13, 183 12, 102 8, 121 10, 180 6, 122 6, 184 7, 152 15, 81 15, 189 5.51852
SJ098AL 25 27 15811.5 98 5, 140 9, 178 10, 173 3.42197
FZ702EP 5 18 15816.9 90 15, 99 12, 174 6, 156 9, 163 7, 182 11, 177 14, 180 11, 155 12, 133 15, 113 7, 130 6, 86 10, 90 9, 171 2.33333
NW961HW 27 29 15820.4 90 9, 114 4.84211
KJ035AJ 19 28 15830.4 115 11, 169 6, 91 8, 171 13, 171 9, 121 7, 115 8, 102 13, 161 13, 100 9, 124 15, 126 7, 102 9.38235
GD202NH 28 29 15836.2 88 8.86364
YL284GM 12 18 15840.8 98 5, 139 15, 103 12, 104 7, 181 14, 106 14, 88 11.1023
BG250SR 3 25 15845.4 169 6, 190 7, 133 14, 134 15, 82 12, 86 10, 141 11, 113 14, 94 13, 85 6, 137 6, 150 12, 87 5, 142 7, 166 5, 143 14, 104 15, 101 6, 126 6, 142 6, 147 9, 184 14, 91 13, 141 5, 181 6, 169 13, 109 12, 103 9, 105 0.714286
TL775TZ 26 27 15851.2 119 12, 134 2.28358
VS804ES 17 26 15851.9 175 6, 170 14, 148 15, 154 14, 92 13, 155 13, 177 6, 97 8, 184 5, 168 13, 145 5.67586
NH587MX 4 14 15860.2 143 12, 177 13, 110 7, 100 14, 116 11, 149 12, 175 13, 128 11, 149 14, 130 3.63077
HG857VL 10 20 15865.8 173 5, 118 12, 122 7, 151 6, 98 10, 84 13, 104 12, 128 11, 135 8, 151 12, 134 9, 171 6.78947
WC259RM 4 11 15872.6 123 10, 135 15, 165 10, 90 6, 103 8, 83 14, 97 11, 131 9, 94 9.20213
HG962CN 6 27 15876.1 123 8, 145 13, 163 11, 170 8, 98 15, 147 11, 152 15, 130 7, 143 11, 139 5, 173 15, 149 7, 152 14, 121 11, 83 10, 80 12, 188 8, 190 12, 92 6, 185 7, 186 10, 125 13, 166 7.14458
DV379DL 26 29 15883.9 110 9, 84 11, 80 9, 109 4.23853
PX288ZW 18 26 15884.5 81 5, 84 13, 108 9, 100 7, 162 14, 155 5, 92 8, 172 13, 165 7, 116 12, 157 8, 92 5, 138 7, 121 4.15702
CJ693NH 18 28 15894.5 82 9, 143 10, 151 11, 121 11, 127 10, 94 13, 167 12, 165 9, 139 11, 185 9, 139 14, 94 7, 128 2.28906
ZB988EX 20 21 15898.2 158 12, 129 3.39535
MD017NM 14 20 15899.1 107 8, 81 9, 185 12, 134 13, 188 14.984
PX043PH 28 29 15905.3 152 5.13158
MF134ME 2 5 15912.6 161 6, 167 9, 82 13, 158 5, 108 4.78704
CA197XS 16 25 15914.2 162 8, 98 10, 152 14, 190 7, 82 13, 83 7, 163 10, 178 15, 116 15, 99 8, 157 7.15287
XK055RZ 28 29 15921.7 90 7, 146 1.0274
KL582AC 27 28 15926.1 96 5, 171 0.596491
FP334MP 27 29 15933.9 130 10, 114 0.54386
JC720NM 10 29 15940.4 174 5, 80 10, 172 12, 97 11, 128 15, 141 14, 162 8, 103 10, 144 6, 83 7, 97 6, 124 15, 119 5, 117 6, 117 7, 148 6, 88 10, 85 10, 152 15, 162 9, 113 10, 120 14, 178 15, 100 2.34
GA715TS 28 29 15945.7 111 7.02703
CY652SX 3 12 15949.7 129 15, 95 13, 142 10, 117 5, 98 9, 121 8, 170 7, 164 7, 89 10, 190 10, 144 5.1875
TV003HC 7 9 15954.2 120 5, 186 5, 113 8, 146 4.78082
RN604VG 15 27 15957.1 114 5, 81 8, 114 9, 171 13, 111 13, 182 15, 185 5, 170 12, 165 15, 100 13, 100 14, 118 9, 87 10, 154 9, 164 6.37805
DH929MH 21 26 15966.6 119 10, 178 6, 90 7, 93 15, 81 11, 80 15, 152 10, 147 11, 160 0.78125
EF690BR 15 25 15968.8 111 5, 128 11, 120 5, 118 11, 170 10, 109 6, 166 10, 127 10, 143 12, 103 9, 99 9, 112 8, 89 10, 128 7, 164 10, 112 0.1875
SS540NY 16 18 15976.2 170 6, 162 11.037
JA025AV 11 22 15982.1 140 14, 144 12, 111 7, 98 10, 124 8, 124 15, 96 12, 131 11, 182 14, 190 8, 151 10.2914
NV186VS 5 24 15983.9 91 8, 91 7, 150 5, 173 9, 184 10, 90 12, 179 12, 114 14, 179 9, 129 5, 80 9, 151 5, 145 7, 89 5, 126 12, 135 12, 97 10, 90 9, 153 10, 85 11, 83 12, 86 13, 90 11, 151 6, 184 6, 127 8, 171 8.49123
RC428HZ 13 18 15989.1 96 6, 167 13, 87 13, 96 6, 173 9, 100 7, 154 6, 118 4.90678
LT289SX 5 11 15997.3 159 15, 131 6, 147 11, 115 14, 138 6, 118 10, 115 6, 123 5.02439
PK157RB 16 18 15998.3 103 15, 179 7.05587
HR938PR 18 28 16000.5 190 12, 83 15, 142 8, 158 6, 120 7, 131 12, 144 9, 189 11, 186 7, 151 15, 160 11, 176 2.89205
SN547VD 9 17 16001.4 177 9, 113 5, 176 11, 113 6, 89 10, 142 15, 154 14, 146 5, 175 2.20571
WG889XZ 18 20 16008.2 112 5, 82 15, 111 6, 169 2.89941
PF859AF 12 23 16012.9 87 5, 119 9, 118 14, 180 5, 172 12, 185 14, 118 13, 110 10, 96 13, 174 12, 117 12, 174 7, 147 3.91837
RC487KZ 26 28 16022 179 9, 154 4.57792
XS465KR 23 29 16023.2 81 14, 126 15, 162 11, 80 7, 125 12, 143 12, 96 11.2917
ZK957XP 21 23 16031.3 173 11, 137 8.48905
BF856VW 20 21 16036.8 150 10, 91 5, 163 2.32515
TZ846DG 12 22 16042.2 168 5, 108 9, 157 5, 179 12, 189 15, 144 12, 182 8, 177 13, 100 6, 124 5, 111 7, 107 5.75701
DJ388XK 10 12 16050.1 100 7, 140 6.05714
ND480VH 12 21 16055 163 11, 110 12, 129 6, 144 13, 157 10, 116 8, 125 7, 106 7, 132 8, 112 11, 122 15, 152 5, 185 0.335135
YZ249PR 8 14 16060.3 117 8, 162 13, 86 14, 114 10, 92 5, 92 6, 152 13, 179 0.24581
DZ081LT 12 22 16063.6 84 9, 92 15, 181 11, 156 11, 165 6, 86 12, 95 10, 134 14, 150 11, 178 10, 160 6, 179 3.3352
TA690FC 3 29 16070.7 85 7, 117 6, 133 6, 89 8, 91 9, 116 6, 100 13, 101 12, 121 9, 158 11, 156 9, 143 10, 117 10, 130 9, 151 7, 172 11, 111 15, 84 9, 179 7, 144 11, 166 5, 100 7, 91 10, 128 7, 115 6, 129 5, 181 9, 103 5, 161 8, 123 14, 144 6, 170 15, 152 7, 180 13, 183 4.15847
SZ675EB 5 28 16078.4 98 14, 117 15, 144 5, 85 15, 145 9, 140 6, 115 6, 115 10, 102 11, 176 14, 105 6, 87 6, 153 15, 158 10, 86 15, 139 8, 80 13, 124 9, 183 5, 136 8, 166 6, 124 13, 125 13, 117 12, 173 9, 130 15, 129 14, 92 15, 125 5.624
YE673JV 3 13 16087.4 151 10, 151 8, 103 13, 89 13, 85 13, 88 14, 129 6, 127 9, 177 9, 152 10, 113 5, 124 8.66129
SK690XV 19 20 16094.2 95 6, 103 14, 114 2.24561
MY885HR 6 8 16097.1 154 6, 134 6, 91 12, 110 4.09091
TT167KY 17 27 16106.9 137 5, 129 5, 163 5, 115 12, 121 9, 184 6, 128 7, 124 14, 160 12, 182 6, 103 5, 82 10, 190 13, 109 12, 153 9, 129 5.14729
AZ918VZ 15 26 16114 138 13, 130 15, 132 13, 102 11, 186 8, 180 12, 161 6, 129 6, 136 9, 130 13, 163 10, 82 6, 147 12, 121 5.28926
KW249TY 11 28 16120.1 116 14, 117 14, 153 12, 102 8, 171 6, 82 15, 162 7, 122 9, 84 13, 132 11, 172 7, 131 13, 115 14, 157 9, 157 7, 183 6, 140 13, 80 6, 143 12, 88 12, 97 11, 102 3.80392
SY592AW 15 17 16122.9 81 11, 132 9, 133 4.12782
TD920CR 27 28 16125.2 107 5.43925
HW365CZ 12 19 16128.9 108 6, 93 13, 89 10, 85 12, 93 5, 118 8, 137 6, 117 11, 135 11, 156 9, 103 0.368932
XC312RE 13 18 16133.4 122 7, 88 7, 131 11, 120 9, 186 5, 92 8, 83 12, 114 6, 184 4.7663
WD897VM 2 19 16138 136 15, 89 11, 148 15, 135 11, 81 12, 97 8, 147 7, 100 13, 88 6, 189 12, 115 13, 134 15, 149 10, 96 9, 185 7, 104 7, 145 10, 142 14, 118 5.80508
ZX145PM 11 15 16141.8 87 8, 91 9, 111 12, 176 6, 101 15, 132 3.45455
MN547FZ 16 29 16147.9 113 11, 174 7, 101 12, 189 9, 124 13, 84 6, 155 6, 139 9, 83 11, 146 13, 120 6, 152 13, 183 8, 113 12, 92 15, 122 5, 171 4.8655
JG448WB 28 29 16156.9 92 8.47826
EC205TX 27 28 16160.5 142 4.09859
MR176WT 28 29 16168 160 4.875
JM970TF 15 23 16170.4 93 11, 173 13, 158 13, 161 6, 190 15, 119 9, 101 7, 131 14, 168 0.511905
TJ497WS 19 25 16175.4 184 9, 187 8, 135 12, 123 11, 156 13, 145 12, 178 10.9944
GK223KG 5 25 16181.9 114 5, 180 5, 109 5, 100 15, 89 14, 129 12, 146 9, 128 6, 153 11, 181 5, 136 6, 155 6, 159 11, 186 8, 110 14, 172 7, 146 5, 122 13, 128 7, 171 12, 146 7, 131 5, 122 10, 133 12, 117 9, 122 12, 97 12, 155 3.00645
KE560SY 5 7 16182.5 88 9, 113 5, 152 5, 125 12, 176 2.28977
CE448VR 27 29 16189.3 82 8, 145 4.86897
YA815YB 2 21 16190.1 143 9, 87 15, 134 7, 184 9, 141 10, 106 9, 83 8, 103 12, 151 9, 109 12, 190 14, 119 8, 132 9, 168 10, 177 13, 103 10, 126 15, 136 13, 105 7, 121 11, 173 6, 90 5, 125 8.512
SR291SK 27 29 16192.8 157 7, 89 2.95506
FW231VA 28 29 16195.1 133 5.86466
SY199EZ 5 21 16198.1 106 12, 186 10, 159 5, 169 14, 159 11, 99 15, 162 11, 172 8, 147 9, 117 14, 82 15, 133 11, 185 12, 182 12, 128 12, 97 11.1649
VD761YA 15 25 16201.9 155 15, 133 11, 151 5, 87 6, 127 8, 97 5, 178 10, 86 14, 187 13, 105 14, 125 10, 140 6, 156 9.49359
LS289MB 2 9 16203.8 160 8, 100 13, 164 14, 135 14, 106 5, 118 6, 154 14, 103 15, 88 3.28409
TP753LD 15 26 16207.4 175 8, 142 15, 119 11, 161 12, 154 11, 84 9, 115 13, 95 9, 138 10, 131 7, 86 12, 116 10, 179 11, 157 8.79618
PM563LS 26 28 16208.8 112 9, 156 8.38462
VN835KB 17 20 16212.2 154 13, 182 14, 178 1.47191
ZC185FG 7 12 16218 164 14, 179 5, 123 9, 190 11.7368
LK591JY 2 19 16219.6 96 13, 112 5, 85 10, 111 12, 181 5, 143 12, 158 8, 105 14, 188 6, 162 8, 164 9, 152 10, 96 6, 91 11, 166 10, 190 9, 96 11, 158 15, 173 9, 179 5.06704
SJ878NK 17 20 16226.2 166 9, 112 13, 87 11, 89 6, 116 3.19828
XP448HV 10 19 16235.5 92 7, 181 8, 162 6, 169 14, 170 7, 110 9, 117 9, 136 13, 187 6, 117 1.76923
CN275BA 18 26 16242.6 127 10, 108 9, 101 5, 127 10, 107 9, 166 13, 136 5, 109 14, 146 6, 86 6, 163 6, 177 15, 180 3.03889
WJ157YK 12 21 16244.3 166 6, 82 15, 80 11, 168 10, 106 15, 86 15, 162 6, 94 14, 85 13, 142 7, 136 13, 103 9.64078
WK525CZ 5 11 16245.4 82 11, 127 6, 186 11, 151 9, 83 13, 100 15, 186 10, 117 1.76068
MZ674SG 18 28 16254.4 85 15, 121 14, 112 13, 121 8, 114 15, 98 9, 158 10, 182 13, 186 14, 144 12, 100 5, 119 3.94118
YS815XH 3 26 16263.7 151 11, 162 14, 83 11, 132 12, 186 11, 153 6, 179 8, 183 9, 82 8, 118 6, 98 13, 89 14, 169 15, 96 6, 171 5, 138 5, 176 15, 110 8, 98 13, 141 9, 180 5, 95 10, 96 12, 125 6, 162 8, 149 11, 160 13, 119 11, 145 1.3931
KD842XR 4 16 16267.3 101 15, 82 11, 165 12, 125 13, 154 10, 114 13, 130 14, 152 15, 150 7, 188 7, 102 11, 108 13.6111
EA370VW 19 24 16270.4 141 6, 167 14, 120 13, 138 8, 121 9, 175 11, 88 9.81818
PD476LZ 7 11 16277.6 152 12, 143 13, 133 13, 110 2.56364
NX946KY 28 29 16278.2 114 6.84211
JG999RN 21 24 16279.8 157 12, 158 11, 85 15, 141 1.60993
ZD697HX 7 11 16288.4 180 7, 164 6, 106 8, 152 7, 91 15, 102 1.69608
RV157SX 4 26 16290.5 82 8, 87 10, 163 13, 132 5, 165 5, 125 6, 169 15, 190 7, 153 14, 101 11, 82 5, 115 10, 188 10, 97 14, 102 14, 86 7, 134 5, 90 5, 161 8, 102 11, 146 11, 135 11, 132 15, 123 12, 93 10, 135 15, 151 5, 88 10, 138 9.65942
PH166BY 25 26 16297.9 110 6, 87 10, 159 5.39623
VC150AT 27 28 16301.3 126 4.61905
DK208TH 24 29 16305.7 98 9, 110 15, 163 12, 113 10, 114 13, 125 4.064
WB540ZW 7 14 16310.3 92 15, 137 10, 85 9, 177 11, 147 13, 167 14, 183 5.09836
EC071BA 16 26 16311.5 93 15, 151 12, 179 9, 135 15, 182 6, 189 11, 126 10, 179 11, 97 9, 110 12, 134 14, 86 4.7907
MN966JG 9 25 16312.8 117 13, 121 5, 84 10, 80 7, 142 12, 128 8, 94 7, 190 12, 114 13, 85 12, 161 8, 83 5, 126 8, 145 12, 184 8, 148 14, 121 10, 141 14, 142 13, 99 7.46465
XD691JD 6 22 16316.5 141 11, 84 9, 89 6, 181 9, 110 6, 129 6, 169 7, 104 7, 89 13, 140 9, 90 15, 166 5, 119 11, 104 9, 188 15, 161 13, 166 10, 106 10, 90 10.6667
BZ885PY 20 23 16323.6 174 7, 156 15, 173 10.6474
ND872CV 2 19 16330 158 7, 85 11, 109 7, 171 9, 143 8, 140 11, 93 6, 178 6, 95 15, 91 12, 94 8, 175 14, 167 11, 89 6, 181 15, 172 11, 119 11, 125 12, 102 9, 96 5.46875
VJ571YR 5 24 16337.4 120 14, 156 15, 82 6, 189 7, 115 9, 142 11, 89 15, 97 9, 134 7, 141 6, 163 5, 132 15, 82 5, 157 13, 123 14, 86 5, 103 13, 86 7, 138 7, 136 11, 84 13, 81 7, 140 14, 188 10, 153 4.98039
ZY465XW 1 6 16346.6 129 9, 147 9, 86 6, 128 13, 146 10, 167 10, 188 4.53191
JK653HE 19 27 16355.7 157 5, 150 11, 93 10, 130 14, 147 10, 142 5, 116 13, 171 15, 89 12, 88 10, 151 7, 154 9.92857
LM436CL 20 27 16356.4 163 5, 107 11, 122 7, 186 11, 116 7, 132 15, 129 8, 153 9, 87 11, 189 12, 172 2.24419
XE266RS 14 21 16360.1 96 11, 108 10, 132 15, 167 11, 121 12, 141 13, 143 7, 172 2.6686
ZE972SG 3 16 16366.2 135 5, 106 10, 170 7, 172 10, 160 12, 85 5, 102 8, 97 8, 110 15, 175 6, 137 9, 103 13, 133 6, 176 11, 140 7, 131 13, 103 3.4466
FJ691TF 28 29 16372.6 99 6, 102 1.82353
RN083EJ 1 7 16380.3 106 10, 123 14, 190 6, 153 13, 165 8, 111 15, 115 6.90435
DR836SH 18 26 16387.4 83 7, 111 15, 189 12, 100 10, 112 8, 102 13, 134 6, 124 5, 148 5, 186 13, 132 14, 169 4.43787
VC641YA 22 27 16395.3 96 10, 80 5, 140 7, 162 7, 143 7, 84 7, 171 11, 166 15, 96 5, 109 5.43119
WE416RS 6 26 16400 178 6, 87 10, 119 12, 150 5, 115 13, 140 6, 138 14, 160 5, 143 7, 155 11, 83 13, 177 12, 155 14, 151 15, 148 12, 153 5, 118 12, 115 7, 111 15, 101 6, 122 6, 98 7, 130 13, 120 5, 180 8, 126 2.49206
NR335PJ 4 26 16407.3 110 13, 167 13, 188 7, 178 10, 165 7, 94 15, 160 15, 188 14, 166 11, 181 7, 87 15, 171 12, 182 8, 137 13, 127 12, 174 5, 137 14, 132 14, 116 11, 132 9, 184 14, 142 4.54225
ZK750DA 2 21 16410.9 86 10, 123 12, 107 5, 163 10, 127 8, 89 9, 154 14, 92 5, 186 8, 137 8, 137 9, 113 10, 175 6, 184 9, 179 8, 115 10, 157 12, 99 12, 135 9, 132 15, 166 5, 179 15, 157 7.98089
RL364TH 15 19 16416.9 172 5, 116 11, 177 13, 172 4.27326
DG411DZ 7 8 16417.5 90 8, 90 7, 123 7.12195
AJ476YF 11 24 16420.5 168 10, 142 10, 129 8, 95 6, 132 9, 160 13, 149 7, 117 9, 131 9, 145 12, 108 12, 172 6, 109 9, 112 5, 166 6, 84 6, 115 14, 127 6.3622
TC151RL 2 10 16426.4 154 6, 146 10, 166 10, 114 13, 125 10, 122 9, 104 10, 110 8, 105 15, 159 9, 163 5, 109 2.08257
SH440BP 9 22 16431.9 115 12, 155 10, 190 13, 96 15, 113 8, 172 11, 122 5, 156 9, 171 7, 87 14, 98 6, 179 10, 92 9, 179 10, 136 0.0955882
LT857AK 21 28 16434.9 143 8, 183 9, 146 9, 118 9, 135 7, 181 15, 165 11, 169 5, 160 2.90625
MM056VZ 5 28 16437.1 167 8, 86 6, 165 13, 113 5, 145 9, 101 7, 171 8, 85 8, 146 8, 139 10, 153 15, 113 6, 97 15, 96 10, 103 10, 143 8, 138 7, 87 6, 179 12, 146 10, 139 12, 124 13, 114 13, 133 12, 100 12, 119 5, 162 15, 187 7, 178 6, 144 3.58333
SD063XJ 2 3 16437.9 177 12, 164 2.23171
WP146ER 27 28 16446.8 170 3.42353
AW716BD 7 16 16452.7 84 14, 190 7, 91 7, 171 12, 154 12, 166 14, 186 14, 92 13.9457
RJ842PN 10 12 16458.6 129 7, 124 5.20161
MS905AB 6 13 16464.5 85 8, 176 10, 152 5, 148 9, 151 14, 164 9, 124 5, 166 0.903614
JG176VM 19 21 16474.2 155 7, 137 7, 125 7, 140 11, 159 0.899371
NT631LJ 15 18 16478.8 139 12, 101 6, 140 8, 148 7, 91 0.703297
XY913ZZ 2 22 16488.7 87 9, 107 14, 180 14, 131 7, 134 10, 109 13, 105 8, 110 10, 173 6, 143 12, 131 8, 145 15, 179 15, 177 7, 139 7, 137 5, 173 10, 106 6, 162 8, 114 12, 122 13, 188 9, 122 6.44262
EV353JT 3 20 16498.5 94 10, 119 15, 170 14, 189 13, 148 10, 109 14, 159 6, 99 11, 189 5, 172 14, 136 12, 157 15, 172 7, 97 14, 175 14, 175 2.38286
FD439SY 15 23 16504.8 173 15, 83 14, 101 7, 96 15, 178 6, 117 6, 92 13, 157 13, 147 9, 133 4.55639
HK292RG 2 17 16506.6 93 13, 113 9, 135 6, 120 8, 94 13, 96 10, 154 11, 126 11, 91 5, 103 8, 120 15, 93 12, 146 15, 163 11, 105 5, 147 11, 115 12, 101 12, 119 7.46218
GC530ZX 28 29 16509.9 124 6.29032
DK199TN 4 21 16513.8 129 15, 178 13, 81 12, 116 9, 111 12, 151 7, 100 9, 126 12, 106 10, 89 15, 98 11, 149 12, 111 5, 157 8, 83 7, 95 13, 165 7, 150 9, 113 6, 90 7, 143 14, 82 5.13415
RB795MY 15 17 16520 85 14, 95 10, 171 2.8538
ZX120WM 18 27 16529.1 95 7, 161 13, 105 11, 170 9, 180 9, 113 11, 186 10, 141 14, 153 7, 146 7, 134 11, 156 6.04487
XA412PG 9 18 16533.2 93 13, 164 10, 176 10, 98 9, 190 10, 114 8, 107 7, 186 8, 118 11, 98 10, 189 0.592593
ZY017HW 4 19 16542.6 90 7, 116 7, 136 8, 148 14, 185 8, 113 13, 121 5, 127 13, 107 5, 169 5, 114 6, 131 8, 130 14, 130 8, 178 15, 82 7, 151 10, 87 12, 98 0.112245
HF396CZ 10 16 16546.9 103 13, 117 6, 171 12, 138 5, 134 6, 114 9, 99 11, 125 4.576
VW617GX 19 22 16553.5 97 7, 164 5, 101 7, 98 8, 118 5, 179 10.5363
KZ419FR 1 26 16556.1 146 5, 162 15, 109 10, 174 12, 151 9, 101 10, 135 13, 148 12, 131 5, 106 6, 139 7, 99 11, 152 12, 190 6, 189 15, 173 9, 136 13, 155 6, 115 14, 90 10, 146 11, 168 9, 127 6, 151 12, 157 15, 173 7, 124 5, 96 9, 104 15, 109 1.93578
VD778DT 14 27 16563.7 88 8, 172 5, 102 10, 184 11, 180 15, 87 8, 167 5, 93 9, 136 7, 176 5, 104 13, 134 12, 144 13, 108 14, 141 11, 145 11, 181 5.9116
YL542YG 6 23 16564.5 166 13, 123 6, 127 12, 121 6, 139 10, 144 11, 102 5, 118 10, 150 10, 187 9, 147 9, 124 10, 92 6, 180 15, 186 12, 97 12, 156 12, 94 5, 110 8, 96 0.270833
BV469VG 13 15 16565 168 14, 91 6, 119 5, 174 1.3046
SD860BZ 21 24 16570.5 152 9, 84 5, 183 11, 128 9, 185 0.924324
TC055BP 1 20 16576 169 8, 90 5, 130 7, 133 9, 85 10, 95 15, 123 14, 112 6, 90 9, 82 5, 138 6, 173 12, 138 10, 169 6, 135 5, 122 10, 143 8, 91 8, 159 13, 112 15, 104 7, 164 10, 140 8, 146 8, 81 5, 89 5, 115 5.06087
XY174HW 1 24 16582.5 94 10, 84 8, 132 15, 189 5, 99 10, 159 11, 146 7, 87 13, 110 13, 112 15, 90 7, 145 7, 85 6, 178 7, 137 15, 165 10, 158 8, 178 12, 139 14, 97 9, 162 5, 153 15, 151 10, 175 12, 116 15, 95 13, 89 6.76404
ZJ281NV 26 28 16583.4 118 13, 174 4.49425
LJ749HD 7 17 16585.6 135 6, 103 9, 116 14, 113 15, 119 11, 161 11, 158 11, 103 12, 125 9, 137 12, 164 1.93293
YG294PX 6 20 16592.7 102 5, 106 5, 125 6, 127 13, 183 5, 106 6, 165 15, 144 15, 89 10, 180 11, 175 5, 82 8, 114 5, 165 9, 175 15, 124 9, 143 1.59441
NF918KN 13 15 16593.4 162 14, 168 7, 169 1.63314
AR381PJ 25 26 16595 96 11, 121 6, 129 4.69767
TC496YY 1 28 16600.2 179 7, 113 5, 117 15, 88 15, 188 7, 114 11, 170 9, 151 11, 143 15, 152 12, 177 11, 83 14, 187 12, 187 14, 160 11, 82 12, 154 13, 138 13, 108 6, 98 6, 171 6, 112 6, 172 8, 150 12, 156 5, 133 8, 98 14, 110 9, 181 8, 145 9, 132 5.91667
TR921MS 24 25 16601.2 161 13, 152 0.203947
HG428DH 21 23 16609.8 104 14, 170 9.47059
CP643KR 11 24 16613.3 150 13, 115 6, 87 12, 123 8, 163 12, 115 7, 114 7, 182 10, 187 14, 137 10, 100 15, 121 13, 154 14, 150 10.0533
EE712PX 11 19 16617.2 138 6, 152 12, 134 7, 114 7, 99 10, 166 8, 147 13, 181 13, 145 0.524138
AP689SV 10 13 16617.7 166 10, 109 11, 160 0.05625
WY390HV 25 28 16619.6 145 8, 164 5, 89 7, 185 11.3568
TE966SM 4 18 16624.9 125 13, 128 14, 177 12, 134 6, 132 15, 178 8, 120 15, 96 14, 155 12, 162 7, 133 6, 157 15, 110 14, 190 1.73684
GM303FM 28 29 16627.2 95 8.21053
YG725AW 5 12 16634.7 88 5, 162 6, 139 7, 101 8, 137 13, 120 9, 119 12, 166 14, 151 4.91391
HC942EK 2 17 16642 125 6, 160 12, 82 13, 117 7, 117 8, 128 6, 188 6, 123 8, 83 5, 106 14, 125 12, 89 11, 111 11, 102 10, 144 15, 167 15, 106 12, 91 11, 140 8.07143
JD687CJ 10 27 16643.8 148 11, 154 11, 106 11, 174 14, 119 15, 132 12, 158 9, 144 13, 140 15, 133 6, 127 8, 93 6, 145 15, 173 5, 84 5, 157 14, 183 6, 107 10, 182 10.1484
ZA696HL 9 10 16651.6 95 6, 160 7.9875
MB137SC 3 12 16652.8 152 15, 149 9, 166 5, 90 5, 180 15, 84 10, 128 5, 110 7, 190 15, 157 1.26752
CD224RN 28 29 16655.9 129 5, 149 0.90604
FL668YM 11 25 16658.9 176 12, 146 12, 122 10, 179 12, 182 9, 130 12, 181 13, 125 9, 89 11, 164 14, 160 15, 152 14, 174 6.81034
RB208CP 16 27 16665.8 170 5, 129 6, 100 9, 116 9, 113 12, 190 12, 108 6, 102 7, 87 15, 146 14, 138 10, 116 14, 88 15, 140 10, 145 12.5448
MS356WY 5 8 16671.8 152 14, 145 5, 139 9, 189 7, 124 5, 118 1.68644
LW652XS 19 22 16674 100 12, 173 7, 161 13, 99 9.71717
ZX720SH 6 29 16676.7 114 6, 154 10, 149 15, 121 15, 141 7, 155 11, 121 9, 96 12, 187 13, 148 7, 187 5, 177 6, 117 15, 177 14, 116 7, 144 15, 101 7, 164 6, 96 7, 160 14, 103 8, 102 13, 152 14, 190 12.4263
RX123DV 1 25 16683.1 143 13, 108 7, 184 9, 131 15, 85 13, 161 8, 127 9, 120 14, 88 14, 148 11, 129 10, 150 5, 157 6, 85 15, 111 5, 103 12, 110 9, 115 15, 141 15, 166 10, 165 10, 146 13, 157 15, 129 5, 160 8, 94 15, 171 12.8187
LX357DX 6 29 16685.2 107 9, 158 10, 188 10, 104 12, 167 10, 121 10, 166 10, 88 6, 127 11, 155 10, 155 7, 138 12, 154 10, 146 13, 131 12, 116 15, 143 14, 100 7, 187 15, 109 5, 126 9, 179 14, 140 5, 91 6, 181 5.54144
XY277NE 7 10 16690 103 13, 183 6, 188 12, 125 2.296
WG868HA 22 28 16698.2 103 7, 133 10, 182 15, 166 6, 86 9, 133 13, 106 12, 80 13, 139 3.56835
RH950JM 5 23 16699 162 8, 164 13, 160 12, 89 10, 182 12, 130 11, 103 7, 136 14, 84 14, 166 7, 164 14, 167 15, 107 12, 121 12, 113 6, 145 13, 135 12, 133 5, 162 7.58025
LB409TF 2 9 16708.6 145 6, 133 7, 109 11, 118 14, 83 11, 101 7, 182 9, 130 12, 177 14.2599
JK541ZZ 6 14 16717.2 164 12, 155 10, 165 5, 115 12, 91 12, 111 15, 133 13, 189 7.8254
RS432CE 23 27 16724.3 85 6, 176 11, 156 7, 167 13, 112 13, 175 6.50857
EN658AB 7 16 16727 177 8, 187 11, 167 11, 149 8, 80 10, 126 6, 156 9, 160 11, 132 6, 142 8.73239
NB186ZN 11 29 16736.7 124 11, 162 7, 117 9, 166 15, 163 11, 91 14, 144 11, 136 12, 166 9, 122 15, 101 7, 156 10, 80 10, 135 7, 87 9, 169 6, 93 6, 181 13, 141 6, 150 15, 84 9, 142 1.12676
CG858XT 9 19 16739.8 116 8, 178 12, 154 6, 184 8, 84 6, 149 13, 115 11, 186 6, 107 7, 168 15, 128 0.445313
EL396SZ 21 28 16741.7 89 6, 190 5, 112 9, 129 8, 91 5, 96 6, 137 5, 110 7, 158 14, 118 6, 175 7, 146 12.3082
AX031RV 6 7 16747.1 88 11.8636
GT691XG 18 26 16753.7 89 8, 186 10, 106 12, 162 5, 134 13, 97 11, 130 10, 125 11, 101 13, 154 7, 176 9, 145 5.53793
YT530GH 13 27 16762.7 162 6, 172 7, 85 9, 158 9, 160 12, 163 6, 98 9, 136 13, 102 10, 144 14, 167 14, 105 5, 171 6, 90 14, 135 5, 166 7, 106 7, 140 13, 162 8, 178 6.02809
SR518MZ 28 29 16767.4 124 6.29032
LG710MW 20 22 16773.7 139 6, 174 13, 101 1.0099
RX145AT 25 29 16776 94 8, 145 15, 143 11, 91 10.8132
CR958VH 25 29 16777.7 147 5, 103 8, 80 9, 92 11, 131 12, 99 6.27273
AM293HM 16 20 16781.9 99 7, 83 10, 158 12, 139 7, 190 7.16842
CV379EK 22 27 16791.6 124 11, 147 5, 128 8, 187 7, 129 13, 170 15, 146 12.6507
EM722DP 15 29 16801.2 115 15, 108 10, 178 13, 185 11, 163 15, 107 5, 130 10, 121 8, 95 6, 170 15, 85 10, 94 8, 128 8, 123 5, 81 6, 101 10, 82 10, 186 5, 177 2.80791
DS303ZD 23 24 16808 145 12, 117 2.71795
YD551ZF 4 19 16814.9 157 14, 184 5, 86 15, 158 13, 120 13, 168 10, 108 7, 123 9, 138 13, 138 15, 148 12, 113 12, 169 7, 158 11.6709
NY462CK 15 17 16815.9 187 14.0535
XT100BX 3 5 16824.4 164 8, 137 7.59124
GJ186VL 11 26 16825.1 86 14, 186 8, 140 6, 178 9, 176 12, 128 7, 150 9, 119 14, 187 12, 158 11, 184 13, 141 11, 182 10, 165 6, 119 14, 187 9, 89 0.47191
RW787ZJ 19 28 16834.2 181 14, 168 12, 106 9, 188 13, 81 13, 178 12, 122 9, 88 9, 140 7, 146 14, 122 4.12295
AS761WZ 21 23 16840.5 80 11, 181 10, 160 2.35
LH997GJ 3 27 16849.7 152 5, 147 8, 145 14, 168 13, 86 10, 129 12, 163 12, 87 13, 162 7, 146 14, 121 12, 146 6, 175 14, 172 12, 177 14, 110 5, 188 6, 137 11, 102 9, 186 11, 164 7, 186 13, 106 13, 147 11, 97 7, 169 9.18343
ER486TN 17 19 16854.2 144 13, 133 5.05263
SF542TY 26 29 16859.7 110 6, 150 13, 134 3.62687
TW852SE 4 5 16864 163 5.07975
VA271ET 26 29 16871.8 101 13, 176 8, 173 2.16763
BE552TC 27 28 16876.1 172 3.38372
PP266HX 18 24 16880.2 160 11, 189 14, 168 6, 106 10, 140 6, 103 5, 143 5, 144 12.9167
PJ875EF 3 9 16881.6 110 12, 116 15, 160 12, 143 7, 186 10, 155 5, 164 5.41463
PF642CM 2 10 16882.6 160 8, 165 8, 136 6, 88 15, 139 12, 139 8, 141 14, 167 9, 82 7, 110 13, 158 5.3481
GN239VL 22 26 16887 185 7, 102 15, 134 6, 112 14, 94 13, 173 10, 115 5.41739
XG797AH 1 8 16888.4 115 5, 167 13, 92 15, 85 9, 98 13, 87 8, 88 14, 179 7, 82 6, 163 9, 93 6.56989
DC045ZM 18 25 16889.2 136 15, 129 5, 178 9, 131 5, 151 8, 116 9, 119 7, 180 8, 147 5, 121 12, 110 7.94545
MZ919MP 1 13 16894.8 156 10, 122 12, 162 15, 176 13, 112 7, 100 10, 111 15, 165 6, 91 5, 133 8, 159 6, 182 6, 125 11, 125 3.336
SV261WN 19 27 16896.5 154 8, 152 5, 150 10, 170 9, 98 11, 117 15, 172 13, 149 8, 171 7, 144 10, 129 13, 154 2.43506
DJ757KH 6 10 16901.4 112 11, 140 11, 96 11, 123 5, 100 15, 83 0.975904
TH036PS 21 29 16902.4 147 8, 149 11, 161 14, 126 10, 132 8, 188 6, 99 14, 133 8, 97 8, 184 5.39674
LS603RW 10 23 16907.2 146 15, 153 11, 160 12, 82 13, 164 9, 171 7, 161 14, 81 8, 131 8, 148 8, 160 6, 88 9, 147 13, 108 10.1759
XM883SS 24 29 16912.2 116 14, 126 10, 178 15, 189 5, 122 9.09016
AA981RN 20 25 16917.3 181 12, 145 9, 178 9, 153 11, 86 8, 130 6, 131 7, 131 3.32061
HL321MT 17 21 16925.9 118 14, 183 13, 170 10, 94 11, 80 4.7625
VF310ML 4 6 16935.5 168 8, 116 12, 177 6.0339
KK688KM 10 18 16936.9 133 6, 99 15, 124 13, 85 12, 121 8, 130 10, 136 5, 128 15, 143 9.08392
LP437FV 2 14 16937.9 111 7, 135 7, 156 15, 164 15, 183 15, 119 6, 169 13, 190 9, 141 13, 188 6, 181 14.6796
MY711EY 10 13 16945.4 169 5, 113 5, 82 12, 104 4.55769
EW758AY 23 28 16946.6 140 11, 127 10, 175 12, 166 11, 108 12, 154 5.54545
ZV140HE 13 26 16951.7 98 11, 153 10, 143 6, 180 6, 119 13, 172 8, 181 14, 170 8, 123 9, 156 8, 98 8, 166 8, 110 13, 119 13, 153 5, 184 8, 129 12, 123 4.37398
AS812ET 15 19 16953.6 167 15, 107 8, 165 6, 92 8, 84 1.0119
FD596HW 10 21 16955.6 114 5, 178 15, 133 9, 165 8, 120 9, 99 13, 90 13, 145 14, 151 12, 100 9, 84 8, 101 10, 158 4.07595
HH125YL 22 27 16965.2 92 7, 136 14, 140 11, 132 9, 176 8, 132 8, 104 11, 175 9.26857
TX238VP 23 24 16975.2 111 8, 131 8.9313
EK102EM 19 23 16980.4 133 14, 145 8, 134 12, 130 5, 130 7, 189 7.82011
XX812YP 15 24 16982.7 90 11, 101 5, 120 11, 171 7, 143 6, 93 5, 130 15, 172 8, 114 14, 161 15, 151 14.7417
KK413SY 16 29 16984.1 148 12, 160 10, 159 6, 82 7, 107 12, 80 13, 189 8, 177 10, 123 6, 111 15, 180 15, 107 11, 179 7, 89 14, 148 8, 134 2.58955
ZA822LF 15 28 16992.6 98 12, 97 10, 87 9, 154 8, 146 7, 84 13, 157 11, 134 12, 166 12, 103 8, 152 7, 129 15, 161 15, 182 14, 185 7.23243
XX067EX 28 29 16996.1 102 5, 97 2.78351
EY806SL 16 28 17000.5 189 12, 107 8, 143 10, 160 13, 135 10, 106 9, 143 10, 186 5, 165 9, 128 14, 142 5, 86 5, 114 13, 159 9, 82 7, 144 5.81944
WW349HZ 3 28 17005.2 118 13, 86 15, 110 12, 176 6, 177 5, 145 10, 88 12, 106 7, 100 7, 90 6, 143 15, 164 15, 100 14, 99 8, 139 5, 129 15, 184 5, 177 5, 142 7, 189 7, 159 7, 149 8, 188 14, 123 12, 108 5, 105 9, 167 6, 122 8, 123 9, 87 6, 97 10, 177 14, 102 5.79412
ZD048YA 10 11 17014.7 89 8.02247
ZH690HK 1 5 17018.3 109 15, 142 12, 85 6, 85 13, 179 4
RE170BS 6 26 17023.1 119 11, 100 8, 92 11, 160 10, 82 13, 179 15, 99 15, 177 7, 130 9, 116 12, 132 5, 88 14, 102 12, 112 13, 166 7, 183 13, 187 15, 140 7, 184 5, 163 5, 89 5, 115 8, 111 7, 176 9, 108 8.37963
YD331MX 12 26 17026.2 178 8, 159 6, 135 15, 185 8, 104 12, 122 10, 128 10, 182 7, 169 15, 125 7, 121 15, 184 11, 121 13, 184 9, 123 11, 152 8, 96 5.1875
FD122JN 18 20 17035.5 175 10, 93 9, 101 3.55446
ZB256KE 7 14 17040.9 132 10, 159 6, 137 13, 146 9, 90 8, 118 10, 90 8, 179 13, 141 2.32624
BC868RH 21 27 17044.4 96 7, 179 12, 80 11, 159 13, 119 11, 121 14, 176 9, 176 5, 137 0.992701
BW364HK 7 8 17050.9 161 6, 176 5, 94 4.04255
YG305NX 28 29 17060.9 127 6.14173
CX162HM 5 23 17066.7 120 8, 125 6, 95 14, 173 7, 168 14, 136 15, 88 10, 91 6, 132 9, 101 8, 134 9, 147 13, 123 10, 155 10, 165 11, 113 7, 124 13, 145 10, 102 14, 160 5, 138 5, 149 10, 166 2.3494
WP760JG 12 27 17076.2 104 6, 145 9, 140 9, 141 5, 149 7, 117 8, 165 7, 152 6, 95 11, 144 9, 108 9, 147 13, 143 15, 123 7, 163 10, 132 15, 110 13, 83 13, 101 13, 156 13, 105 5.27619
PL733NS 2 3 17081.8 121 14, 113 5, 171 1.35088
NT652NF 28 29 17085.9 89 8.76404
FD108MY 21 23 17092.6 147 14, 177 5.69492
PT006BR 19 26 17096.3 116 6, 158 15, 164 11, 124 6, 83 12, 150 15, 163 13, 186 11, 119 6, 147 3.39456
KY044CM 6 20 17098.4 89 13, 153 9, 85 8, 178 11, 117 6, 114 12, 139 6, 180 10, 135 7, 190 7, 80 11, 101 11, 93 10, 82 5, 166 9, 150 14, 145 6.73103
WK583AY 25 27 17107.2 123 13, 138 6, 128 13.2422
VB917NY 5 11 17110.4 160 15, 154 6, 143 10, 180 12, 164 6, 179 5, 105 8.77143
GK300VF 23 27 17115.2 142 8, 113 11, 134 9, 96 15, 83 9, 185 13.6865
XA489BC 12 29 17122.5 99 8, 154 15, 186 10, 144 14, 154 8, 178 10, 106 12, 113 10, 120 12, 140 13, 158 10, 110 13, 93 15, 118 9, 85 5, 113 14, 134 7, 122 13, 145 13.0759
WS845FL 17 28 17128.6 149 8, 96 11, 144 9, 93 10, 165 6, 124 12, 163 14, 138 11, 102 14, 173 7, 142 10, 145 6, 189 12, 132 8.70455
DC894NV 1 29 17132.2 158 9, 166 11, 162 9, 127 11, 93 5, 90 15, 131 7, 119 8, 102 7, 106 6, 152 10, 151 15, 96 12, 132 14, 146 10, 184 14, 104 15, 185 9, 121 6, 88 15, 178 6, 146 11, 110 15, 154 6, 106 7, 116 10, 94 15, 118 9, 152 11, 180 13, 158 14, 129 5.34109
GF723YH 21 29 17136 187 6, 139 5, 152 13, 113 15, 160 13, 104 8, 130 13, 182 13, 89 3.10112
ZJ546ZD 24 29 17144.1 81 13, 118 6, 89 10, 116 12, 128 8, 96 6, 112 6, 86 7, 106 6.51887
GA274AT 4 15 17152.6 84 9, 174 8, 104 6, 162 9, 174 5, 99 10, 102 14, 80 12, 183 15, 103 14, 100 5, 137 5, 178 12, 120 3.58333
MR276YZ 24 25 17154.5 131 5, 98 7, 146 5.36301
TA998EW 14 28 17162 80 8, 140 10, 81 8, 95 11, 129 5, 119 5, 190 11, 123 9, 105 12, 148 5, 97 14, 162 9, 180 15, 173 10, 178 14, 104 8, 144 10, 130 3.61538
LT368SM 3 18 17167 149 12, 187 14, 141 6, 128 14, 146 15, 90 14, 106 6, 151 14, 126 10, 110 6, 148 11, 154 10, 132 9, 158 8, 162 6, 149 4.55034
AH371WK 6 7 17171.7 100 6, 101 4.39604
TW494YE 8 14 17178.8 129 13, 156 15, 99 9, 129 11, 131 13, 148 2.62162
PZ934JR 20 21 17182.4 161 6, 154 7, 182 1.59341
KD808YT 5 15 17183.2 154 11, 156 5, 157 5, 176 8, 102 5, 139 5, 107 11, 163 5, 88 12, 99 13, 134 5, 148 10, 174 5, 124 9, 80 5, 180 4.69444
EG105KH 7 21 17183.8 184 13, 99 5, 89 14, 145 15, 184 6, 103 11, 94 6, 119 13, 156 8, 136 10, 143 14, 151 15, 168 15, 143 8, 99 1.48485
TH872KK 4 13 17185.8 153 5, 106 15, 101 13, 186 5, 89 8, 102 7, 123 13, 115 6, 129 7, 135 8, 144 12, 131 5.12977
LW212MK 24 27 17186.8 166 10, 99 7, 181 10, 127 6, 84 14, 159 0.91195
CL989RJ 23 28 17191.3 158 5, 113 11, 112 6, 164 9, 121 12, 128 11, 80 5, 112 6, 163 4.74233
HC074KA 17 18 17197.5 173 10.7861
AB200SZ 9 28 17200 88 9, 109 12, 90 12, 144 11, 181 5, 85 15, 142 11, 152 13, 137 14, 182 7, 133 6, 175 7, 80 7, 178 5, 103 11, 127 10, 137 10, 138 12, 83 6, 181 13, 147 14, 108 10, 113 10, 128 3.64844
BV950BW 19 27 17201.1 87 13, 133 15, 161 15, 180 9, 116 8, 178 7, 149 6, 97 6, 129 11, 143 12, 95 12, 90 9, 112 0.678571
YF779XB 8 28 17203.4 89 7, 154 15, 164 10, 135 9, 180 13, 158 13, 135 7, 83 5, 189 11, 121 8, 146 13, 124 15, 145 9, 164 15, 168 14, 161 10, 173 7, 133 15, 190 9, 120 0.65
KZ762PG 10 25 17208.9 161 14, 129 14, 142 8, 116 6, 135 6, 140 15, 136 7, 96 15, 171 13, 122 9, 168 11, 93 10, 109 14, 147 10, 97 11, 96 14, 88 10, 160 0.1875
HA227BP 20 26 17216.2 103 6, 101 12, 138 9, 162 6, 117 14, 90 8, 117 11, 133 8, 85 11, 115 12, 94 9.59574
BH334CZ 8 9 17217.2 105 8.62857
WE030FN 13 17 17222 111 7, 95 14, 86 11, 124 5, 124 8, 143 8, 183 2.94536
ZS288LV 19 21 17230 163 6, 83 6, 140 11, 173 6, 84 5, 92 1.3913
HM579ZC 6 15 17237.7 125 12, 104 8, 147 8, 164 12, 103 10, 186 15, 142 9, 118 5, 160 9.05
BJ154FJ 18 29 17240.9 182 6, 188 10, 165 9, 190 8, 130 14, 126 13, 184 8, 184 5, 170 9, 80 8, 90 5, 178 8, 160 8, 121 7, 128 0.109375
RH914LR 22 29 17243.9 177 11, 163 5, 105 11, 170 10, 129 8, 134 6, 178 7, 114 14, 89 5, 121 9.32231
XS488JR 16 24 17244.7 138 6, 163 11, 91 8, 118 5, 93 5, 139 5, 146 11, 155 14, 101 5, 123 14, 92 10, 160 7, 128 0.546875
VG887SK 18 20 17247.1 105 6, 98 10, 83 12, 101 3.36634
RP754LR 23 28 17251.6 149 5, 128 5, 129 5, 87 11, 101 10, 106 11, 156 15, 116 7, 125 4.568
HR389MV 24 25 17255.9 164 9, 108 6
GD128RF 2 28 17256.5 91 9, 85 6, 80 15, 148 12, 131 15, 126 5, 190 12, 129 10, 141 14, 140 13, 180 10, 114 9, 101 8, 107 15, 173 7, 157 6, 138 15, 151 10, 159 15, 138 7, 107 6, 161 8, 175 15, 143 12, 163 14, 90 9, 139 9, 150 7, 173 5, 155 6.70968
JB887CJ 14 27 17265.2 118 13, 163 14, 95 15, 112 11, 90 7, 111 12, 152 9, 116 10, 130 14, 83 9, 186 5, 103 5, 172 5, 147 9, 143 9, 135 14, 132 9, 133 4.09774
VP106RX 28 29 17273.7 177 4.40678
NA762SW 17 24 17275.3 118 6, 167 12, 98 11, 119 7, 185 9, 163 12, 93 11, 152 7, 186 6, 120 5, 81 2.75309
BZ881FZ 1 10 17281.9 153 6, 126 8, 88 12, 150 14, 156 12, 159 7, 155 8, 122 13, 177 6, 133 7, 145 7, 89 8.64045
KX714XD 23 24 17287.1 119 7, 122 5, 103 5.97087
JG795PF 27 29 17288.1 184 7.40217
BT912FJ 14 18 17297 96 5, 110 10, 96 9, 133 8, 123 8, 93 9.95699
DY803MT 17 19 17300.2 145 6, 99 6, 84 9, 177 1.83051
AN460JW 24 26 17309.9 136 6, 171 14, 112 11.625
WT101XD 17 28 17318.9 165 15, 157 7, 99 8, 94 10, 100 15, 109 9, 182 7, 117 12, 116 13, 83 15, 94 11, 82 15, 145 9, 93 12, 171 6.9883
KJ461HR 2 9 17319.7 179 13, 182 10, 180 5, 146 7, 127 12, 125 11, 151 8, 132 12, 127 1.84252
AS156MP 3 22 17328.9 164 12, 184 10, 123 14, 102 9, 180 15, 86 14, 82 14, 85 8, 89 12, 158 10, 104 5, 131 7, 128 12, 185 6, 180 7, 132 9, 117 13, 110 10, 80 14, 154 9, 123 13, 150 3.28667
HF326RB 17 28 17333.7 138 9, 121 7, 165 8, 183 11, 97 5, 146 6, 145 8, 113 10, 135 8, 84 6, 176 10, 152 12, 125 15, 150 13, 109 9.46789
AV431FN 19 26 17339 125 14, 150 15, 125 8, 173 12, 115 11, 142 11, 93 14, 84 5, 175 12, 160 3.20625
YW472SL 27 28 17343.7 112 5.19643
RG401BW 18 20 17347.4 90 6, 166 14.494
CK396XY 9 27 17353.3 137 7, 131 6, 95 5, 173 15, 82 8, 189 5, 89 12, 93 8, 131 8, 189 9, 154 8, 137 15, 149 14, 111 8, 110 9, 153 15, 171 15, 177 8, 186 10, 177 6, 126 11, 127 6.04724
XW254DH 28 29 17359 90 8.66667
DR150SY 18 19 17361.3 167 4.05988
ZH499HN 14 15 17370.5 144 6, 113 0.530973
ST698LT 1 2 17377 163 5.07975
ZF429VX 6 10 17382.2 96 14, 172 8, 88 7, 140 8, 88 9, 99 7.83838
CF264PC 16 28 17392.1 80 14, 147 5, 168 5, 113 8, 172 8, 132 9, 111 7, 184 10, 96 14, 105 11, 101 9, 86 14, 112 12, 109 12, 84 15, 159 8, 182 8.04396
BE557VB 20 29 17394.2 136 15, 99 15, 165 6, 140 15, 181 11, 165 9, 113 5, 122 6, 97 15, 175 9, 116 5.58621
RA749DB 16 22 17401.9 84 12, 177 10, 143 5, 151 5, 134 11, 183 6, 120 11, 172 4.72093
SP591XN 4 9 17410.2 150 13, 81 15, 93 11, 121 6, 187 14, 120 3.73333
DF898MJ 5 9 17417.7 94 15, 94 12, 149 10, 132 11, 134 11, 125 1.584
JA856ZW 26 27 17420.6 184 9.42391
DR100WB 14 20 17429.5 168 14, 142 13, 126 14, 170 13, 164 1.17073
HW164BM 18 22 17438.7 111 6, 148 15, 176 7, 117 15, 178 1.52247
VD354BD 18 28 17444 131 6, 127 13, 162 7, 114 13, 120 10, 156 6, 113 13, 110 7, 117 11, 189 7, 89 13, 153 6, 174 8, 118 12, 89 3.49438
TS573FE 20 22 17449.5 157 9, 143 12.4825
TL168LK 8 29 17453.8 140 8, 114 8, 170 6, 135 6, 80 10, 170 9, 114 14, 132 13, 129 11, 132 5, 173 6, 140 15, 110 12, 93 5, 92 7, 108 12, 172 11, 132 8, 105 8, 151 13, 142 6, 179 14, 164 11, 141 11, 159 5.89937
FS712AG 21 25 17462.4 109 7, 90 10, 103 5, 141 10, 121 8, 105 8, 157 11.7962
RH019EA 11 23 17470.1 99 8, 129 5, 128 9, 181 7, 110 12, 182 14, 102 8, 96 9, 150 15, 188 10, 117 14, 185 15, 107 7, 102 0.176471
GY880TT 16 19 17472.9 168 13, 172 7.56977
YS945CH 9 18 17473.8 148 7, 157 7, 135 12, 186 8, 174 14, 132 11, 126 10, 169 9, 178 5.7191
JF184CC 16 18 17483.2 123 9, 144 9, 93 4.35484
LB102YM 10 25 17489.7 127 15, 144 6, 171 12, 145 15, 120 10, 165 5, 137 13, 109 15, 80 9, 126 5, 105 5, 108 7, 188 13, 125 9, 183 12, 135 15, 136 5, 149 0.483221
RF315LG 8 9 17496.7 87 10.4138
AP039SB 20 27 17504.1 83 13, 166 8, 116 10, 189 10, 110 10, 114 8, 178 14, 174 5, 108 8, 98 8, 134 5, 183 3.03279
FF418BW 8 18 17510 118 8, 98 9, 122 5, 157 14, 120 7, 162 12, 178 7, 183 7, 99 6, 178 14, 137 5.87591
HJ815ZX 20 24 17515.9 138 11, 159 13, 107 13, 176 10, 152 4.75
GH864CL 3 5 17522.5 174 7, 108 10.5
KK988GX 5 20 17525.8 109 8, 141 13, 81 5, 157 11, 166 9, 133 13, 126 10, 82 8, 125 13, 95 13, 100 9, 158 7, 170 11, 136 13, 154 8, 181 5, 141 5, 115 12, 97 3.36082
ZF714YR 20 28 17528.3 170 15, 102 5, 159 15, 143 9, 136 6, 159 6, 136 15, 146 9, 94 12, 99 6, 98 6, 164 0.731707
EP028DL 15 27 17536.9 108 8, 149 13, 136 13, 103 13, 109 6, 155 10, 151 13, 146 5, 97 5, 116 7, 94 14, 176 14, 153 8, 117 14, 80 7, 130 10, 123 4.39024
TH826WC 9 24 17543.6 86 7, 142 14, 165 11, 119 5, 138 10, 124 14, 115 5, 80 7, 148 6, 181 15, 179 15, 104 7, 146 9, 118 12, 182 5, 133 12, 129 9, 130 5, 112 0.178571
GF156KS 23 29 17553.5 101 6, 107 13, 177 6, 144 7, 127 6, 163 6, 129 11, 134 11, 110 8.78182
AR850HL 20 23 17563.5 95 5, 145 12, 189 15, 171 2.04678
YS602RH 11 19 17565.3 148 7, 81 6, 87 13, 85 8, 184 15, 91 6, 143 10, 102 11, 121 9, 134 5, 107 0.897196
BP267HL 1 7 17572.4 90 15, 98 14, 189 11, 125 14, 173 8, 188 9, 148 0.425676
RA958CW 13 26 17581.3 173 6, 160 11, 97 8, 178 13, 83 7, 152 13, 103 10, 97 15, 119 9, 155 8, 97 5, 175 13, 141 10, 92 11, 185 10, 150 11, 169 7.14201
SB505FK 3 24 17588.3 92 11, 116 5, 160 11, 188 11, 125 6, 134 15, 142 10, 93 9, 161 7, 152 13, 85 9, 87 6, 153 14, 118 11, 175 15, 87 10, 86 15, 97 12, 106 10, 108 13, 102 12, 162 5, 91 8, 129 12, 124 12, 189 1.90476
ZB831KA 18 23 17590.9 188 14, 109 11, 118 14, 104 11, 92 7, 103 10.4369
HG573MP 8 20 17594 123 15, 116 14, 146 12, 129 13, 132 14, 189 15, 188 8, 145 12, 146 13.4041
KS143HM 21 22 17598.3 89 9.70787
ZX548AF 19 24 17601.8 114 14, 160 8, 129 8, 169 9, 161 6, 138 8, 152 8, 185 5.46486
SE227SN 25 26 17611.3 123 9, 89 9, 109 4.40367
RB345CG 6 14 17613.6 149 5, 139 15, 142 10, 138 13, 137 11, 86 5, 185 13, 88 8, 114 5.24561
PD371LS 1 29 17620.2 84 15, 107 8, 122 6, 184 12, 119 10, 150 11, 114 12, 85 8, 88 14, 107 8, 179 6, 173 8, 178 13, 144 15, 114 8, 93 8, 83 10, 89 13, 139 10, 130 9, 129 9, 110 12, 109 5, 170 7, 128 13, 124 13, 158 6, 177 10, 188 11, 175 15, 84 11, 157 15, 121 3.42975
VZ032VM 21 28 17629.2 97 8, 150 10, 177 7, 184 11, 113 14, 168 8, 122 11, 120 12, 184 3.83152
CR841CH 16 18 17637.7 135 13, 143 7.36364
XF150MY 7 12 17646.1 138 6, 132 9, 85 8, 103 14, 180 8, 184 5.16304
BF810DD 11 25 17653.1 159 8, 128 10, 153 5, 186 13, 131 11, 108 12, 174 11, 136 12, 111 10, 169 11, 120 13, 166 10, 103 8, 92 6, 158 7, 110 5, 106 8, 113 7.15929
DZ439MD 5 18 17653.6 115 14, 81 8, 171 11, 112 10, 103 7, 101 11, 138 15, 83 10, 152 8, 167 13, 96 15, 153 7, 144 12, 174 9, 140 6, 164 0.359756
GP860CF 16 27 17657.3 89 8, 135 8, 84 12, 171 5, 131 12, 166 10, 186 6, 154 9, 148 12, 145 14, 148 6, 81 12, 96 15, 122 6, 161 9, 160 4.8875
FD151RX 28 29 17661.7 81 7, 91 2.34066
SN713VM 11 14 17664.3 100 15, 188 14, 173 4.72832
PG726HZ 13 18 17665.5 154 7, 157 8, 93 5, 104 5, 156 8, 130 12, 83 7, 131 11.4962
AY643DP 9 25 17666.7 156 10, 143 11, 117 5, 136 8, 159 8, 105 5, 81 14, 159 7, 114 8, 131 8, 111 5, 140 5, 122 12, 140 15, 116 14, 92 10, 155 7, 172 6, 173 5, 153 15, 185 7, 115 6.2
GX678YP 2 15 17668.9 85 11, 167 12, 88 9, 178 5, 132 13, 159 5, 175 9, 127 10, 165 10, 183 10, 133 14, 127 13, 113 8, 104 5, 126 14, 155 1.75484
RM879XR 1 20 17671.7 91 13, 108 12, 123 10, 151 9, 123 5, 103 14, 181 12, 161 10, 85 12, 120 9, 107 6, 150 7, 164 7, 105 14, 95 8, 130 11, 96 10, 132 14, 153 10, 121 11, 181 11, 132 6, 126 5.86508
BH778GB 27 28 17677.2 131 4.44275
PV618WH 4 20 17678.7 165 7, 128 13, 112 13, 103 7, 173 14, 149 10, 127 10, 85 13, 131 6, 166 12, 87 5, 81 11, 142 14, 96 7, 124 5, 100 13, 135 10, 184 8, 118 6, 173 2.07514
HG896TJ 6 17 17687.5 144 6, 178 12, 133 5, 116 6, 167 12, 163 11, 178 14, 83 12, 82 9, 93 8, 164 12.878
HY890DV 6 21 17689.8 145 10, 179 6, 121 11, 163 13, 90 12, 177 11, 122 8, 122 12, 108 5, 157 14, 126 11, 142 10, 124 14, 113 6, 178 9, 181 7.65193
DJ893CM 18 24 17694.5 147 12, 173 8, 124 14, 105 11, 97 7, 112 6, 139 12, 81 10, 161 3.32919
TX468VR 17 19 17697.4 158 13, 109 4.49541
FV872EA 23 25 17699.6 174 15, 90 11, 184 3.16304
ZB329WY 14 29 17702.9 188 15, 111 9, 120 9, 167 7, 170 11, 139 15, 108 13, 131 13, 83 7, 111 9, 128 15, 178 9, 162 5, 98 12, 154 8, 141 10, 92 6.19565
VN277RY 20 25 17708.6 171 6, 105 13, 186 15, 123 8, 97 12, 87 14, 161 6.42857
FN458YA 24 26 17713.2 157 9, 157 15, 101 7.36634
AN903ZA 22 24 17722.7 125 11, 120 6, 183 11, 172 0.883721
EJ215FS 20 25 17729.6 118 10, 94 10, 118 12, 133 12, 119 8, 99 13, 185 11.9514
DH637RA 10 25 17737.2 117 15, 176 12, 174 15, 100 9, 165 6, 116 10, 87 8, 127 15, 144 10, 154 8, 179 15, 147 9, 130 5, 181 8, 84 11, 117 8, 114 7.40351
VP221RV 1 23 17738.4 130 8, 182 11, 132 10, 139 8, 155 14, 87 15, 134 9, 97 5, 164 5, 189 14, 146 9, 120 13, 84 14, 102 13, 103 8, 172 14, 141 14, 121 12, 160 10, 151 5, 138 13, 89 15, 91 15, 119 7, 158 1.74684
TW681CZ 23 28 17743.1 184 15, 112 11, 173 9, 144 10, 108 12, 133 4.5188
KM444GN 27 28 17752.8 146 3.9863
HS884DJ 13 25 17756.3 133 9, 101 5, 99 12, 104 9, 119 10, 93 15, 156 6, 80 12, 184 13, 123 8, 151 5, 181 5, 85 8, 93 9, 121 15, 175 9, 130 15, 183 2.96175
JY221TJ 15 29 17757.8 160 9, 105 13, 99 13, 95 5, 178 10, 185 6, 98 10, 128 5, 136 6, 130 7, 104 12, 128 15, 162 15, 85 10, 164 9, 134 10, 134 6, 99 5, 151 7.54967
LF571JA 7 25 17760.3 98 9, 166 10, 190 15, 157 8, 115 6, 82 8, 119 15, 178 14, 144 9, 112 6, 133 11, 158 9, 174 5, 156 7, 137 10, 142 12, 103 10, 116 6, 110 7, 121 8, 186 9, 163 6, 95 3.30526
LY840HL 16 29 17767.6 161 15, 120 11, 181 5, 138 12, 132 15, 175 11, 109 8, 168 9, 161 12, 89 10, 88 9, 169 5, 185 9, 167 12, 93 1.15054
ND550ZP 26 29 17773 143 12, 135 10.2222
VZ375LH 5 13 17782.3 156 8, 137 14, 130 15, 126 12, 188 6, 83 12, 146 11, 167 6, 141 3.60284
NE783BG 19 27 17786 131 12, 171 14, 81 9, 186 9, 97 7, 173 15, 187 9, 88 5, 96 9, 93 15, 175 11.1257
EA020ZR 14 25 17794.4 181 7, 181 12, 81 8, 111 6, 156 15, 148 5, 85 12, 183 6, 139 8, 189 6, 171 7, 141 10, 144 8, 168 8, 113 5.71681
YC571ST 14 15 17795.5 180 5.13333
AK797HJ 28 29 17796.1 160 4.875
VB691BG 19 25 17801 128 10, 113 7, 96 10, 137 15, 155 10, 99 14, 188 9, 104 13, 156 5.02564
EC150AJ 25 27 17803.3 92 10, 163 5, 132 6, 148 5, 92 9.29348
PV961GE 1 26 17804.2 85 13, 124 9, 128 14, 146 5, 189 6, 185 11, 99 13, 99 6, 157 8, 102 11, 165 14, 140 11, 92 6, 104 9, 153 13, 154 10, 103 12, 160 9, 92 14, 154 13, 180 14, 92 6, 145 14, 190 12, 120 10, 85 9, 93 7, 190 8, 174 12.3333
AJ198SJ 16 25 17813.2 159 12, 123 6, 185 6, 131 15, 121 13, 159 11, 139 10, 117 13, 95 5, 133 9, 133 12.8571
WN954MF 3 9 17814.9 86 5, 153 6, 154 10, 89 6, 182 15, 130 8, 113 5, 134 5, 85 8, 96 4.13542
CM239JG 13 14 17817.8 92 10, 140 7, 141 6.35461
CL565HH 15 21 17823.2 188 15, 179 14, 105 13, 175 14, 97 6.52577
MP080KW 19 21 17827 122 5, 178 6, 118 5, 94 15, 126 7.33333
EJ803GE 5 20 17834.9 175 6, 103 15, 102 5, 169 13, 123 8, 133 6, 157 12, 109 6, 106 6, 139 10, 81 12, 131 12, 172 15, 180 15, 162 14, 183 7.03825
HT665ZK 13 24 17844.1 136 7, 107 14, 94 14, 183 7, 81 12, 98 9, 171 12, 171 12, 133 12, 135 14, 139 10, 155 9, 180 5, 169 2.61538
KB488JM 22 28 17853.4 147 5, 92 13, 115 8, 125 11, 100 6, 105 8, 137 6, 189 13, 145 7, 85 5, 126 5.57937
MH165CK 18 24 17857.7 111 5, 100 11, 96 5, 154 13, 179 7, 114 6, 138 13, 175 11, 124 4.92742
EM511NV 23 27 17862.2 189 13, 131 11, 81 15, 83 11, 95 7, 154 10.474
RZ937BM 20 25 17866.9 144 13, 146 11, 177 15, 141 11, 181 6, 131 6.19847
BC316JC 17 22 17869.4 186 11, 156 14, 186 8, 94 7, 119 8, 169 4.0355
EX955MY 25 29 17870.2 133 13, 180 7, 112 11, 143 8.83217
ZX432TY 26 28 17873.5 89 14, 117 9, 186 0.0913978
XX913RH 2 27 17874.1 89 10, 127 7, 181 10, 182 5, 138 12, 109 12, 136 7, 85 15, 135 9, 105 7, 139 5, 181 10, 114 11, 123 8, 130 14, 147 8, 183 12, 182 13, 86 13, 83 13, 173 13, 108 8, 108 9, 130 14, 149 8, 147 13, 131 14, 115 14, 80 8, 163 11, 90 6, 173 0.0635838
CN268VR 7 29 17876.3 181 14, 135 14, 111 8, 120 15, 188 7, 86 12, 120 5, 175 8, 124 10, 102 7, 85 5, 161 13, 157 11, 155 7, 102 6, 143 6, 169 12, 114 5, 85 13, 104 11, 135 8, 133 11, 158 10, 185 8, 181 15, 120 5.79167
TH031GG 2 4 17882.3 92 9, 177 15, 106 5, 92 0.0108696
FN475SV 20 25 17889.4 131 7, 151 9, 164 15, 141 10, 175 8, 93 9, 190 5, 112 2.22321
SR930ZL 3 24 17898.3 101 5, 152 7, 185 11, 86 14, 91 11, 104 6, 122 14, 170 5, 183 10, 96 12, 161 11, 105 11, 131 5, 149 7, 110 11, 88 12, 182 9, 129 8, 138 13, 116 12, 103 12, 140 12, 130 6, 102 10, 106 10, 87 8, 155 8, 119 3.42017
EA761ZL 1 9 17904.9 89 12, 83 9, 161 10, 180 8, 167 10, 90 7, 88 5, 128 11, 115 5, 149 15, 125 7, 157 0.789809
CK447LX 5 7 17906.7 172 13, 142 11, 116 1.91379
GC793CX 19 21 17910.8 173 8, 111 14, 165 10.0848
RH939GS 23 29 17920.2 164 8, 92 5, 149 9, 128 11, 136 7, 131 10, 154 14, 107 5, 178 1.07865
CJ822TP 24 27 17924.6 163 6, 117 10, 106 6, 137 13, 80 11, 108 7.41667
XA264WP 5 18 17931.5 144 9, 104 13, 168 10, 123 6, 162 14, 185 15, 184 7, 184 11, 161 9, 153 13, 187 15, 107 3.90654
BG041ND 6 25 17932.6 83 10, 115 14, 117 14, 141 7, 139 6, 105 5, 119 14, 162 5, 176 6, 184 9, 169 5, 98 10, 97 11, 171 10, 132 12, 136 12, 127 11, 145 6, 149 11, 147 10, 137 11, 106 11, 189 11.4021
ML176JY 4 17 17937 106 12, 163 11, 157 11, 187 13, 123 14, 190 8, 83 9, 115 6, 160 13, 159 12, 186 8, 81 11, 182 4.25824
SC826NR 26 29 17945.6 183 8, 161 10.1366
YZ876EH 14 16 17950.6 120 10, 87 13, 164 1.70122
JR707YE 21 28 17957.9 145 8, 173 11, 110 8, 126 15, 122 9, 110 15, 141 15, 178 7.05618
EG390GK 21 26 17966.5 95 7, 108 5, 153 15, 169 9, 95 13, 136 5, 144 12, 131 7.41985
ZX586VE 12 18 17968.1 89 14, 183 14, 105 11, 158 8, 82 13, 144 13, 93 3.96774
RH240PZ 2 22 17973.9 188 7, 102 8, 84 10, 152 12, 136 9, 96 11, 159 5, 101 14, 127 10, 115 12, 165 12, 190 9, 111 13, 186 12, 160 8, 172 5, 87 5, 139 5, 145 14, 184 8, 157 8, 110 15, 89 14, 149 5.66443
FR607WR 24 26 17980 81 11, 120 7, 99 10, 112 8, 105 7, 184 0.869565
SZ539KB 3 26 17987.3 151 8, 163 6, 128 13, 145 7, 92 7, 165 13, 151 9, 82 9, 176 13, 111 12, 120 11, 115 6, 140 11, 172 8, 183 11, 113 11, 107 14, 86 5, 170 11, 165 15, 125 13, 170 5, 140 12, 94 7, 82 14, 95 12, 188 5, 88 7, 172 5.0407
RZ576DP 10 20 17992.9 150 10, 84 8, 87 12, 184 6, 178 10, 137 13, 189 13, 174 14, 112 10, 139 0.964029
CB345FD 17 22 17995.9 148 7, 129 6, 90 13, 144 9, 188 11, 139 11.9856
BS949KX 22 27 18004.8 154 8, 126 15, 81 15, 108 5, 80 15, 81 14, 124 13, 81 12, 103 6.90291
XY705BM 1 7 18013.4 158 14, 143 5, 189 9, 115 5, 136 15, 159 14, 108 2.0463
FL879YS 20 21 18019.4 152 11, 120 5.51667
JR747CM 25 28 18026.6 117 13, 161 14, 117 7.94017
MX968YR 4 19 18027.9 148 6, 184 10, 125 13, 164 7, 116 7, 161 13, 83 14, 91 6, 133 9, 82 15, 95 13, 177 15, 87 13, 81 12, 171 5, 84 10, 154 8.82468
NY929YS 9 24 18030.3 119 5, 106 12, 190 10, 182 8, 99 15, 101 8, 102 8, 96 14, 97 13, 152 6, 119 9, 113 12, 135 7, 84 7, 144 13, 92 11, 90 10, 156 7, 184 5, 107 11, 91 6.06593
NL259YA 5 22 18038.3 85 5, 141 6, 176 8, 111 8, 129 9, 115 10, 187 5, 90 13, 149 10, 99 12, 127 14, 112 11, 95 14, 102 9, 92 13, 177 13, 140 5, 139 13, 153 15, 109 6, 94 14, 165 0.230303
ER123TE 1 3 18044.7 144 7, 87 11, 188 7.19681
JZ231XG 21 29 18047.2 84 7, 140 14, 171 13, 129 9, 147 12, 172 9, 177 7, 139 9, 110 5, 154 2.90909
DG607YL 11 21 18053.2 109 12, 138 14, 165 13, 130 12, 128 9, 91 6, 133 5, 166 8, 106 5, 89 6, 167 12, 155 12.5419
KT289FV 12 14 18062.2 128 6, 184 12, 86 6, 121 5.15702
RC381LE 23 28 18071.4 154 11, 170 15, 109 12, 103 7, 134 9, 183 7.68852
KB320CG 22 25 18078.8 129 7, 122 13, 176 9, 156 5, 127 11, 143 0.937063
YG685BK 9 16 18087.1 180 7, 169 10, 127 13, 119 9, 117 12, 84 8, 158 15, 117 0.034188
WL903DX 22 29 18090.1 83 10, 156 12, 154 9, 163 12, 171 6, 181 5, 189 12, 188 8, 135 0.896296
WW139BB 8 9 18091.1 136 6.66176
LH196RB 11 28 18099.2 82 13, 163 9, 107 11, 119 15, 88 12, 102 10, 175 14, 153 13, 100 11, 161 7, 110 8, 85 14, 107 12, 81 11, 80 7, 115 15, 131 5, 189 13, 158 9, 172 13.3663
KM867VD 14 20 18104.4 97 14, 156 14, 174 15, 107 14, 145 4.92414
RE684FG 25 26 18114.2 124 10, 168 6.83333
YH946TP 7 27 18121.1 182 12, 117 15, 156 6, 188 12, 83 13, 91 8, 144 12, 147 10, 120 15, 132 15, 96 8, 114 11, 140 14, 143 7, 123 15, 180 10, 98 6, 103 13, 181 6, 84 11, 162 7, 174 7, 134 14, 84 0.0357143
WP580CL 18 23 18123.1 161 14, 133 9, 157 13, 172 12, 81 7, 106 2.10377
HR770ZA 9 15 18125.5 137 6, 111 13, 107 15, 156 10, 93 13, 188 9.55851
ZC486ZX 18 23 18126.4 129 13, 189 5, 146 15, 98 8, 138 15, 153 4.44444
TY653JX 11 21 18136.4 92 5, 174 7, 151 15, 145 10, 185 13, 110 5, 129 15, 178 15, 90 14, 167 8.59281
ZJ203KD 11 26 18145.8 133 5, 131 8, 129 11, 161 15, 165 12, 117 13, 118 14, 167 13, 88 5, 93 12, 164 14, 110 13, 114 10, 112 9, 176 5, 95 8, 159 10, 155 10, 114 1.7807
CN275EZ 19 26 18150.3 165 7, 179 5, 157 9, 189 5, 106 15, 126 13, 177 14, 148 14, 185 6, 171 5.50877
TS646TV 25 26 18151.4 80 14, 148 8.56757
ZK964LB 7 8 18157.7 159 9, 165 4.81818
XT630MN 24 27 18160 109 11, 120 9, 124 11, 130 12, 169 6.1716
NB499VY 22 26 18160.8 179 5, 168 13, 178 10, 133 9, 131 11, 108 11.8056
DC332KM 19 21 18165.6 110 10, 82 14, 103 5, 112 6, 160 7, 134 0.350746
TA727SW 21 29 18168.8 145 6, 180 8, 155 10, 156 10, 160 14, 122 12, 164 9, 108 15, 145 3.53103
SN217ZX 15 29 18176.3 134 12, 182 9, 144 11, 97 13, 105 10, 91 14, 176 15, 114 7, 127 14, 121 15, 154 13, 137 7, 177 5, 165 8, 88 11, 87 10.6437
EM068NW 24 27 18183.4 123 10, 144 15, 113 5, 112 11, 157 6.74522
YM579HN 5 29 18184.3 163 13, 170 9, 84 7, 100 14, 80 9, 147 15, 183 9, 90 9, 164 8, 155 7, 118 14, 173 6, 139 10, 138 9, 91 10, 109 13, 97 8, 166 10, 158 5, 131 13, 188 15, 131 9, 139 6, 109 8, 120 13, 91 9, 157 10, 82 5, 94 7, 106 9, 121 3.50413
CE410VT 18 24 18187.1 139 14, 96 10, 82 9, 96 11, 189 11, 94 10, 137 13, 98 5, 187 2.2139
MF048ZS 12 25 18197 147 6, 182 10, 185 9, 160 14, 85 14, 111 14, 96 9, 161 9, 106 7, 121 13, 170 8, 117 7, 174 8, 176 14, 148 12, 153 1.77778
HN678GP 28 29 18199.5 120 6.5
YF597CP 14 18 18205.9 181 12, 104 9, 99 15, 137 6.0219
CR702JE 6 18 18206.6 155 6, 162 15, 104 13, 91 10, 181 9, 188 10, 182 15, 134 11, 162 13, 117 9, 131 4.67176
XF026XX 1 8 18210.5 182 6, 103 11, 110 15, 140 6, 105 9, 135 9, 127 13, 171 8, 178 7, 181 4.28729
GY559WY 26 27 18212.6 106 15, 167 0.862275
FJ256EV 11 20 18215.6 151 11, 134 8, 114 7, 185 6, 131 5, 108 13, 180 15, 127 13, 87 8, 135 9, 106 3.32075
BF400XT 1 26 18217.4 88 6, 93 10, 91 7, 108 13, 145 14, 104 11, 127 13, 115 14, 175 10, 106 5, 156 5, 129 8, 157 10, 167 14, 112 6, 159 14, 105 7, 93 13, 189 12, 136 7, 134 7, 93 9, 146 12, 117 15, 141 9, 111 5, 100 10, 181 9, 115 9, 116 7, 134 11, 183 8.8306
ET854AX 12 26 18222.9 95 11, 115 10, 188 7, 83 14, 115 13, 186 10, 113 15, 129 7, 166 9, 166 12, 143 14, 178 6, 97 13, 147 15, 150 11, 83 13, 109 9.84404
VA816ZE 23 24 18227.2 142 14, 102 0.686275
YE449ZH 1 3 18234.1 115 9, 119 9, 139 8.71942
SZ395HE 10 12 18237.5 95 11, 84 5.9881
XP857DT 19 28 18238.8 124 13, 106 15, 116 10, 185 10, 183 12, 123 9, 119 9, 160 11, 84 7, 119 9, 157 13, 135 3.76296
BD644XD 22 23 18240.4 125 13, 183 3.15301
HK887TY 28 29 18242.5 84 6, 96 2.875
HS098GG 3 4 18245.7 178 8.5618
ES803FR 14 28 18246.9 88 6, 143 14, 173 14, 187 10, 177 15, 127 12, 186 12, 85 11, 132 5, 139 11, 81 9, 102 15, 82 15, 95 13, 91 12, 142 3.35915
ZN229EC 10 20 18253.4 98 10, 167 13, 181 11, 183 5, 103 12, 133 8, 188 8, 177 11, 151 11, 120 4.65833
KH634MY 13 20 18262 170 6, 175 15, 166 13, 172 11, 175 11, 141 5, 83 7, 165 1.53939
DD922KS 11 23 18263.3 182 8, 180 7, 109 13, 158 13, 122 8, 83 11, 145 9, 177 13, 90 14, 127 5, 89 6, 166 5, 156 15, 103 5, 166 5.53012
XB512GS 2 5 18266.6 178 6, 157 5, 124 5, 125 5, 163 5, 131 7.0916
ND130LA 21 28 18269.3 97 10, 93 6, 110 11, 166 7, 95 5, 180 8, 160 7, 132 11, 182 11, 110 6, 140 6.45
YL457GZ 2 21 18278.3 177 12, 147 7, 189 6, 103 5, 92 13, 149 12, 113 10, 155 10, 92 11, 110 8, 160 9, 184 9, 105 10, 148 8, 172 6, 96 14, 91 6, 102 15, 173 10, 130 11, 102 13, 130 9, 128 15, 112 4.35714
WR692LL 5 18 18288.1 121 5, 162 10, 102 9, 151 10, 93 8, 82 10, 91 13, 142 14, 146 5, 98 7, 171 9, 185 10, 89 5, 173 12, 158 6, 120 5, 104 7, 102 8, 139 1.98561
HD329GP 27 28 18296.6 182 3.1978
AY979VH 4 17 18301 179 9, 163 5, 150 15, 165 10, 177 10, 137 10, 120 12, 146 7, 186 9, 126 12, 112 9, 129 15, 185 5, 140 0.442857
MD223RN 14 23 18308.2 129 6, 146 13, 170 8, 173 15, 88 15, 132 7, 167 6, 82 6, 102 14, 133 13, 174 1.3908
BH758HV 21 23 18309.7 85 15, 112 12, 100 4.47
KB154CH 15 20 18316.3 161 15, 190 14, 109 6, 190 9.00526
VJ897EX 13 19 18318.4 166 8, 165 5, 115 12, 99 6, 98 5, 190 15, 175 7, 101 1.9802
NN117AT 13 26 18324.3 137 7, 83 7, 177 9, 156 11, 141 15, 172 14, 149 7, 127 14, 89 14, 136 14, 121 15, 90 10, 183 7, 104 9, 182 9, 158 5, 107 3.99065
JS086ZF 21 29 18331.1 96 6, 99 12, 170 7, 97 6, 178 14, 148 9, 143 15, 153 10, 86 10, 119 5, 167 1.4491
DF858AH 17 25 18337.1 159 9, 125 11, 145 13, 83 12, 141 7, 144 15, 116 10, 164 5, 174 8, 135 9, 151 5, 169 1.28994
EK192GA 25 27 18338.9 143 11, 168 8, 168 7.17262
XH685CZ 23 24 18344.4 99 9, 159 7.33962
GJ476SY 22 27 18352.5 127 9, 178 5, 177 11, 182 9, 85 10, 188 5, 127 5, 188 8, 162 5, 151 0.986755
KX017KT 12 14 18355 131 11, 173 9, 150 7.45333
LV772WW 11 23 18361.8 178 10, 117 14, 146 11, 117 11, 150 11, 132 12, 137 6, 123 10, 187 10, 131 9, 115 5, 178 10, 110 11, 81 5, 172 0.569767
PY772BR 7 21 18364.8 97 14, 162 9, 158 6, 180 7, 139 9, 167 7, 108 9, 124 11, 101 7, 88 9, 86 11, 92 10, 120 11, 188 6, 169 14, 114 6, 141 13, 95 8, 187 0.566845
GE836JY 26 27 18372.8 126 11, 83 4.19277
NK699MG 5 9 18375.2 119 10, 103 13, 184 15, 97 14, 189 2.67196
NG173JN 22 25 18383.7 88 12, 119 8, 89 14, 120 7, 166 9, 122 5, 176 1.05682
YA929RD 16 28 18385.5 125 7, 124 5, 108 5, 105 15, 86 6, 126 13, 132 6, 176 6, 142 12, 90 7, 160 6, 99 6, 160 10, 138 13, 118 5, 188 6, 135 6, 111 10, 122 12.3607
PG439HN 1 16 18387.3 141 9, 115 12, 86 8, 102 6, 147 7, 96 13, 117 6, 112 8, 121 7, 125 5, 180 5, 173 5, 176 13, 127 13, 128 7, 143 15, 177 12, 115 15, 169 6.23669
VC581CV 2 8 18392.7 157 14, 152 6, 159 13, 185 5, 157 7, 112 5, 147 6, 97 13, 160 7.4
VW966NM 18 23 18401.5 152 8, 80 14, 163 9, 93 10, 86 9, 118 9, 174 10.2126
YF877KW 14 29 18408.9 106 10, 161 12, 176 8, 92 12, 85 10, 131 11, 83 7, 181 10, 154 11, 101 12, 154 15, 122 9, 184 15, 132 5, 180 14, 166 5.96386
CP527BM 25 28 18410.4 169 14, 86 11, 146 9.53425
DX902MA 13 24 18416.9 184 13, 113 10, 101 9, 87 11, 158 11, 144 9, 124 7, 122 13, 150 11, 190 14, 96 9, 146 15, 164 2.30488
FA838DY 16 20 18422.7 130 8, 180 10, 182 11, 123 7.41463
KC456RK 18 29 18425.3 175 15, 158 9, 141 7, 173 7, 179 6, 158 11, 86 7, 168 13, 139 13, 86 6, 96 13, 95 6, 188 10.7872
YC020WS 23 28 18430.2 142 12, 181 6, 95 14, 92 8, 169 8, 171 11, 134 5.94776
GR298ZE 18 26 18433.8 97 14, 83 14, 80 11, 142 14, 104 5, 121 12, 128 5, 127 5, 116 8, 105 14, 157 12, 97 10, 85 7, 97 4.47423
RP859PW 13 14 18443.7 85 15, 172 7, 80 3.9625
HS552NH 21 28 18447.7 183 9, 123 11, 154 14, 86 13, 145 15, 190 6, 184 7, 82 13, 162 0.0555556
CC376WX 13 22 18452 175 6, 123 15, 128 7, 94 14, 110 9, 90 6, 80 10, 167 10, 176 14, 89 15, 145 10.0138
SX291DL 24 25 18461.8 185 9, 90 5.1
ZJ193BK 17 25 18465.3 152 12, 119 6, 178 9, 120 8, 85 14, 90 10, 184 5, 136 12, 112 9, 112 14, 88 8, 134 7, 177 2.45198
EA582KY 16 22 18470.7 120 5, 132 14, 175 10, 158 8, 144 10, 178 5, 124 9.35484
GB446WB 7 18 18473.1 160 12, 115 10, 128 12, 121 8, 92 15, 139 6, 162 14, 120 12, 91 10, 167 13, 173 7, 90 3.04444
PC820LK 18 21 18475.5 166 7, 140 11, 114 13, 184 5.95652
JE684HE 24 28 18484.7 115 7, 80 11, 113 8, 103 13, 125 7, 141 7, 85 9, 93 2.93548
LD189EX 27 28 18486.6 139 4.18705
LX926VH 20 23 18495.7 120 7, 153 5, 105 7, 152 6, 83 6, 158 9, 111 2.05405
YT496CL 7 20 18502.9 99 9, 101 11, 117 8, 130 8, 159 5, 158 9, 170 5, 115 8, 105 8, 135 6, 111 13, 88 13, 185 6, 142 12, 186 10, 172 6, 125 8.8
AZ905BD 3 17 18512.4 159 13, 187 12, 86 12, 165 9, 102 14, 186 8, 108 7, 100 15, 175 13, 145 5, 94 6, 85 10, 85 7, 156 11, 188 9.80319
BF304YH 5 29 18521.3 164 6, 137 11, 102 6, 104 11, 119 7, 122 12, 177 13, 163 7, 121 9, 110 15, 173 6, 94 13, 176 13, 145 8, 94 9, 105 6, 119 9, 112 8, 122 10, 108 8, 182 7, 118 5, 112 13, 180 10, 160 9, 174 14, 146 5, 162 14, 156 13, 146 0.767123
AG863CY 22 27 18530 184 10, 109 9, 146 15, 123 5, 125 6, 135 6, 94 5, 91 11, 108 10, 95 8.09474
BR714PV 26 27 18538.8 146 6, 181 4.74033
PH377PL 10 15 18547.9 169 9, 169 13, 128 9, 165 10.4121
PV404XS 21 27 18551.5 141 10, 89 7, 103 13, 130 12, 91 5, 119 14, 115 9, 106 8, 100 8, 153 8, 184 2.22826
VZ841EH 18 25 18554.9 124 6, 185 12, 119 7, 108 7, 136 9, 112 11, 91 15, 99 11, 166 12, 189 5.67725
FA813HG 24 29 18559.6 160 5, 87 12, 84 6, 162 9, 185 10, 166 11.759
XL545TB 26 27 18563.1 159 10.9057
GH751ZA 2 21 18568.1 179 5, 92 6, 146 5, 124 8, 109 10, 176 7, 97 12, 171 13, 117 5, 134 7, 121 6, 84 8, 179 8, 133 8, 93 14, 131 8, 155 14, 119 12, 121 5, 157 8, 164 6, 164 10, 139 8, 121 15, 176 10, 150 5.26
WD087XT 17 21 18571.6 92 8, 169 12, 167 10, 120 11, 139 7, 110 3.80909
MY239DG 11 20 18575.1 121 7, 86 9, 172 8, 156 12, 83 8, 182 12, 135 11, 127 9, 174 14, 109 4.88991
RA878JH 6 15 18584.6 138 14, 92 15, 86 11, 152 14, 153 7, 87 5, 114 14, 82 9, 161 14.8199
NJ789GC 14 20 18594.3 112 6, 152 5, 101 11, 132 15, 154 11, 86 12, 115 9.69565
DN024YT 26 28 18603.9 110 8, 116 12.3793
KW222LF 2 15 18613.7 146 11, 80 7, 119 13, 90 12, 95 9, 114 10, 131 8, 139 13, 190 11, 96 13, 153 5, 143 6, 84 6, 147 6, 149 12, 139 12, 91 10.8132
XW587KW 2 4 18618 169 13, 153 10, 108 2.65741
ME886PP 18 28 18626.7 175 5, 178 12, 168 11, 184 13, 114 7, 122 12, 104 14, 175 8, 171 14, 96 6, 160 10, 103 2.84466
BK953LM 4 16 18632.7 158 12, 113 13, 176 11, 133 8, 137 11, 159 13, 82 14, 91 6, 188 13, 130 9, 186 7, 108 8, 173 3.98266
TL181WS 15 22 18637.7 119 15, 120 14, 151 13, 123 11, 91 8, 83 14, 163 10, 115 2.93043
PE023HP 14 21 18640 82 15, 187 14, 159 15, 149 15, 167 11, 183 2.14754
PN684GF 3 6 18644.3 170 15, 146 10, 182 6, 126 1.79365
JZ247GC 25 28 18650.9 143 13, 166 5, 118 14, 168 2.16071
JM699HJ 21 22 18656.7 186 4.64516
PT446RJ 24 25 18657.5 121 14, 81 5.30864
YV342SP 11 21 18658.6 113 5, 157 14, 147 10, 173 13, 92 8, 118 14, 113 8, 136 15, 113 7, 103 10, 80 6, 139 11.0288
AL261HM 24 26 18665.6 146 15, 94 12, 117 10.2051
CF161SW 25 28 18666.6 144 15, 152 13, 164 3.46341
DE091BB 5 17 18667.1 188 11, 84 8, 83 13, 118 5, 185 7, 120 9, 176 9, 83 14, 173 5, 114 8, 171 13, 135 13, 133 14, 139 7.69065
GG068GX 5 7 18673.6 149 15, 133 8, 179 4.02793
SV451PN 17 29 18674.9 86 6, 180 11, 98 8, 120 5, 179 12, 132 15, 174 11, 134 12, 111 13, 109 7, 183 14, 102 8, 172 10, 161 6.48447
KN045ET 3 7 18683.8 152 12, 91 5, 121 15, 163 10, 165 3.92727
BD330JP 19 26 18693.7 168 9, 184 9, 121 10, 98 6, 91 7, 94 6, 157 14, 179 11, 164 9, 102 9, 175 8.62857
AD880PB 11 20 18698 145 10, 98 6, 176 8, 141 10, 157 6, 163 12, 120 11, 165 9, 166 9, 110 11.4636
EK622NR 12 29 18706.7 115 13, 101 10, 179 11, 134 15, 134 8, 97 7, 111 7, 114 8, 159 11, 105 15, 107 10, 119 13, 86 5, 167 11, 123 5, 184 5, 162 9, 180 13, 172 8, 87 12, 105 11, 188 2.69149
ZW573JJ 19 22 18712.6 176 8, 92 15, 169 6, 110 5, 128 8.70313
ZL732TS 25 29 18717.8 80 7, 183 9, 142 14, 181 7.12155
ZK898GT 13 15 18727.8 137 7, 176 10, 184 5.44022
BY435JW 12 28 18733.5 92 12, 120 12, 190 12, 147 11, 142 10, 164 11, 144 11, 170 8, 156 13, 93 15, 119 9, 128 5, 165 15, 140 8, 129 9, 190 5, 187 11, 172 7.32558
HA751XN 5 14 18738 86 8, 165 8, 176 5, 94 6, 109 13, 164 6, 83 14, 131 14, 171 15, 156 14, 80 8, 126 3.38095
ET480RV 27 28 18742.7 189 3.07937
EJ158DC 19 29 18743.5 129 6, 86 8, 136 12, 134 5, 184 10, 99 7, 161 15, 167 5, 163 13, 165 13, 142 13, 126 13, 119 0.327731
EX307ZW 27 28 18750.1 176 3.30682
HP998AT 12 29 18753.8 164 7, 151 10, 99 13, 93 12, 86 9, 173 13, 80 13, 98 12, 189 15, 118 15, 130 14, 179 13, 172 11, 99 12, 117 7, 100 5, 149 10, 153 10, 159 6.76101
PT750HM 21 25 18762.6 131 9, 135 12, 120 10, 103 12, 185 10, 171 0.953216
WL341DR 19 25 18771.3 144 10, 156 13, 129 5, 178 7, 124 13, 161 9, 103 12, 115 12, 128 6.35937
WM220ZM 3 18 18774.9 98 6, 103 7, 125 10, 81 14, 123 14, 184 5, 153 13, 138 6, 124 9, 88 9, 94 14, 183 15, 168 13, 156 6, 145 14, 119 6, 89 13, 178 1.64045
BJ775VD 19 27 18777.4 99 14, 80 9, 169 10, 177 13, 132 8, 110 14, 165 7, 154 5, 118 8, 184 8, 177 15, 146 1.93836
BD529BZ 15 29 18785 119 7, 160 8, 177 14, 119 12, 155 12, 90 7, 137 11, 89 5, 172 6, 82 12, 188 7, 153 15, 95 14, 152 15, 134 14, 101 5, 129 3.31008
AY607KF 27 28 18793.9 125 4.656
GY975CC 24 29 18794.8 144 10, 139 15, 97 12, 101 15, 156 9
XT442ZZ 2 15 18803.9 109 14, 126 7, 87 9, 154 13, 85 9, 155 14, 148 5, 173 7, 123 15, 111 15, 91 8, 180 6, 159 15, 143 9, 82 12, 146 2.58219
BH529EV 13 26 18807.8 175 9, 96 13, 132 14, 149 9, 141 8, 186 12, 173 12, 96 14, 178 6, 122 9, 110 10, 175 15, 140 14, 106 10, 176 8, 147 0.129252
TA326AG 23 27 18816.4 181 7, 160 15, 86 12, 158 13, 126 12.3095
EW062FG 24 25 18817.2 166 12, 142 0.929577
DC020XB 15 21 18822.3 159 11, 170 9, 152 5, 167 5, 140 15, 138 15, 83 8, 144 0.458333
DT187LZ 27 28 18825.5 91 6.3956
MV293NE 22 25 18831.2 97 14, 178 7, 81 5, 124 14, 150 10, 165 0.842424
ML491JF 22 28 18836.3 144 9, 130 6, 97 7, 167 13, 125 14, 132 12, 171 9, 111 7, 177 2.89266
XJ154TF 25 26 18837.4 169 9, 163 5.31902
HZ287ZE 8 21 18839.7 107 12, 124 9, 82 14, 112 5, 82 5, 166 10, 110 5, 120 6, 92 15, 92 6, 97 10, 102 10, 167 12, 176 14, 107 13, 89 10, 85 10, 153 0.960784
MA207NA 19 21 18846.8 156 12, 170 14, 135 2.59259
JB556GN 1 23 18855.5 171 10, 176 7, 91 10, 100 13, 174 6, 163 7, 81 14, 107 14, 140 6, 180 7, 87 15, 107 7, 147 14, 150 13, 164 10, 142 7, 101 7, 181 6, 105 5, 93 12, 163 11, 182 11, 140 11, 145 7, 139 14, 92 12, 182 2.74176
NL334PJ 13 24 18863.2 147 13, 82 12, 164 9, 162 13, 175 13, 154 7, 130 13, 110 11, 88 7, 122 6, 126 10, 189 9, 155 10.1871
VN451NL 9 11 18865.3 175 8, 131 8.87023
FN671CD 28 29 18873.2 135 5, 115 0.913043
NY512BA 13 25 18879.3 112 15, 91 6, 136 15, 115 11, 182 15, 103 7, 160 6, 147 12, 169 5, 86 10, 127 8, 92 13, 135 11, 151 14, 113 6, 106 7.9434
TZ075ZK 11 23 18880.2 182 10, 156 8, 110 11, 184 10, 177 12, 164 14, 172 14, 181 11, 185 12, 124 12.5565
NW033AS 22 23 18885.4 147 9, 106 8.29245
EH771VS 4 9 18895 138 9, 141 9, 180 15, 165 9, 183 7.01639
NM804PJ 20 22 18903.7 110 13, 129 9, 117 5.18803
FS507VX 27 28 18911.6 136 4.27941
HV841TH 6 21 18917.2 186 15, 90 5, 143 12, 190 9, 135 7, 97 15, 96 6, 108 7, 142 13, 93 9, 85 11, 151 9, 98 14, 188 8, 93 9, 101 8, 165 8, 117 10
FB209KB 28 29 18918.7 165 4.72727
DD563WB 24 25 18926.2 152 13.9737
VN012HT 17 22 18927.5 146 15, 124 8, 153 11, 141 13, 189 6.9418
LY436FF 7 19 18936 182 14, 161 12, 159 13, 113 8, 96 9, 156 7, 185 15, 174 14, 148 10, 177 3.62712
AS309YS 6 24 18936.5 127 5, 107 7, 103 15, 96 12, 177 7, 104 5, 123 14, 109 8, 91 9, 88 5, 94 6, 80 13, 187 11, 160 5, 103 14, 152 7, 115 13, 91 10, 123 12, 135 7, 155 6, 122 9, 130 7, 116 11, 129 12, 159 1.6478
HX136LC 15 16 18943.5 83 9, 103 9.1165
EH253GD 7 10 18953.3 142 15, 190 6, 86 10, 152 5.59211
AP289MJ 25 29 18957.7 124 7, 166 14, 175 8, 115 7.75652
TC273YX 1 14 18962.3 134 8, 128 13, 112 7, 136 9, 128 10, 140 9, 186 7, 125 11, 134 5, 85 12, 190 7, 91 5, 151 14, 143 5, 150 14, 123 9, 119 6, 104 1.42308
NX312EC 17 26 18968.5 189 14, 108 7, 184 11, 89 12, 156 15, 89 14, 103 7, 180 7, 118 7, 109 8, 80 15, 144 5, 187 5.8984
KA091LB 18 23 18969.8 116 11, 83 11, 125 6, 84 8, 173 6, 130 14, 89 12, 153 5.28758
HS932NL 14 22 18975.9 156 11, 137 9, 115 12, 174 7, 134 13, 148 9, 95 8, 122 7, 90 6, 101 7.79208
ZW068HW 28 29 18979.2 144 5.41667
ST290MX 13 27 18989.1 89 13, 103 7, 169 12, 110 13, 131 6, 150 8, 85 13, 85 9, 158 5, 131 7, 97 15, 129 12, 135 15, 162 13, 162 13, 162 9, 84 12, 115 5, 179 5, 106 7.4434
YT751VP 16 17 18991.3 170 5.54118
VX225VB 8 17 18994.7 98 6, 112 7, 188 9, 153 6, 159 7, 184 7, 121 11, 121 10, 179 11, 150 7.18
AM009GW 7 13 19003.1 94 5, 104 11, 137 10, 153 6, 117 15, 80 5, 130 9, 123 5.04878
WB754WY 15 29 19007.7 144 5, 105 12, 168 12, 149 10, 153 10, 188 5, 184 14, 122 13, 107 15, 94 6, 92 14, 104 13, 156 5, 124 12, 177 14, 181 4.60221
AG762HP 8 26 19012.4 168 8, 121 6, 133 14, 81 13, 109 10, 140 8, 113 9, 106 14, 170 10, 163 7, 147 14, 126 13, 91 15, 150 6, 184 6, 83 10, 91 8, 119 9, 163 15, 158 10, 105 9, 95 9, 171 4.07018
KT598MZ 21 28 19020.9 88 15, 129 12, 121 15, 130 10, 175 15, 110 11, 94 15, 117 6.18803
FY724XX 18 23 19028.7 170 5, 118 7, 156 5, 186 14, 187 6, 161 10, 132 4.19697
LB713WZ 13 22 19037.7 183 14, 80 7, 90 11, 86 7, 90 6, 180 14, 176 8, 97 12, 146 10, 156 14, 169 2.17751
DD139FA 5 15 19041 163 11, 105 12, 122 12, 106 14, 114 13, 137 13, 92 7, 135 8, 99 13, 163 5, 188 9, 93 8.66667
EG932DB 1 27 19050.6 81 6, 134 14, 154 5, 175 9, 124 9, 128 13, 106 10, 119 15, 85 7, 186 6, 114 15, 162 15, 171 5, 174 7, 119 13, 161 9, 136 9, 174 15, 81 12, 187 6, 80 12, 131 9, 107 10, 83 14, 161 6, 95 14, 181 15, 186 7, 81 8, 158 11, 88 6, 110 14.7636
WE497GW 23 24 19054 107 5, 170 8.95882
DB552XN 28 29 19058.6 151 5.16556
SL394MM 8 23 19061.1 171 8, 156 10, 90 12, 132 15, 90 5, 112 11, 167 5, 143 11, 123 11, 134 12, 149 8, 139 13, 114 7, 119 10, 125 13, 161 10, 185 4.97838
CS223LB 20 27 19064.7 169 7, 158 8, 184 11, 126 11, 156 6, 158 15, 137 6, 82 11, 128 5, 129 15, 94 2.57447
MA364KX 7 15 19072.9 176 9, 128 13, 133 14, 120 14, 101 10, 158 8, 90 5, 111 7, 131 5, 167 3.72455
GZ005CY 16 20 19073.7 123 10, 154 7, 88 7, 126 8, 123 5, 95 10, 80 3.2125
NT788ML 25 29 19075.2 105 15, 123 10, 152 8, 94 10, 163 3.20859
JR699KS 20 25 19079 112 8, 150 7, 93 9, 109 12, 128 13, 120 5, 159 14, 177 5.65537
VL727NT 3 25 19087.1 103 13, 87 6, 144 13, 133 5, 92 5, 125 14, 181 8, 88 10, 113 15, 177 5, 188 7, 92 12, 162 8, 155 14, 83 13, 138 10, 81 7, 189 10, 166 8, 92 14, 163 10, 118 11, 108 15, 190 8, 134 6, 166 13, 96 10.3958
RF541TK 17 28 19096.8 111 7, 178 9, 190 14, 165 11, 111 8, 138 8, 113 13, 135 13, 87 14, 133 9, 134 14, 81 9, 90 7, 158 8.72152
TZ635YV 24 25 19103.4 127 7, 173 7.13873
NT432RD 16 29 19106.3 116 9, 141 7, 149 9, 149 8, 128 9, 185 10, 122 11, 154 14, 165 15, 137 11, 189 6, 86 7, 99 9, 160 7, 121 10, 187 4.36898
KT352YE 13 21 19114 120 13, 163 9, 100 9, 170 10, 110 9, 92 15, 101 5, 181 11, 102 7, 175 9, 148 4.81081
SL644EA 17 27 19119.8 88 6, 87 8, 125 12, 176 15, 166 11, 83 5, 181 15, 142 10, 149 10, 153 15, 128 10, 128 12, 116 1.50862
LZ063VK 3 23 19121.3 172 11, 119 10, 136 14, 100 12, 143 15, 129 9, 85 11, 83 5, 150 6, 146 6, 122 14, 123 11, 165 5, 127 8, 100 14, 136 6, 119 5, 180 8, 100 13, 105 12, 118 9, 157 13, 94 14, 170 6, 149 6.77852
PR431TJ 10 12 19127.9 137 5, 187 4.61497
ZS976RD 13 26 19131.4 90 6, 166 9, 159 12, 132 5, 130 5, 160 7, 131 7, 155 7, 181 11, 174 11, 107 11, 159 9, 172 14, 169 14, 187 13, 147 7.06122
FS292BJ 4 24 19134 140 11, 147 5, 121 6, 80 6, 149 10, 179 13, 180 14, 148 6, 179 6, 182 8, 144 8, 155 15, 89 12, 168 6, 108 13, 163 15, 126 14, 104 15, 133 10, 142 5, 112 9, 86 11, 114 9, 107 3.1028
GM581CK 10 18 19138.4 178 7, 126 15, 115 13, 173 11, 176 12, 82 8, 172 6, 95 6, 159 1.1195
SY177EE 5 7 19142.2 108 5, 109 9, 116 15, 90 8.43333
TM280BX 21 24 19146.8 90 6, 178 7, 119 13, 95 7, 102 10, 163 0.650307
BT070CL 8 23 19148.5 97 12, 151 14, 90 6, 101 5, 178 6, 110 6, 168 15, 120 15, 101 6, 185 10, 160 8, 102 15, 172 13, 82 15, 185 8, 116 11, 173 1.86705
KJ344XJ 6 26 19151.7 135 12, 178 8, 177 8, 156 15, 80 5, 125 8, 143 6, 91 6, 86 12, 180 7, 180 13, 114 10, 126 10, 153 8, 133 12, 103 12, 154 8, 111 6, 110 11, 142 6, 110 12, 189 8, 86 11, 151 5, 161 10, 109 8, 125 2.84
TV477KP 10 24 19161.5 128 7, 92 8, 153 14, 118 12, 84 5, 142 15, 161 12, 187 13, 182 8, 153 6, 174 10, 143 12, 118 11, 121 15, 186 2.36559
EG373YL 12 21 19163.4 107 8, 123 13, 121 10, 171 7, 162 11, 148 5, 97 7, 94 12, 156 14, 108 5, 155 7, 105 12, 178 3.11236
RV934CM 6 27 19170.8 150 13, 145 8, 122 11, 175 9, 87 9, 101 12, 122 12, 93 15, 130 14, 155 9, 90 12, 149 9, 120 11, 124 11, 155 10, 177 15, 100 5, 176 5, 148 6, 115 10, 98 6, 116 5, 82 6, 166 14, 97 14, 149 10.6711
TJ042KX 1 2 19179.7 185 4.47568
RP885PA 6 22 19180.5 91 5, 82 8, 87 10, 113 7, 102 15, 118 8, 177 9, 94 12, 159 12, 143 12, 114 15, 185 6, 130 15, 128 7, 90 13, 94 9, 139 14, 176 11.5398
SZ850JL 14 24 19186 105 13, 176 12, 95 12, 92 7, 126 14, 135 15, 93 15, 171 5, 176 11, 130 12, 101 10.1584
KD479FN 9 10 19194.4 171 10.807
AG002TZ 24 27 19200.5 107 6, 107 5, 139 7, 181 13, 184 8, 124 2.18548
MA183BM 5 13 19202 158 12, 168 11, 134 12, 141 14, 121 13, 182 5, 128 10, 148 5.26351
TA843NT 13 28 19209.1 161 12, 109 12, 126 12, 118 15, 94 15, 116 5, 83 8, 178 5, 135 5, 180 13, 129 13, 80 5, 118 12, 173 10, 114 11, 85 9, 163 10, 80 12, 88 10, 140 11.8071
MW176NK 24 26 19217.9 143 11, 98 15, 109 10, 184 2.05978
LJ896HX 8 13 19222.4 92 9, 186 8, 171 13, 106 10.217
SX990FC 12 25 19228.4 183 11, 145 10, 181 6, 173 11, 189 6, 127 10, 151 9, 158 7, 151 12, 167 15, 140 11, 89 15, 129 12, 86 12, 184 5.2663
PT319JR 25 27 19232.1 181 7, 95 10, 156 10, 132 2.61364
KW415CC 26 28 19236.8 100 5, 82 13, 163 4.60123
SZ410BV 17 22 19246.3 185 9, 114 11, 107 8, 128 11, 139 12, 187 6.19786
GH814RT 15 25 19254.1 187 8, 86 8, 183 14, 144 10, 160 15, 187 9, 151 11, 90 14, 125 15, 110 8, 108 6, 84 5.10714
KX264YH 6 8 19259.8 151 8, 112 7, 137 9.32847
DL141KA 22 23 19264.7 139 11, 177 3.80226
KB184PK 13 21 19266.2 91 9, 176 15, 173 13, 179 14, 90 6, 82 14, 181 7, 118 9, 116 10, 174 0.591954
GY773RA 19 23 19269.7 114 15, 115 9, 110 11, 183 6, 139 9, 110 12.4
AH525HA 11 23 19278.9 186 15, 148 5, 98 14, 90 9, 87 13, 158 15, 184 9, 173 5, 162 13, 178 13, 127 14, 154 5.07792
PR965ZJ 12 29 19281.1 128 11, 155 5, 139 13, 102 10, 108 10, 94 8, 98 6, 179 9, 107 9, 131 13, 186 12, 143 11, 146 12, 130 13, 180 15, 86 6, 91 15, 92 15, 182 14, 145 0.572414
YX787GX 5 11 19284.1 158 11, 153 13, 112 8, 181 12, 124 7, 139 9, 164 4.87805
LW517FS 12 22 19286.1 91 14, 152 11, 185 7, 121 12, 95 6, 127 8, 169 10, 105 8, 156 15, 179 11, 131 11.9084
RL570SM 21 29 19293.7 184 14, 138 14, 124 6, 151 6, 95 7, 96 5, 106 13, 123 5, 151 13, 131 6, 163 4.21472
FY616WD 6 19 19301.3 170 12, 82 12, 154 14, 88 11, 137 13, 183 11, 165 5, 178 12, 85 6, 164 12, 83 11, 159 8, 173 1.26012
SK034XS 18 23 19304.7 157 9, 154 8, 159 9, 91 8, 167 8, 128 15, 111 2.57658
HH453WH 24 29 19309.1 84 8, 110 5, 146 5, 122 5, 172 8, 174 6, 101 14, 81 9, 114 4.23684
YZ949CK 1 22 19313.2 81 13, 92 10, 152 9, 101 12, 95 14, 122 7, 176 13, 113 13, 150 14, 153 10, 142 14, 150 9, 143 6, 94 10, 118 12, 119 15, 156 7, 141 15, 153 11, 97 9, 167 12, 130 9, 80 6.225
MZ234YT 27 29 19319.9 137 9, 187 0.68984
HN450SY 9 24 19322.8 163 14, 116 9, 171 15, 177 11, 88 14, 178 7, 169 11, 188 10, 165 5, 94 8, 132 12, 181 15, 167 6, 185 11, 110 3.32727
KS181DT 27 28 19330.1 128 4.54687
WE344SM 3 9 19337.1 114 12, 157 10, 85 9, 152 12, 133 12, 119 10, 116 10.2672
WK275XD 12 14 19345.5 155 7, 85 15, 82 15, 150 3.50667
ZP068ZC 22 24 19348.2 121 11, 174 9, 147 9.27211
FT484ME 13 14 19349.8 111 15, 110 10.2818
MZ083GN 3 5 19351.8 105 13, 91 10.8462
XG771TJ 12 18 19353.7 121 11, 108 10, 125 8, 187 12, 137 15, 129 8, 114 6.94737
FL684CT 2 16 19363.7 93 8, 143 9, 85 10, 166 5, 113 9, 104 8, 131 5, 149 6, 157 15, 141 10, 140 15, 93 8, 106 15, 136 12, 170 15, 95 10, 97 6, 87 12.5747
RJ956FD 9 20 19367.3 103 10, 103 13, 178 12, 178 8, 108 8, 84 8, 102 5, 109 14, 121 6, 150 7, 139 12, 140 13, 170 6.53529
TB448KK 12 16 19372.5 175 14, 105 15, 91 11, 119 10, 141 3.61702
WS072HG 23 27 19381 150 6, 184 9, 134 7, 174 7, 92 13, 167 8, 113 9.38053
RG995XD 7 11 19384.9 124 13, 89 14, 163 9, 135 7, 119 3.56303
ND452MT 1 20 19388.6 134 9, 188 9, 126 5, 162 15, 107 10, 169 6, 177 8, 157 12, 126 6, 136 12, 159 13, 101 7, 111 9, 166 11, 132 12, 110 10, 159 10, 184 11, 145 6, 124 14, 119 3.90756
TD100MH 8 18 19390.4 135 8, 87 13, 144 9, 109 11, 164 14, 82 10, 110 6, 130 13, 112 14, 92 5, 128 9, 93 5.2043
TH827ZE 6 25 19392.6 141 7, 167 14, 87 11, 131 15, 137 10, 180 14, 187 7, 184 13, 172 5, 108 8, 130 9, 83 11, 125 13, 140 5, 154 14, 124 9, 158 5, 87 7, 126 9, 114 11, 117 15, 80 7, 95 3.05263
HG626TY 5 17 19395.8 89 11, 190 8, 127 12, 146 12, 103 7, 122 15, 117 5, 153 10, 164 11, 92 5, 110 13, 153 13, 172 11, 168 1.19048
BY037HS 12 24 19404.9 190 14, 145 5, 119 6, 92 14, 136 15, 150 10, 89 10, 135 15, 178 7, 161 10, 93 5, 144 14, 143 11, 81 8, 144 3.73611
YN379ZA 25 26 19413.1 153 7, 175 7.52571
TP157NT 17 18 19414.1 175 10.6629
CX733CV 26 28 19416.4 115 7, 103 13, 99 1.73737
FX454MK 1 9 19418.6 98 11, 96 13, 166 11, 126 14, 176 13, 152 12, 97 11, 114 10, 149 3.9396
NF619CK 1 16 19428.3 129 14, 182 13, 89 15, 168 9, 190 8, 170 5, 122 15, 85 8, 115 13, 99 5, 112 6, 145 12, 82 9, 105 15, 183 8, 97 8, 114 10, 118 6, 164 1.47561
RC725YT 16 24 19429.6 97 15, 146 13, 165 10, 125 10, 132 12, 102 5, 122 8, 83 5, 152 15, 95 6, 141 4.42553
AS443VR 18 23 19434.3 125 5, 127 14, 180 5, 86 12, 132 5, 91 12, 149 7, 119 5, 181 3.43094
SK772ZB 5 17 19435.5 127 12, 175 14, 153 8, 112 8, 122 8, 157 9, 133 7, 135 7, 179 13, 115 8, 127 12, 174 6, 141 11, 149 3.2953
YZ169DG 8 18 19436.1 135 12, 117 10, 141 6, 163 12, 164 11, 133 14, 96 8, 110 7, 94 13, 168 10.8214
CT058KF 3 29 19444.9 175 5, 183 10, 90 9, 86 13, 165 6, 160 12, 152 6, 175 8, 150 14, 179 11, 168 10, 167 6, 163 8, 96 13, 134 14, 99 6, 90 9, 115 9, 102 15, 175 5, 176 11, 123 14, 95 8, 94 8, 86 13, 156 7, 126 14, 87 5, 168 9, 108 9, 114 7, 177 9.64407
GE990FK 19 27 19447.4 86 12, 155 7, 174 6, 97 6, 91 7, 166 8, 161 9, 108 10, 100 10, 164 10, 106 7, 106 15, 127 9, 156 5, 137 6.13139
FV221JB 6 16 19457.3 157 9, 99 6, 135 5, 169 13, 173 14, 179 8, 120 12, 124 15, 93 6, 92 5, 81 5, 135 6.23704
FR233SL 22 28 19465.7 166 9, 115 13, 96 6, 95 9, 105 6, 170 12, 119 7, 184 11, 123 9.27642
LP434ZG 27 28 19474.5 122 4.77049
GL017TF 17 25 19480.5 156 13, 187 5, 133 5, 97 12, 170 15, 182 12, 144 9, 80 13, 140 14, 190 3.01053
DV221XZ 1 16 19481.6 87 11, 172 10, 172 8, 123 12, 148 9, 114 6, 183 8, 114 14, 163 13, 189 7, 118 14, 110 6, 182 11, 87 15, 154 14, 185 6.06486
MM370RC 25 29 19483.9 167 5, 161 8, 126 15, 121 12, 131 0.145038
HC461BA 16 22 19489.1 80 15, 153 11, 139 14, 99 11, 161 10, 99 13, 83 1.6506
VH600PC 25 29 19496.9 132 15, 124 10, 168 7, 159 6.84277
RR022XX 7 28 19499.3 184 12, 103 7, 81 11, 129 7, 101 11, 85 13, 85 12, 121 13, 148 14, 95 10, 152 12, 101 13, 104 6, 109 14, 120 10, 163 13, 140 15, 186 12, 176 15, 154 11, 117 5, 175 7, 88 9, 128 6, 86 1.13953
JK863TM 16 21 19502.1 105 12, 102 9, 99 5, 89 5, 135 12, 177 7, 173 12.2023
HK685NN 4 15 19507.6 164 9, 177 6, 80 14, 165 15, 182 9, 81 15, 131 6, 133 13, 87 11, 157 15, 128 11, 91 2.14286
DG416HX 17 24 19516.2 92 10, 117 11, 98 7, 148 7, 99 5, 132 15, 170 8, 120 7, 117 13, 156 11, 166 2.58434
XR827NW 28 29 19517.7 118 5, 136 1.39706
DX455VP 3 10 19524.7 166 13, 113 12, 189 6, 174 13, 188 9, 123 5, 188 5, 84 6, 129 5.35659
KS440LZ 17 28 19527.6 186 12, 187 12, 119 7, 174 15, 139 11, 81 11, 80 10, 84 10, 156 9, 81 7, 125 12, 116 8, 104 8, 90 12, 180 4.48889
AT898TB 15 23 19534.5 165 14, 165 11, 147 7, 137 5, 112 5, 123 5, 123 5, 180 8, 104 6, 190 9, 158 9.09494
KE784HF 22 26 19538.3 142 15, 177 5, 87 13, 123 7, 189 7, 91 12, 88 12, 162 1.81481
EM608AM 21 22 19544.8 100 8.64
GT648LC 23 29 19553.1 112 13, 160 6, 173 13, 120 8, 92 8, 178 8, 123 6, 148 7.72297
VX802MG 11 16 19558.8 139 5, 127 14, 175 15, 88 6, 95 8, 122 7, 105 3.04762
TK467DR 4 6 19563.2 111 11, 131 8, 179 8.57542
NZ842GM 7 29 19571.4 176 14, 156 10, 82 11, 112 13, 124 13, 97 7, 114 12, 83 13, 163 11, 130 5, 113 9, 110 14, 175 6, 92 14, 165 6, 144 13, 166 10, 96 11, 117 14, 121 7, 121 12, 105 5, 95 7, 180 7, 117 6, 157 7, 123 13, 170 1.47647
PK420EW 20 26 19574 81 14, 170 5, 163 12, 86 15, 153 11, 91 5, 140 5, 186 6, 160 5, 190 10.4526
JB470TT 11 25 19580.7 119 12, 114 15, 110 8, 105 10, 92 10, 129 15, 110 13, 146 6, 95 9, 181 10, 100 14, 176 12, 91 8, 103 12, 134 13, 135 7, 176 8, 93 4.63441
BH440GP 4 9 19586.5 97 6, 150 11, 149 14, 148 5, 127 6, 129 6, 129 10.7442
WL723YL 25 26 19592.7 189 12.6349
HA888VM 26 27 19599 90 15, 170 2.25882
PD545KT 13 20 19608 190 6, 91 13, 149 5, 103 8, 117 6, 126 15, 148 13, 173 10, 90 8, 161 1.87578
NW455VS 26 28 19613.2 89 11, 80 12, 141 2.67376
FD807LW 8 22 19623 175 15, 180 12, 149 12, 109 14, 181 12, 105 15, 180 10, 155 15, 141 12, 165 14, 130 0.0538462
LB702YZ 6 26 19625.8 143 12, 89 5, 130 7, 107 11, 109 15, 168 11, 151 11, 154 5, 96 13, 185 6, 150 15, 138 6, 97 14, 162 15, 174 11, 96 9, 165 7, 184 14, 182 10, 133 5, 119 5, 121 9, 175 11.1886
DB789AF 7 9 19631.1 131 10, 143 12.7413
FV743LP 22 26 19638.4 121 12, 111 14, 142 10, 174 12, 184 9, 99 6.08081
RA142WE 24 25 19643.1 92 12, 97 7, 126 2.70635
EB480LA 16 25 19651.3 140 6, 94 6, 95 6, 104 11, 176 9, 104 8, 119 12, 165 12, 184 8, 90 9, 126 8, 190 8, 178 8.89888
VN981TH 10 20 19653.4 173 13, 106 5, 143 15, 164 11, 127 10, 87 8, 163 13, 114 14, 146 11.089
RT505DV 5 10 19655.6 168 10, 106 13, 182 11, 121 13, 114 6, 106 8, 109 7.66055
KY525HJ 19 20 19664.8 81 11, 173 7.95954
BW049JS 19 24 19667.6 129 5, 128 8, 101 5, 166 9, 139 5, 114 7, 136 14, 174 7, 148 9.75
SC619WX 9 25 19671.1 156 9, 124 11, 180 5, 114 10, 190 9, 158 12, 165 9, 134 8, 171 7, 176 6, 124 12, 92 9, 113 7, 104 9, 81 10, 110 11, 128 11, 187 13, 169 8, 162 5, 173 0.982659
GK351MX 12 20 19680.3 141 6, 164 9, 182 12, 105 7, 93 7, 80 12, 177 15, 84 9, 86 11, 119 5, 142 4.76056
RE811FS 26 28 19684.9 104 7, 102 13, 145 1.8069
RY466CM 16 21 19686 119 14, 102 11, 144 5, 138 7, 111 9, 121 10, 88 8, 180 3.89444
DD572VW 24 29 19688.4 151 10, 83 12, 159 14, 86 8, 118 14, 187 2.86631
BY868JJ 9 20 19693.6 186 8, 154 10, 152 10, 132 5, 81 10, 104 5, 133 6, 177 12, 94 8, 179 13, 107 5, 97 12, 139 11.7842
NC362BA 20 29 19702.6 152 12, 89 12, 149 8, 108 13, 116 8, 111 11, 97 10, 99 10, 135 10, 122 8, 125 10, 164 9, 109 3.82569
LB617KB 25 27 19707.9 162 13, 160 12.6
LE663XR 24 27 19715.5 145 13, 118 11, 153 10, 138 5, 185 4.55676
JR694RH 17 18 19720.7 108 11, 80 8, 172 0.22093
BP280SX 17 18 19721.4 127 14, 128 0.6875
WP657AH 6 19 19728.4 170 7, 179 8, 121 5, 140 10, 153 9, 189 15, 169 8, 96 5, 168 7, 125 14, 122 15, 190 6, 180 6, 138 0.992754
HB578LS 14 15 19735.2 149 5, 94 1.90426
YE636MH 23 24 19739.5 102 15, 147 3.59184
ZS823SS 9 10 19741.4 100 9, 154 6.15584
GM216GG 18 21 19744.9 143 5, 140 11, 138 11, 96 13, 102 2.53922
PF505XN 2 23 19749.2 134 14, 116 5, 132 14, 174 6, 118 12, 95 11, 180 15, 162 14, 85 5, 136 12, 129 5, 85 8, 180 15, 181 14, 111 9, 106 13, 190 13, 115 15, 87 13, 102 7, 125 14, 178 9.60674
TC801XJ 15 29 19754.3 81 9, 190 7, 112 15, 105 14, 93 10, 158 11, 104 12, 151 11, 167 6, 181 15, 173 6, 149 14, 131 13, 137 14, 93 13, 80 0.6125
AR713BW 13 14 19756.2 143 8, 88 12, 149 4
MT299SK 2 7 19762.6 94 9, 154 13, 186 8, 114 7, 106 15, 115 6, 111 9, 122 3.68033
HR842CM 15 25 19764.2 85 15, 139 10, 156 12, 134 10, 125 13, 89 12, 145 7, 116 7, 127 5, 133 5, 81 7, 190 14, 98 5, 80 13, 89 6.38202
EW222VB 16 28 19768.2 120 11, 88 7, 159 10, 140 14, 162 12, 106 14, 131 13, 120 13, 104 10, 120 9, 113 11, 158 11, 129 7, 135 11, 98 3.81633
JZ415SF 17 18 19775.9 163 11.4479
XF108BM 8 14 19778.4 95 8, 139 9, 181 8, 146 11, 92 11, 80 7, 153 7, 175 4.05714
JJ528DN 3 19 19779.8 81 6, 134 14, 187 10, 132 12, 153 6, 100 11, 82 8, 151 14, 171 7, 184 10, 118 13, 139 8, 114 12, 142 12, 155 12, 123 6, 106 10.8962
VL439TR 25 28 19780.7 151 5, 123 14, 83 11, 92 9, 174 2.7931
AM150NR 21 22 19782.9 154 5.61039
EB331LJ 9 10 19789.8 165 10, 175 1.13143
RC271TH 25 28 19796.4 153 10, 81 5, 162 12, 87 5, 101 3.86139
VT591CM 4 29 19804.6 138 12, 170 10, 112 15, 99 14, 153 5, 189 13, 123 6, 101 14, 95 6, 143 14, 155 12, 133 14, 136 13, 117 15, 161 7, 105 7, 97 6, 134 9, 84 13, 132 15, 126 11, 181 8, 155 5, 162 9, 95 10, 144 10, 96 15, 184 9.18478
NS649VJ 5 20 19814.2 127 6, 187 10, 143 5, 125 10, 91 5, 101 12, 103 10, 145 9, 180 8, 140 7, 151 5, 188 7, 167 7, 145 8, 134 8, 157 8, 86 7, 159 8, 119 14, 186 9.36022
VL771LX 17 20 19816 146 9, 135 14, 163 9.86503
LH387YY 23 27 19818.5 160 5, 164 6, 106 10, 110 15, 112 15, 152 14, 134 0.0149254
YB558VF 23 28 19824.5 108 15, 127 15, 147 5, 144 12, 89 11, 96 6, 104 8, 122 4.18852
HB440AH 4 28 19827 109 8, 166 9, 124 12, 116 9, 89 13, 168 11, 85 10, 115 15, 157 14, 94 14, 84 13, 114 12, 113 12, 90 8, 160 15, 99 15, 162 9, 152 12, 123 6, 108 9, 116 13, 84 13, 120 9, 162 15, 102 14, 102 6, 145 6, 103 11, 182 3.20879
HX772WD 6 16 19834.7 111 13, 162 15, 132 13, 85 7, 153 12, 116 7, 89 14, 90 12, 122 9, 175 9, 160 2.91875
PL308AE 2 24 19842.2 176 15, 114 9, 132 7, 140 11, 138 12, 107 15, 83 13, 91 8, 101 8, 112 14, 131 11, 141 10, 129 5, 101 11, 98 13, 99 6, 93 13, 160 10, 91 7, 89 8, 164 6, 115 9, 155 12, 94 12, 84 8, 121 15, 182 13, 121 6, 167 3.20359
LY640BE 17 24 19851.9 162 13, 153 15, 122 6, 142 13, 99 15, 180 9, 96 12, 145 7.13103
MY513NR 1 18 19857.5 138 15, 118 9, 122 13, 128 11, 176 5, 129 11, 86 11, 148 7, 148 6, 143 8, 152 14, 132 7, 162 13, 127 5, 105 7, 146 15, 134 9, 107 7, 154 5, 150 12.4667
ZW962XR 5 22 19866.1 124 13, 159 7, 131 13, 97 11, 155 8, 131 14, 116 7, 173 14, 106 9, 173 11, 189 14, 116 6, 127 13, 181 15, 125 14, 163 11, 118 2.66949
HW588ML 10 21 19871.5 161 15, 180 10, 109 12, 169 11, 147 6, 182 5, 142 14, 116 5, 96 10, 83 10, 116 15, 91 5, 156 4.07051
KG226EB 2 21 19879.7 129 12, 150 13, 104 9, 103 5, 147 7, 88 15, 80 11, 117 10, 137 9, 105 13, 98 8, 120 9, 122 12, 89 8, 93 13, 145 14, 99 9, 177 5, 142 12, 96 9, 115 5, 115 8, 84 11, 140 15, 155 11, 98 4.19388
XY535CC 25 27 19889.4 99 10, 105 13, 177 9.98305
DK560PW 26 29 19897.3 98 8, 128 13, 188 3.44681
PE201JH 25 27 19903.6 103 5, 84 10, 168 11, 99 9.28283
CL391EM 16 22 19905.6 125 5, 95 9, 112 5, 136 13, 135 6, 156 12, 144 13, 165 3.57576
PG974ML 5 23 19913.5 140 6, 159 6, 105 10, 109 14, 142 8, 153 9, 176 13, 94 10, 149 10, 162 9, 134 7, 116 11, 158 15, 161 11, 139 15, 131 9, 142 8, 112 9, 171 14, 89 13.618
DC659BY 27 28 19922.6 84 6.92857
KN078NA 6 9 19924.6 107 13, 101 5, 113 9, 116 10.8879
SL663XV 2 8 19933 81 10, 107 9, 137 15, 155 6, 113 11, 92 13, 100 13, 111 10, 142 5, 183 4.21311
BG974LB 5 9 19937.4 107 13, 162 14, 147 10, 112 9, 125 8.12
CP165LR 11 29 19942.3 104 8, 109 14, 90 14, 81 6, 105 7, 172 8, 141 8, 167 13, 161 7, 145 8, 141 13, 159 8, 168 8, 109 14, 184 12, 143 10, 81 14, 150 13, 154 11, 103 14, 186 4.01075
RV767XW 9 18 19944.1 178 13, 176 11, 118 6, 116 8, 183 7, 102 10, 168 8, 104 14, 147 6, 91 11.6593
MZ354FE 15 27 19945.7 167 15, 104 13, 176 7, 154 14, 138 12, 95 11, 164 13, 176 9, 119 7, 92 7, 187 9, 177 10, 129 10, 180 7.01111
FA744XG 24 26 19950.3 126 13, 105 5, 80 8, 179 8, 98 2.82653
SB142RM 26 27 19953.6 112 10, 185 3.31892
KJ056JV 18 24 19954.8 113 8, 123 8, 134 11, 129 8, 94 8, 116 13, 93 12, 119 12, 90 11, 148 1.45946
DH519GT 8 18 19959.1 142 6, 121 9, 171 13, 153 10, 88 13, 145 6, 126 7, 160 13, 109 14, 137 5, 189 5.05291
AC041JY 22 26 19961.5 183 8, 162 7, 125 14, 96 9, 174 11, 189 8, 86 1.55814
PF589LH 26 29 19962.5 148 15, 141 6.21277
RA463BL 25 29 19966.7 179 5, 106 11, 167 5, 104 9, 134 7, 80 7, 93 1.65591
BY027GD 1 2 19968.2 118 7.01695
TR523GL 27 29 19976.7 89 7, 178 4.15169
SX699DE 3 20 19981.1 171 13, 145 5, 121 6, 125 11, 100 6, 121 10, 144 14, 163 8, 123 5, 101 12, 85 9, 108 9, 135 11, 154 15, 150 15, 168 6, 116 11, 153 12, 135 10, 84 1.45238
VW359PF 27 29 19982.5 129 10, 119 0.605042
WC484YC 21 24 19991.3 161 5, 128 14, 118 11, 86 8, 103 5.25243
AD373BD 7 11 19997.7 107 5, 151 8, 117 6, 146 13, 103 9, 159 2.66667
HZ064VN 12 13 20005.1 161 8.19876
WH080HK 20 29 20014.1 119 8, 112 8, 89 9, 121 5, 174 12, 100 7, 100 11, 175 11, 120 5, 173 5, 179 14, 175 6, 148 6.60811
VJ580CJ 6 7 20020 162 5, 121 1.93388
DF483EH 15 17 20027.1 166 15, 179 0.77095
DP092FK 1 8 20028 103 15, 113 11, 98 9, 187 8, 120 14, 102 7, 184 12, 145 14, 83 1.42169
CF900NV 18 28 20033.3 169 11, 123 8, 187 8, 190 15, 186 5, 93 5, 151 13, 175 7, 147 8, 140 11, 85 8, 136 15, 174 0.137931
VV585AL 15 28 20039 167 15, 163 15, 122 10, 169 8, 134 10, 126 13, 168 15, 80 5, 167 10, 82 12, 90 10, 161 7, 128 11, 102 6, 189 6, 86 5.47674
EF014ZW 1 28 20042.1 101 11, 94 12, 122 5, 172 12, 112 12, 118 7, 120 7, 140 10, 93 9, 93 15, 126 8, 92 9, 129 14, 123 6, 113 12, 115 13, 111 13, 130 12, 116 6, 142 13, 95 15, 147 11, 110 9, 99 12, 115 5, 141 10, 116 7, 170 11, 149 10, 167 6, 146 9, 128 5, 128 8, 107 5, 93 11, 148 11.7432
KT526SB 17 22 20048.6 88 10, 154 11, 167 5, 142 10, 127 6, 84 7, 138 6, 126 7.96032
FT293MF 17 23 20051.1 151 9, 119 15, 149 12, 157 8, 97 14, 103 8, 139 6, 89 6, 163 2.90798
WT123NF 19 26 20060.1 162 6, 161 15, 161 13, 164 8, 181 13, 86 11, 182 5, 175 14, 176 4.47159
JV086KT 23 27 20061.7 147 8, 80 5, 127 10, 104 10, 162 15, 98 10, 175 5.76
KX752GS 10 28 20065.5 115 14, 171 15, 187 9, 128 10, 186 14, 118 15, 144 13, 181 11, 108 9, 142 6, 92 12, 108 8, 114 6, 182 15, 165 8, 166 8, 183 7, 91 8, 104 10.3462
AA188WD 12 16 20070.4 132 11, 164 12, 140 6, 135 11, 95 10.3263
JJ427AX 6 13 20077.2 136 14, 180 7, 186 11, 115 8, 80 5, 126 6, 127 7, 123 5.82927
MD550GE 23 28 20081.6 189 13, 90 6, 82 14, 186 15, 162 12.0432
PE838NL 19 27 20085.9 180 10, 170 8, 185 5, 80 9, 160 5, 132 5, 107 15, 117 6, 100 9, 179 12, 185 9, 92 10, 101 10, 156 4.85256
BC594WX 15 23 20095.6 122 8, 184 6, 152 11, 170 7, 118 12, 124 15, 157 10, 103 10, 182 11.1099
GA435MH 23 27 20096.8 126 14, 119 13, 153 5, 126 7, 108 6, 126 15, 103 7.84466
SP866MW 19 23 20101.7 116 7, 164 15, 137 5, 122 11, 174 5, 162 5, 98 7, 139 0.0215827
NA264JB 15 20 20103.1 107 8, 172 7, 113 14, 145 13, 185 10.3405
KL748TH 11 23 20111 138 14, 169 11, 83 13, 138 11, 178 8, 180 12, 161 7, 173 10, 137 12, 124 6, 90 13, 129 6, 158 9.82911
JX882XK 26 28 20113.5 155 6, 160 8.6625
HP188EF 11 13 20119.6 94 14, 120 6.98333
ZZ982PG 15 21 20123.7 133 9, 138 6, 180 6, 136 12, 175 12, 189 12, 88 7.60227
LA800XA 3 9 20128 116 5, 158 11, 103 8, 174 14, 80 14, 149 12, 103 9.8835
GM080EK 27 29 20136.7 110 7, 167 3.54491
ZA560CR 19 27 20144 165 13, 135 13, 144 6, 158 7, 118 13, 155 9, 128 8, 188 15, 148 5, 112 6, 144 13, 103 0.436893
GW603VE 7 18 20154 114 6, 176 15, 95 6, 120 13, 99 8, 182 12, 114 8, 100 11, 95 12, 127 14, 125 10, 133 10.9173
TJ987AR 18 21 20157.3 98 9, 155 11, 108 10, 149 10.8255
EY275HW 28 29 20165.4 133 5.86466
YY500WL 22 23 20170.9 187 7, 122 7.31967
HV731ET 9 10 20171.6 187 9.88235
CF442DN 14 23 20173.8 177 11, 82 12, 187 13, 126 6, 151 8, 87 9, 151 9, 95 15, 187 7, 103 6, 180 5.24444
PG455VE 22 24 20180.6 125 5, 175 7, 187 7, 100 11.01
EM466HS 5 15 20185.3 131 12, 92 14, 126 7, 125 9, 159 13, 146 12, 91 11, 124 14, 177 5, 180 15, 140 4.14286
DR227NS 8 14 20191.7 119 12, 149 11, 127 14, 118 9, 167 5, 185 7, 154 2.47403
YN738NA 17 20 20200.7 97 12, 144 14, 110 12, 131 2.38168
LA580TB 8 29 20209.1 91 13, 152 13, 98 11, 154 12, 161 14, 171 9, 86 5, 130 10, 136 13, 105 11, 119 10, 149 7, 141 9, 128 15, 141 7, 180 12, 138 6, 98 11, 83 6, 144 8, 121 6, 124 9, 137 6, 115 7, 124 11, 98 3.66327
FP729GM 8 9 20217.5 173 5.23699
MN843YY 7 29 20221.7 154 7, 142 5, 162 10, 122 12, 160 10, 160 11, 139 9, 162 13, 127 10, 188 11, 101 6, 171 10, 145 5, 172 6, 91 12, 82 9, 83 8, 158 12, 92 6, 145 5, 140 11, 81 9, 190 7, 93 8, 174 7, 165 6, 154 7, 188 9.45745
WA676DY 21 29 20226.5 90 6, 83 11, 121 13, 90 9, 176 10, 98 7, 106 10, 93 8, 156 12, 102 8, 141 11, 114 3.57018
PX232RX 2 21 20227.9 164 11, 162 8, 176 12, 142 8, 172 10, 135 7, 167 9, 178 14, 96 15, 119 8, 117 8, 158 11, 141 13, 101 8, 116 14, 152 6, 98 10, 89 5, 146 12, 190 10, 149 8, 114 6
NJ497NF 8 17 20230.2 86 8, 172 8, 124 15, 152 14, 148 15, 94 14, 175 13.6114
PF674BA 13 27 20238.5 121 11, 80 5, 121 13, 132 14, 170 8, 146 10, 123 15, 146 6, 147 8, 144 5, 116 12, 180 7, 97 11, 146 12, 104 7, 157 10, 116 7, 98 10, 114 5, 139 9, 140 6.37857
AG644NX 25 28 20243.7 99 14, 130 11, 101 14, 186 2.54839
XE277MP 23 27 20244.6 122 9, 83 9, 96 6, 177 8, 136 15, 96 11, 115 6, 157 4.33758
WE268CA 12 22 20249.2 149 12, 124 5, 120 9, 142 14, 177 11, 145 11, 104 6, 127 13, 112 12, 144 13, 109 10.7248
AP975VX 18 20 20253.5 100 14, 154 10.039
AP917AC 14 26 20258.9 89 10, 153 10, 106 15, 104 5, 83 5, 157 14, 179 6, 141 11, 96 15, 162 13, 183 10, 109 5, 166 13, 120 14, 177 4.55932
PB745EX 2 10 20264.7 91 10, 117 10, 183 13, 181 8, 180 7, 132 12, 119 13, 115 9, 124 7, 96 10, 140 4.86429
ZB016XL 4 25 20266.1 167 10, 139 8, 146 15, 112 9, 120 13, 165 5, 159 7, 140 15, 95 8, 163 9, 115 15, 161 14, 92 13, 147 12, 148 9, 152 9, 84 11, 172 6, 138 11, 117 6, 182 12, 109 10, 81 15, 143 9, 129 0.325581
PY099EC 28 29 20267.5 144 5.41667
WB849HV 15 26 20270 169 5, 190 15, 89 8, 156 7, 126 6, 165 12, 89 7, 101 8, 113 15, 89 6, 171 6, 141 13, 163 7, 130 11, 93 9, 113 10, 132 0.893939
DG170RD 23 25 20270.9 112 6, 175 8, 104 7, 171 8.08187
HL569GC 14 16 20280 128 9, 190 7, 112 1.14286
SA448WP 22 23 20290 124 8, 132 6, 83 5.03614
DW002NF 15 28 20298.7 131 9, 155 9, 178 12, 147 8, 90 7, 89 10, 158 11, 177 14, 119 5, 154 8, 128 11, 188 11, 87 13, 131 7, 186 13, 157 2.13376
DA302VZ 24 26 20306.7 148 8, 83 13, 149 6, 114 11.886
XH606KH 25 26 20316.1 190 10, 88 5.54545
RJ657ZS 3 15 20319.2 168 14, 81 6, 118 6, 155 8, 112 6, 94 9, 152 6, 170 8, 145 12, 150 7, 165 7, 111 5, 156 6, 106 11, 101 12, 128 8, 110 4.78182
NS195TH 11 23 20327 94 14, 83 15, 150 8, 167 10, 149 12, 103 6, 96 7, 156 15, 82 5, 189 5, 112 12, 97 14, 178 6, 146 15, 90 6.11111
XN040PL 2 15 20333.5 182 5, 137 5, 84 15, 109 15, 121 10, 96 13, 117 8, 81 11, 130 8, 89 10, 94 6, 171 12, 184 13, 132 12, 119 14, 151 9, 186 0.580645
VX844PD 22 24 20340.8 181 10, 155 6, 156 9.74359
ND790XE 4 6 20348 150 11, 179 5, 153 8.22876
KG460WN 5 22 20351.8 186 10, 143 8, 84 7, 175 11, 130 11, 148 8, 93 6, 163 14, 167 10, 122 8, 188 13, 107 10, 155 12, 186 6, 103 10, 93 10, 129 7, 92 5, 118 14, 106 5, 186 3.30108
ZH819AT 13 14 20353 176 13, 180 2.82222
CC998FZ 7 14 20360.2 186 8, 138 13, 143 9, 88 9, 101 12, 159 10, 157 12, 149 4.00671
MT302VP 24 26 20366 180 9, 109 11, 106 10, 146 4.33562
XJ217LT 2 16 20366.7 189 10, 160 11, 122 11, 84 6, 99 6, 94 11, 133 6, 125 12, 101 9, 103 15, 181 13, 182 8, 99 9, 147 11, 181 8, 165 11, 137 4.81752
FV935TN 1 14 20371.1 163 6, 95 13, 118 5, 112 7, 130 9, 151 12, 161 9, 171 6, 172 11, 86 11, 120 8, 80 11, 107 5, 133 14, 97 5, 159 12, 82 9, 116 9.34483
CS893DY 22 28 20371.7 175 15, 121 9, 115 6, 80 15, 142 6, 111 10, 102 7, 126 6, 169 6, 166 6.25301
XH633MP 22 28 20375.1 122 7, 111 7, 174 10, 113 14, 142 7, 169 12, 164 5, 176 10, 183 2.91257
JK734MB 25 26 20380 82 8, 147 11.7823
WK633HA 23 24 20383.8 124 5, 92 12, 175 1.90857
LT324EC 24 26 20391.1 125 10, 126 8, 137 7, 120 7, 108 4.21296
GM863TT 18 29 20399.4 93 6, 162 9, 92 9, 190 9, 81 12, 152 5, 104 7, 152 5, 89 8, 95 12, 131 9, 173 13, 179 12, 84 15, 137 11.3139
YM426XG 12 18 20402.8 108 15, 174 10, 148 10, 124 14, 171 11, 129 8.34884
KK120YW 3 25 20412.1 134 13, 92 9, 153 15, 99 9, 146 15, 153 10, 115 13, 129 13, 166 15, 174 12, 113 12, 105 7, 170 15, 82 15, 146 7, 100 7, 143 13, 93 14, 162 11, 91 12, 185 9, 174 11, 161 3.28571
LD641KC 22 28 20414.1 128 13, 93 7, 82 14, 174 14, 187 10, 119 8, 182 13.0055
KY935BT 16 28 20421.1 115 11, 112 14, 163 13, 104 15, 130 13, 83 9, 131 6, 176 7, 175 9, 159 13, 136 10, 154 6, 99 13, 158 11, 133 0.917293
ZB719NZ 14 15 20430 80 7, 92 3.95652
TV477LD 2 28 20435.4 83 5, 106 12, 159 7, 152 14, 162 12, 126 6, 125 9, 105 7, 83 11, 141 5, 142 8, 106 5, 106 7, 180 7, 185 6, 98 14, 94 12, 132 8, 143 8, 125 15, 156 13, 116 12, 178 7, 150 7, 85 15, 153 14, 80 12, 156 7, 159 10, 160 6, 162 14, 186 7, 87 6, 106 12, 102 5.86275
CV395JV 5 29 20444.1 180 6, 111 14, 87 11, 117 6, 121 14, 95 15, 182 11, 100 8, 103 13, 159 5, 143 11, 83 8, 149 9, 184 13, 88 11, 177 9, 110 14, 124 8, 151 5, 127 13, 160 7, 85 6, 134 7, 85 14, 183 12, 111 11, 153 8, 92 11, 109 6, 171 7, 130 7.80769
SM397NK 13 20 20449.7 183 6, 167 9, 114 11, 102 15, 150 9, 143 7, 132 11, 128 10, 99 6.9899
MX403MM 11 21 20455.7 154 6, 107 5, 97 9, 132 13, 108 11, 115 13, 163 13, 150 11, 150 10, 111 11, 80 7, 189 9.87831
JP538ZB 4 22 20456.2 140 9, 122 12, 156 8, 104 15, 112 6, 93 7, 118 15, 125 7, 97 11, 135 9, 81 12, 159 11, 99 13, 130 9, 173 14, 117 11, 142 15, 86 11, 103 8, 118 11, 128 9, 128 0.273438
YM367XS 13 27 20457.6 162 8, 95 10, 128 15, 157 5, 156 13, 108 8, 81 11, 88 11, 164 5, 91 14, 145 6, 136 13, 182 11, 133 15, 121 7, 95 13, 139 8, 163 8, 151 9, 179 3.21788
JP726LP 7 16 20459.4 86 10, 158 14, 105 10, 136 10, 153 15, 114 9, 116 9, 121 13, 146 11, 159 1.43396
SJ773NX 7 18 20464.7 80 11, 179 14, 96 15, 95 11, 144 11, 159 11, 143 9, 113 14, 164 15, 178 8, 115 0.913043
ZT418MA 9 14 20469.6 109 5, 173 7, 90 6, 150 7, 135 15, 176 9, 124 4.49194
YJ121FT 4 5 20473.8 190 4.35789
WK897KJ 15 25 20476.8 118 10, 95 14, 134 10, 100 13, 152 14, 150 12, 100 12, 95 13, 160 6, 105 15, 190 10, 116 7, 167 1.56886
CY062FM 14 24 20479.5 167 7, 92 15, 126 13, 133 9, 186 10, 172 5, 121 10, 125 12, 135 11, 95 7, 169 11, 108 9.25
SA427WA 21 23 20480.7 122 12, 101 7, 132 6.7803
LN117GB 8 17 20485.8 156 13, 183 6, 123 10, 80 8, 159 6, 133 13, 87 11, 115 12, 180 10, 117 1.31624
AD345AL 15 19 20489.6 179 8, 159 7, 170 9, 157 6.98726
HP542VE 24 27 20491.2 127 11, 99 9, 95 14, 189 13.9048
BD482DH 14 26 20499 114 15, 170 12, 93 10, 182 10, 160 8, 109 6, 105 12, 160 5, 158 8, 91 13, 91 11, 111 7, 146 9, 133 12, 148 13, 132 5.91667
EH586JN 24 26 20508 155 14, 119 9, 169 7.52071
FR162FR 8 22 20512.4 144 9, 82 10, 125 10, 146 7, 162 15, 184 6, 94 8, 165 14, 120 8, 155 9, 91 9, 182 10, 177 10, 181 10, 131 3.22137
DW895NG 17 23 20520 143 13, 88 10, 81 10, 93 10, 160 13, 104 9, 86 14, 179 8.45251
EZ248BW 11 19 20529.1 148 15, 188 12, 131 5, 82 8, 139 11, 166 14, 93 9, 173 3.28902
YY347BX 27 29 20535.8 104 5, 186 4.52688
BX971YL 23 26 20540.7 147 12, 159 11, 125 10, 140 6, 156 6.19872
DG055WZ 21 25 20546.5 94 12, 144 14, 80 5, 180 5, 188 12, 111 4.93694
ZA669PC 7 9 20549.2 163 14, 140 6.07143
KK405RP 20 26 20557.4 131 9, 160 6, 184 5, 158 14, 114 7, 124 9, 131 15, 82 7, 113 14, 162 4.09877
PD387AB 2 23 20562 82 8, 172 14, 101 5, 190 6, 97 8, 177 6, 109 10, 128 12, 152 5, 176 13, 83 13, 156 7, 84 13, 178 12, 178 12, 128 13, 86 7, 144 14, 157 7, 129 9, 92 14, 157 5, 139 8, 143 12, 172 7, 103 8.41748
RL565KC 10 20 20565.4 147 13, 161 13, 97 5, 107 7, 81 10, 132 7, 170 5, 149 13, 106 10, 119 8, 135 7, 90 7, 119 5.73109
XZ559TG 19 25 20575.1 87 14, 90 14, 172 14, 140 8, 153 7, 121 10, 131 13, 86 8, 96 12.2083
DY689HH 14 23 20575.7 129 7, 90 13, 148 13, 111 15, 134 14, 176 7, 159 15, 174 11, 129 5.3876
XY579LB 23 28 20582.2 108 7, 164 6, 143 5, 132 9, 97 6, 137 5, 120 5, 126 10, 89 14, 98 7, 174 1.05747
DZ511KT 22 28 20584.1 119 7, 155 15, 188 5, 89 5, 108 12, 113 8, 155 11, 188 11, 155 3.69032
KB429PB 21 29 20588.2 114 14, 97 9, 162 6, 97 8, 176 10, 85 7, 180 9, 100 10, 90 15, 187 10, 153 2.0915
ND049DD 25 29 20593.8 180 9, 96 8, 87 10, 165 13.4909
KF017VS 5 6 20600.8 150 6, 102 11, 145 6, 93 0.903226
PN103LY 11 16 20608.1 82 13, 156 10, 95 9, 146 6, 95 7, 179 6, 159 8, 172 1.11628
DJ058JY 28 29 20618.1 146 5.34247
LF975ZL 4 8 20624.3 182 7, 130 15, 183 15, 140 7.89286
LD177XV 13 17 20628 131 13, 119 15, 166 7, 178 9.53933
JN005CN 18 23 20633.8 175 10, 112 7, 105 13, 157 14, 111 6, 177 8.9435
PR329VR 23 26 20643 115 11, 133 7, 100 9, 93 10, 158 6, 140 9, 96 3.5
HD028DP 24 25 20647.9 151 10, 97 6.3299
TJ457AN 28 29 20650.6 112 6.96429
KK810ZD 25 29 20658.1 179 12, 156 15, 167 5.96407
MY844BR 25 27 20665.9 148 11, 181 13.779
CW965NP 19 22 20673.5 112 9, 174 6, 123 9, 150 8, 80 11, 145 1.56552
TX622WX 17 22 20677.4 148 6, 137 10, 166 10, 122 10, 80 8, 115 14, 186 3.34409
AB054XY 27 29 20683.2 97 9, 113 4.32743
RR892MK 16 19 20688 174 7, 117 9, 169 6, 167 1.20359
BF379WR 16 22 20689 81 7, 104 5, 102 15, 147 12, 148 11, 169 6, 186 10.371
HC962EF 13 21 20690.1 97 10, 142 8, 180 14, 181 10, 166 10, 89 15, 103 11, 167 8, 152 6, 103 6.62136
EH157MK 11 27 20692.8 82 11, 187 8, 153 9, 188 8, 179 13, 98 5, 148 11, 137 14, 110 5, 113 7, 104 9, 105 6, 161 13, 184 11, 157 11, 109 13, 175 7, 181 5, 149 13, 128 5, 101 4.9604
KP889WP 22 24 20696.8 187 12, 132 8, 185 5.18919
EP726NM 18 23 20701 130 11, 119 9, 110 6, 116 10, 121 15, 91 6, 83 10, 151 5.52318
FA460MN 7 23 20710.5 104 5, 104 6, 107 10, 105 8, 127 6, 109 11, 107 7, 146 15, 165 5, 104 10, 154 9, 133 7, 175 11, 180 12, 144 8, 141 11, 161 7, 177 7, 101 8, 103 8, 145 10.2483
WT043WD 22 28 20714.9 148 11, 147 7, 128 12, 136 15, 136 12, 146 5, 131 6, 165 9, 126 1.7619
PT701WE 10 27 20722.4 136 11, 140 6, 82 5, 189 7, 90 7, 147 5, 165 11, 189 6, 164 8, 173 5, 132 5, 111 13, 146 5, 132 9, 150 9, 143 13, 138 9, 140 5, 149 6, 87 5, 147 12, 138 13, 106 11, 93 7, 150 8, 172 0.55814
ZP179AN 3 24 20730.8 186 14, 142 6, 98 15, 127 14, 159 8, 190 14, 141 13, 145 13, 149 12, 135 7, 183 14, 188 5, 169 10, 154 7, 82 7, 172 13, 103 11, 132 6, 182 14, 83 7, 128 5, 156 5, 130 1.51538
YD055DJ 15 22 20740.5 186 5, 83 8, 155 7, 167 7, 112 12, 134 13, 181 14, 132 8.86364
AG052PC 13 23 20747.5 104 12, 151 8, 167 11, 95 9, 184 11, 113 5, 99 9, 145 5, 159 13, 156 11, 104 14, 185 7, 134 5.02239
MN795XG 5 15 20750.4 131 8, 168 7, 116 12, 168 8, 99 12, 93 10, 107 14, 102 6, 141 9, 86 6, 125 10, 81 12, 112 14, 186 4.43548
XK314WW 19 20 20752 133 5, 123 10, 181 2.06077
DX952CT 9 16 20753.2 119 14, 122 6, 166 11, 120 15, 130 9, 108 6, 135 12, 149 4.42953
GV335BZ 6 8 20754.5 174 7, 143 10, 162 3.83951
LL760NZ 18 19 20756.2 151 4.49007
JS526XG 26 28 20762 96 7, 83 13, 157 3.59873
PR854FZ 10 18 20769.3 177 7, 96 7, 181 10, 104 8, 104 15, 90 12, 142 7, 108 9, 156 7, 177 4.69492
VN354SM 16 23 20773.5 113 7, 168 9, 83 9, 86 6, 189 8, 139 10, 128 6, 101 7, 100 15, 107 15, 131 0.80916
PR369CK 8 26 20776 167 5, 81 12, 118 5, 158 11, 180 7, 128 8, 149 11, 104 10, 96 10, 89 13, 158 14, 145 8, 87 11, 114 5, 123 8, 175 13, 154 11, 123 11, 92 11, 114 5, 144 9, 126 5, 97 6, 83 12, 115 10.8348
XT979SX 4 17 20778.4 182 5, 153 5, 128 14, 150 15, 99 11, 183 12, 134 8, 188 15, 92 6, 122 14, 181 9, 140 7, 97 10, 171 1.81871
XZ851LL 28 29 20783.4 152 5.13158
MR162ED 11 21 20792.2 178 7, 143 13, 80 10, 138 8, 168 7, 101 15, 178 6, 150 8, 115 12, 121 13, 123 14, 163 6.16564
ZC949GD 18 19 20799.1 119 5.69748
BG940JR 11 17 20807.6 115 13, 150 15, 109 8, 172 6, 113 12, 86 10, 113 5.63717
EK357YZ 6 28 20812.8 168 7, 119 13, 188 5, 147 13, 141 5, 103 9, 134 10, 186 6, 147 7, 80 12, 98 12, 84 9, 190 8, 90 15, 131 5, 177 15, 148 8, 177 7, 148 12, 145 10, 128 8, 185 11, 88 7, 167 11, 108 10, 137 15, 181 1.54144
WR470AH 12 25 20814.9 146 12, 144 11, 81 10, 114 8, 140 5, 187 6, 178 9, 122 11, 151 15, 147 5, 185 14, 122 9, 139 11, 114 7, 173 12, 109 10.5229
FG657TA 5 12 20816.2 125 15, 165 15, 101 11, 169 10, 139 13, 157 5, 90 6, 182 1.45604
GL186NK 16 18 20817.1 188 7, 123 12.1301
RP966KV 9 28 20823.3 99 7, 103 8, 133 10, 159 8, 120 5, 132 5, 186 11, 145 11, 166 15, 152 11, 165 13, 95 10, 105 10, 128 13, 156 9, 177 14, 169 12, 122 11, 111 8, 108 15, 147 7, 141 2.70922
TE979HK 6 11 20830.3 151 5, 127 6, 133 13, 171 5, 121 15, 99 8.30303
NX123PP 20 25 20836.5 112 15, 176 5, 140 5, 117 14, 133 14, 152 9, 153 9.50327
LY875XB 21 23 20843 116 5, 80 5, 177 7, 188 4.50532
JK288XG 14 27 20844.4 111 14, 100 5, 177 8, 166 9, 136 14, 91 6, 123 9, 186 5, 149 6, 129 5, 179 5, 106 5, 110 11, 143 12, 81 5, 118 15, 152 6, 181 12, 130 7, 100 5.58
KN188NC 26 27 20849.7 164 10.5732
GV244HB 23 29 20856.2 109 10, 112 10, 141 6, 117 10, 125 7, 158 7, 106 8, 102 6, 120 15, 159 1.25157
VY716BN 9 12 20856.9 179 7, 122 8, 146 7.99315
VF841EN 26 28 20862.7 121 11, 130 7, 93 0.806452
YY382ZH 8 10 20872.2 86 7, 189 10, 95 2.75789
ZT493EC 17 26 20875.8 110 7, 140 11, 180 9, 125 11, 180 13, 190 9, 81 15, 94 7, 86 6, 188 13, 185 6, 108 8, 90 6.88889
SB683RV 6 13 20885 80 9, 175 14, 144 8, 104 9, 133 10, 122 5, 132 12, 116 0.948276
FC931NC 17 23 20893.8 87 7, 119 14, 170 10, 188 14, 97 13, 164 10, 137 5.13869
SN406VV 16 28 20897.7 170 8, 106 15, 147 9, 89 15, 104 14, 167 12, 115 8, 80 8, 141 6, 185 8, 176 6, 181 15, 101 14, 87 8, 90 7, 167 3.44311
ZJ743HP 18 22 20898.4 168 15, 155 11, 157 8, 115 5.76522
XW752BL 26 28 20898.9 161 12, 123 3.12195
WS874NP 27 28 20904.3 144 4.04167
RE169FB 22 29 20908.1 126 10, 139 15, 112 10, 160 9, 95 7, 173 10, 129 11, 125 11, 107 7.23364
WN352JP 18 29 20909 165 11, 83 11, 102 14, 163 13, 100 14, 114 8, 125 6, 85 7, 152 14, 154 12, 113 7, 176 12, 115 9, 169 0.982249
CS437NV 13 18 20915.5 190 6, 168 9, 145 6, 102 7, 157 10, 105 14, 119 7.88235
MZ611CX 14 23 20924.8 84 13, 158 14, 96 15, 135 5, 186 5, 154 14, 110 8, 94 11, 167 7, 136 15, 125 1.088
LK256AL 10 19 20934.6 119 12, 183 10, 129 14, 166 11, 185 7, 104 5, 181 15, 129 2.63566
DV455MP 20 21 20940.5 184 10, 165 2.99394
DW722YE 15 25 20944.9 136 14, 85 8, 175 15, 170 9, 169 9, 145 6, 186 5, 107 9, 165 8, 118 6, 142 6, 121 11, 100 14, 100 3.88
AT305AL 5 10 20947.4 184 14, 82 12, 188 10, 83 15, 152 10, 160 4.96875
CL601FW 3 21 20956.1 177 7, 143 11, 121 14, 164 15, 131 5, 95 5, 91 5, 80 13, 122 10, 141 13, 113 9, 116 12, 150 11, 92 7, 177 14, 136 14, 134 12, 93 8, 155 11, 125 7, 187 5.63102
SS345CK 10 27 20960.4 180 6, 91 11, 190 15, 106 15, 132 8, 190 6, 125 10, 146 8, 95 11, 109 12, 179 5, 165 6, 161 5, 83 8, 184 11, 180 14, 167 10, 149 14, 152 5, 122 12, 187 1.95722
DE409CL 20 23 20964.5 160 5, 187 6, 168 7, 102 11, 136 8.67647
NW403JX 8 27 20967.6 140 6, 98 13, 138 12, 142 5, 167 12, 146 8, 186 11, 166 9, 116 12, 165 15, 156 11, 103 5, 114 10, 99 8, 181 5, 119 5, 124 13, 158 8, 120 11, 103 5, 143 5, 150 7, 163 14, 173 5.81503
EW421CB 15 27 20968.2 123 6, 146 14, 178 15, 186 11, 184 14, 145 13, 157 13, 158 12, 102 15, 109 7, 105 10, 160 11, 182 0.796703
MB557EZ 14 19 20975.4 170 7, 111 9, 188 15, 121 8.98347
HH201SK 1 19 20976.8 133 9, 111 11, 86 13, 157 8, 108 5, 117 14, 118 9, 185 5, 130 5, 92 5, 163 7, 82 14, 111 9, 94 7, 149 11, 102 13, 94 6, 188 15, 166 14, 168 8, 106 14, 81 8, 149 1.79866
FL435EP 19 27 20986 181 7, 85 8, 160 8, 108 10, 190 9, 176 8, 156 11, 139 13, 117 8, 164 9, 130 7, 123 7, 186 4.52151
JE946BD 20 29 20989.4 151 14, 143 5, 169 6, 172 5, 129 6, 94 10, 168 8, 80 9, 89 9, 84 7, 144 15, 173 11, 188 6, 168 0.0297619
FS498HG 28 29 20995.3 164 4.7561
ZB607FM 10 23 21000.7 167 11, 104 5, 169 15, 126 15, 158 10, 180 11, 117 14, 93 8, 145 14, 99 15, 145 13, 183 7.12568
DS807ML 19 21 21005.8 87 12, 148 14, 108 13, 110 0.745455
VV274RY 3 6 21012.9 151 5, 93 13, 108 15, 126 7, 166 5.19277
EF379LF 17 26 21019 92 8, 138 10, 179 15, 177 13, 96 5, 176 7, 93 6, 134 8, 83 10, 159 8, 171 10, 120 5, 105 10, 140 6.25714
NW007SK 28 29 21024.6 117 6, 103 0.757282
EP780GF 15 20 21030.6 133 15, 176 9, 94 7, 136 10, 149 8, 145 4.48966
DR599KY 26 29 21039.8 159 8, 97 13, 100 5.63
YA572MM 24 27 21044.3 118 8, 108 10, 169 7, 144 12, 163 5, 160 3.1
YB041ZL 28 29 21051.5 89 8.76404
ES800DH 24 28 21052.1 133 5, 150 14, 164 8, 157 11, 144 5, 173 1.75723
LS234EF 22 27 21053.1 102 7, 140 8, 171 8, 161 6, 125 15, 91 5, 100 13, 85 13, 82 12, 110 5.62727
JC637LB 26 27 21058.7 137 6, 82 11, 98 0.102041
YG842NZ 14 25 21062.6 83 12, 170 7, 100 13, 132 9, 176 9, 149 11, 174 12, 170 8, 152 6, 175 5, 119 5, 142 9, 114 8, 176 11.5284
LR849EW 24 28 21071.7 99 8, 183 6, 167 8, 104 11, 93 7, 144 11, 84 2.65476
DV961PR 10 14 21077.4 172 5, 83 10, 86 9, 149 12, 125 5, 151 5.21192
HK800ZX 21 27 21083.8 117 7, 115 14, 137 15, 175 6, 105 9, 138 8, 180 11, 125 5, 148 7.98649
TB091CJ 22 26 21084.8 80 10, 128 5, 190 9, 170 12, 184 9, 110 6, 107 11.8318
NT141NL 4 8 21087 90 12, 97 15, 127 7, 133 14, 82 10, 127 7.62205
EH570JT 2 19 21094.9 147 5, 96 5, 135 10, 113 12, 136 15, 113 15, 81 14, 184 10, 104 13, 136 15, 157 7, 167 6, 186 15, 122 10, 89 11, 140 7, 112 6, 92 10, 177 10.8362
TW290LV 15 24 21097 160 14, 89 8, 113 11, 140 5, 184 6, 163 5, 141 5, 98 15, 129 13, 126 6, 126 13, 101 11, 173 4.20231
FF906XF 20 27 21106.7 114 12, 141 11, 84 13, 161 14, 90 14, 189 8, 187 9, 105 5, 147 13, 127 4.31496
SE857MX 16 27 21115 163 14, 170 15, 133 10, 169 15, 135 6, 114 9, 83 7, 146 9, 161 15, 97 9, 160 12, 142 12, 81 1.45679
CT370TG 10 15 21124.6 172 6, 121 12, 100 10, 107 10, 98 8, 110 5, 96 7.29167
VT019TV 15 26 21126.2 186 5, 93 11, 185 15, 107 14, 186 7, 93 13, 144 5, 184 5, 156 8, 102 15, 182 5, 180 11, 118 14, 175 8, 135 2.31852
ZG978SB 20 22 21127.1 101 9, 86 12, 178 5, 110 3.33636
WS606SA 5 22 21134.1 159 12, 159 11, 163 9, 158 15, 122 7, 146 13, 110 6, 115 6, 102 10, 185 12, 119 6, 93 13, 129 8, 169 12, 128 15, 158 12, 142 12, 150 5, 147 0.931973
PC729EK 25 28 21139.2 147 6, 170 8, 114 11, 185 6.52973
EN743RL 10 12 21148.9 127 10, 180 1.54444
JA054TL 1 7 21152.9 185 8, 122 15, 135 9, 162 8, 109 7, 189 11, 95 9, 130 1.32308
FB316FY 23 29 21162.9 101 9, 174 9, 133 5, 138 6, 140 15, 179 8, 94 8, 126 8, 124 3.27419
FL666MM 14 28 21168.3 181 11, 118 7, 92 11, 178 8, 135 9, 131 12, 174 5, 157 15, 117 12, 150 11, 181 14, 123 13, 105 5, 122 13, 160 6, 178 6.33146
EW366WR 12 21 21176.2 182 15, 151 13, 162 9, 150 15, 109 14, 165 6, 109 10, 121 5, 145 6, 149 8.9396
XF576MN 1 19 21179.8 147 7, 87 6, 92 13, 177 9, 91 12, 157 9, 168 7, 188 5, 88 14, 160 5, 127 14, 151 15, 109 9, 100 9, 135 6, 129 6, 142 11, 114 11, 132 9, 80 15, 131 6, 184 10.538
TC644TM 15 21 21189.5 80 5, 88 8, 100 13, 88 13, 157 7, 187 8, 153 6, 97 8, 124 5, 105 12.5429
KT631BF 18 24 21193 174 12, 114 13, 153 8, 103 14, 186 15, 146 9.43836
FH946KY 14 21 21200.9 168 12, 132 9, 137 7, 159 9, 105 5, 190 9, 135 6, 134 7, 159 7.05031
XR466CS 13 20 21206.6 164 9, 182 14, 185 12, 156 10, 134 5, 165 13, 114 4.74561
EL335PR 20 22 21216.4 186 8, 82 6, 86 12, 106 1.75472
LH518VS 14 19 21219.1 121 15, 173 7, 93 6, 147 12, 161 4.64596
HY491ND 16 20 21223.6 128 8, 137 12, 100 11, 108 14, 95 4.98947
AW544RW 20 29 21228.1 125 11, 126 13, 154 6, 80 7, 92 11, 108 10, 136 8, 117 14, 146 13, 179 11, 189 9.96825
SL063ED 1 25 21235.6 156 6, 86 13, 168 11, 163 15, 186 10, 108 8, 104 14, 123 11, 188 12, 112 15, 105 12, 183 10, 135 14, 109 8, 125 13, 142 9, 163 7, 114 12, 143 7, 82 10, 126 5, 152 14, 190 15, 141 15, 173 9.57225
NR916PC 10 14 21239.9 147 9, 103 8, 174 12, 124 11.5242
RG471SN 2 3 21240.5 182 9, 138 6.17391
MM977HW 20 23 21245.7 152 15, 128 8, 81 5, 119 6, 190 5.14211
WW689YP 27 28 21252.5 145 4.01379
XW326LP 24 28 21258.8 114 6, 99 9, 115 14, 151 10, 176 12.1193
JR016ZV 18 20 21262.9 104 13, 189 8.43386
AY352NC 1 13 21271.8 145 7, 110 14, 122 9, 130 9, 181 11, 180 8, 185 14, 159 14, 92 15, 171 12, 189 5.48148
PH261HW 8 19 21279.5 133 6, 123 10, 88 8, 170 10, 124 7, 124 6, 84 5, 189 10, 176 8, 174 6, 164 11, 92 5, 103 9, 153 3.37908
HX299FY 5 7 21286.3 88 6, 141 15, 187 7.36364
GK759JZ 3 9 21292.9 137 13, 95 5, 154 15, 81 8, 121 14, 99 5, 143 9, 184 4.42391
FP078VT 9 15 21302.3 164 7, 147 13, 112 5, 139 10, 108 10, 182 7, 167 6.42515
ES093PC 9 26 21308.9 135 10, 85 7, 170 15, 163 15, 126 9, 185 15, 151 10, 83 11, 188 13, 112 14, 94 12, 177 15, 154 10, 138 7, 91 11, 98 6, 109 15, 134 7.82836
RA550HL 7 26 21316.4 157 12, 111 15, 154 10, 132 13, 94 10, 132 7, 106 13, 107 6, 90 13, 172 14, 177 11, 182 5, 112 6, 159 9, 127 10, 87 9, 174 15, 172 5, 120 15, 134 12, 109 15, 105 7, 188 2.39362
FL400YK 11 18 21324 83 12, 104 5, 181 9, 155 15, 126 6, 132 12, 95 14, 176 5, 88 3.95455
PR892XY 7 9 21327 125 15, 157 8.00637
HN976AD 24 25 21335.7 156 11, 162 2.51852
BT820BW 24 27 21343.3 186 8, 128 8, 112 14, 119 7, 143 9.32168
YR241WT 4 18 21353.3 122 15, 186 10, 130 5, 141 15, 143 9, 96 5, 124 13, 123 6, 123 13, 107 15, 132 14, 105 5, 189 13, 89 6, 151 11, 118 0.923729
GB529EA 3 12 21354.2 113 6, 166 11, 174 9, 171 6, 163 12, 142 7, 89 9, 112 8, 102 6, 80 8, 132 10, 129 4.53488
AV551TM 10 20 21358.9 128 12, 167 11, 97 12, 177 6, 107 15, 93 15, 176 9, 147 7, 175 8, 120 8, 165 2.76364
NB570GH 20 22 21366.1 121 9, 190 9, 98 4.07143
SX128DM 5 22 21375 136 5, 129 5, 120 14, 181 5, 167 10, 184 13, 125 13, 148 10, 187 9, 135 12, 109 5, 155 15, 143 13, 184 8, 102 8, 146 7, 153 8, 139 12, 115 5, 142 2.39437
LJ017LH 6 10 21379.2 140 11, 109 13, 114 14, 98 5, 126 7.78571
TD772GM 5 10 21387.6 166 12, 111 15, 139 6, 161 7, 136 5, 90 6, 104 9, 174 7.04598
HV349DD 6 21 21392 108 15, 173 13, 118 9, 110 13, 143 15, 84 13, 110 11, 103 10, 163 13, 101 12, 132 11, 155 7, 136 9, 101 12, 110 15, 148 4.01351
DB978MG 23 29 21397.7 91 12, 159 12, 138 12, 96 6, 104 7, 130 10, 159 11, 98 6.70408
XF614BK 8 18 21399.3 113 10, 154 15, 134 7, 186 5, 151 11, 105 14, 146 8, 127 14, 183 8, 153 6.45098
TL807JT 19 27 21400.7 152 12, 164 14, 95 14, 156 6, 134 5, 153 5, 160 14, 129 15, 167 5, 151 11, 94 13, 166 1.55422
RR324EY 2 17 21402.3 126 14, 100 14, 166 8, 120 7, 188 6, 81 8, 89 13, 180 15, 166 10, 97 14, 187 12, 81 6, 133 15, 104 9, 180 9, 157 6, 121 7.04132
FV359VV 28 29 21403.9 158 4.93671
RK170PM 8 20 21409.1 105 15, 93 8, 82 6, 147 5, 97 13, 145 7, 179 7, 88 15, 164 9, 168 12, 185 15, 94 7, 98 7, 133 5.83459
LE328SN 5 10 21418.6 187 12, 134 5, 136 6, 112 8, 170 12, 167 8, 175 5.70286
SC603HJ 6 10 21425.1 158 13, 166 7, 133 6, 125 5, 88 8, 164 4.15244
SY645VA 22 25 21434.8 159 15, 99 8, 106 12, 138 11, 135 3.08889
MC215ZN 3 16 21435.4 140 6, 185 7, 131 14, 150 10, 100 10, 160 6, 148 14, 93 9, 178 12, 96 5, 88 6, 180 6, 186 9, 87 12, 179 7, 125 8.744
SF357EB 18 19 21443.4 151 4.49007
SZ070XL 3 16 21452.6 172 6, 128 9, 185 8, 82 7, 114 9, 187 14, 165 7, 155 10, 189 9, 113 13, 146 11, 112 7, 190 8, 125 10, 113 6.27434
PE467XR 27 28 21461.4 97 6
FD297KA 9 19 21467.6 82 15, 124 12, 89 7, 149 8, 129 14, 131 10, 111 6, 135 5, 118 11, 168 8, 141 8, 149 5.69128
WK555TV 23 27 21472.2 82 11, 128 12, 150 13, 135 14, 160 12, 108 0.981481
RH567HV 19 22 21481.3 111 5, 100 11, 154 12, 156 6, 83 8, 121 3
LP245WC 3 20 21485.4 128 14, 114 10, 187 5, 185 13, 140 9, 143 11, 170 13, 107 8, 162 15, 80 12, 115 10, 163 10, 180 10, 153 10, 89 8, 151 5, 106 5, 141 12.1418
DL758JY 9 15 21489.1 171 15, 96 13, 163 14, 182 9, 133 5.28571
SR571CD 9 16 21497.8 147 7, 164 9, 112 9, 166 9, 143 12, 85 15, 104 5, 85 5, 129 9.13953
BM335YZ 1 8 21500.1 113 6, 156 15, 104 11, 171 13, 174 6, 131 10, 121 12, 122 12, 133 1.96241
DB182FR 15 29 21501.7 136 15, 154 13, 173 9, 156 11, 144 8, 145 5, 186 8, 143 13, 166 14, 150 14, 131 13, 110 12, 115 12, 156 7.30769
GT821YW 17 19 21504.6 95 7, 158 11.8924
HZ830AP 28 29 21510.2 177 4.40678
YV099PV 5 28 21512.7 169 13, 187 7, 184 10, 123 14, 80 14, 133 7, 115 6, 166 13, 124 13, 173 11, 104 12, 93 7, 134 15, 80 15, 114 11, 126 5, 118 12, 123 14, 183 13, 124 8, 97 9, 125 6, 149 6, 111 15, 161 13, 180 10, 107 2.38318
TB633GG 23 27 21516.6 100 15, 112 6, 133 7, 141 8, 106 11, 84 11, 99 5, 150 8, 107 2.69159
PT807DJ 15 27 21520.3 91 14, 115 14, 103 6, 101 11, 142 10, 130 13, 184 15, 96 13, 104 9, 103 8, 87 9, 161 14, 82 13, 142 5, 101 7, 179 10, 169 2.02959
RB929DR 4 18 21528.5 82 12, 159 9, 156 9, 189 12, 116 10, 143 10, 144 8, 83 13, 142 6, 180 10, 166 14, 123 8, 122 13, 139 8, 168 8
MK730VB 15 22 21536.8 168 14, 181 6, 83 7, 89 6, 89 13, 161 8, 169 14, 184 6.92391
PE699EH 17 29 21538 159 7, 154 11, 89 5, 152 6, 85 8, 174 13, 113 6, 121 8, 160 11, 149 12, 187 9, 118 11, 189 10, 185 12, 95 5.12632
MB798YP 8 27 21547.6 135 12, 159 14, 114 14, 150 11, 153 12, 152 5, 130 12, 93 12, 165 9, 111 12, 176 6, 158 12, 84 8, 133 15, 164 11, 104 11, 170 10, 142 9, 186 11, 181 7, 97 4.60825
NR054YD 2 24 21551.7 142 13, 131 6, 172 15, 145 12, 99 6, 129 12, 143 8, 114 12, 160 8, 88 9, 171 7, 173 15, 87 7, 160 12, 159 15, 160 12, 188 10, 159 8, 162 8, 136 14, 133 7, 174 6, 163 11, 95 9.51579
CB594ES 22 28 21556 161 10, 89 15, 186 11, 97 13, 119 10, 140 8, 183 13.8033
AX059BB 24 28 21565.6 134 9, 93 9, 107 10, 90 5, 141 11, 163 10.5153
NS715RW 18 20 21568 154 8, 184 8, 161 1.50311
NX048VZ 21 23 21575.1 132 11, 164 9.84146
MX584GP 5 27 21577.8 180 14, 99 6, 115 12, 172 7, 115 15, 181 8, 116 8, 110 6, 119 11, 136 6, 115 11, 84 9, 130 14, 131 7, 87 13, 179 7, 186 11, 167 15, 180 7, 81 10, 104 11, 107 10, 176 7, 92 10, 174 11, 188 7, 83 5, 131 12, 154 5.20779
PB410CL 11 20 21578.8 157 7, 121 11, 126 12, 89 9, 107 9, 148 9, 173 8, 84 15, 115 8, 97 7, 148 13.7365
RW671LR 21 25 21583.6 185 10, 88 15, 169 12, 151 8, 134 6.28358
SH621RD 22 28 21591.9 172 9, 120 11, 98 14, 124 13, 115 8, 141 10, 159 7, 111 10, 162 4.21605
VC114CF 18 26 21601.2 153 6, 131 8, 111 14, 104 12, 85 5, 185 9, 178 12, 188 10, 88 15, 100 13, 189 7.52381
CB579LJ 8 11 21603.2 91 6, 109 12, 94 11, 104 5.57692
HF882JS 27 28 21609.2 170 3.42353
TD426XS 13 24 21614.3 173 10, 132 10, 95 5, 100 14, 102 10, 124 5, 97 11, 141 9, 183 13, 113 9, 126 5, 102 9, 140 10, 130 15, 155 9.18065
XN253FJ 23 27 21623.2 127 12, 163 8, 127 14, 91 6, 132 6, 175 6, 175 7.48571
NP546DY 20 24 21625.9 101 13, 150 14, 162 13, 153 12.6732
BN356JZ 18 23 21630.6 150 13, 106 10, 90 14, 85 6, 135 9, 184 12.7772
TC679YE 24 27 21639.2 123 13, 138 11, 112 11, 128 13, 161 1.4472
RV702TJ 21 29 21645.8 142 7, 180 12, 153 14, 155 13, 152 6, 150 10, 166 5, 100 7, 85 12, 104 4.41346
JK257WG 12 18 21649.9 162 9, 144 5, 182 14, 81 15, 154 5, 140 7, 153 8, 113 5.47788
LS546GJ 26 29 21658.8 161 9, 131 12.5725
RM943YX 8 15 21661.9 90 10, 128 12, 107 15, 119 7, 162 6, 120 8, 122 14, 147 5.63265
TE732XX 28 29 21666.5 179 4.35754
CM931MZ 25 29 21668.7 118 8, 83 7, 173 7, 180 11, 108 7.11111
LB166MM 22 27 21672.9 118 15, 135 13, 175 6, 146 12, 87 12, 150 7, 160 10, 120 4.04167
NH051EL 12 27 21679.2 132 14, 177 7, 171 7, 107 9, 80 11, 168 9, 142 6, 157 9, 131 9, 117 11, 111 5, 164 11, 148 15, 103 9, 136 14, 87 14, 155 14, 179 15, 161 2.0559
LZ222SY 20 21 21679.9 137 14, 176 2.36364
ZT487WB 5 15 21689.2 170 14, 163 12, 143 9, 121 8, 159 9, 85 12, 136 9, 101 10, 115 14, 110 14, 107 10.8598
BS663HS 2 17 21695.7 111 9, 143 8, 138 15, 120 15, 105 9, 96 10, 126 12, 113 12, 162 10, 128 5, 168 9, 189 13, 88 13, 145 7, 107 11, 112 15, 83 9, 131 2.1374
PV535CS 17 22 21696.2 84 15, 130 11, 183 8, 156 13, 186 8, 146 2.32877
SK942FS 1 8 21699.5 113 12, 80 15, 123 6, 81 10, 119 8, 136 8, 117 9, 93 11, 91 11, 91 14, 113 10, 113 2.57522
HD503NF 19 22 21703.5 102 8, 161 8, 181 11, 88 6, 146 5.77397
PV519PG 4 23 21704.8 100 10, 105 9, 168 15, 142 9, 177 7, 114 12, 134 7, 118 6, 180 13, 88 10, 106 7, 129 11, 181 10, 121 11, 113 7, 163 11, 104 7, 185 6, 176 13, 144 11, 180 13.5778
VK830HL 21 24 21711.9 188 6, 188 13, 185 8.38919
VV431LD 1 28 21718.1 165 6, 164 6, 141 12, 174 6, 91 12, 170 7, 178 8, 114 6, 101 11, 175 15, 162 11, 80 10, 97 12, 174 10, 136 5, 133 12, 113 9, 106 15, 136 10, 139 13, 101 11, 184 8, 146 11, 84 10, 156 7, 135 11, 187 7, 93 13, 101 7, 85 15, 181 6, 124 12, 109 7, 180 5, 106 2.53774
RP981PJ 21 26 21721.4 156 5, 139 13, 138 14, 168 12, 80 7, 169 11, 164 4.15854
RL384ZW 6 25 21725.8 127 8, 177 8, 108 5, 82 7, 84 6, 104 13, 186 13, 81 15, 174 14, 171 7, 134 8, 166 11, 177 10, 153 14, 140 5, 111 6, 112 15, 93 15, 109 9, 181 10, 126 14, 107 10.8411
AS172CF 5 27 21734.8 115 9, 156 7, 136 9, 127 6, 132 15, 99 7, 131 5, 187 9, 140 14, 139 12, 159 13, 177 10, 82 12, 123 5, 85 14, 107 8, 135 12, 128 12, 111 6, 180 15, 166 7, 101 14, 81 14, 83 12, 144 13, 179 12, 99 12.6263
DT726BY 7 22 21744 138 14, 131 14, 151 10, 147 10, 185 15, 112 9, 151 13, 103 5, 161 11, 88 11, 164 11, 151 5, 159 7, 145 9, 140 10.5929
CH017XH 7 13 21747.3 144 5, 84 15, 89 15, 149 8, 140 12, 84 13, 176 3.23295
BG713FL 24 25 21752.4 143 6, 84 8, 171 3.47368
GR738YY 6 18 21762.2 97 7, 145 9, 159 11, 167 5, 136 7, 99 8, 159 10, 109 12, 92 13, 145 5, 86 12, 163 9, 100 7, 179 8, 154 8.72727
VW557BC 23 25 21767.9 111 6, 163 7, 115 11, 84 7, 115 4.53913
BK558YZ 15 21 21770.1 144 11, 127 10, 94 5, 186 15, 141 5, 106 7, 145 14, 160 1.14375
DH453PN 21 27 21776.4 135 15, 156 15, 147 12, 132 13, 148 6, 117 12, 181 6.81215
XS445HB 14 27 21778.1 128 15, 168 15, 103 10, 97 9, 85 15, 106 10, 127 14, 168 8, 187 13, 105 14, 181 13, 151 6, 185 8, 119 13.6807
VM697CW 18 23 21781 99 10, 106 11, 123 10, 174 8, 149 9, 122 5, 177 9.13559
PG929KP 1 6 21786.9 91 8, 90 12, 109 14, 171 13, 85 5, 110 9, 159 10.5283
NR267DJ 16 23 21793 164 5, 149 14, 101 11, 162 12, 167 6, 151 13, 128 11, 115 7.13043
BM417EF 23 27 21795 114 8, 89 15, 182 6, 109 10, 177 10, 85 14, 80 9, 135 1.44444
NY546AY 17 28 21803.4 189 7, 82 15, 137 12, 161 15, 95 13, 100 10, 132 8, 170 9, 137 12, 183 7, 92 7, 96 13, 112 12, 174 8, 170 0.658824
FL700GT 22 24 21805.3 94 10, 120 11, 103 6, 188 7.35106
LT970GB 26 29 21806 161 5, 175 6, 161 7.70807
JX712MM 21 22 21813.1 92 9.3913
LS203KW 6 29 21817.9 182 10, 145 11, 120 10, 141 12, 95 11, 82 11, 130 8, 187 13, 98 15, 94 8, 158 13, 119 13, 150 15, 121 5, 135 6, 101 7, 129 6, 104 13, 173 13, 91 9, 83 13, 155 10, 110 12, 148 8, 151 7, 129 8, 85 9.2
YF199YL 5 26 21824.6 97 14, 167 14, 156 8, 117 5, 122 9, 152 15, 96 15, 158 6, 85 8, 109 15, 154 12, 177 13, 124 11, 158 10, 172 9, 117 13, 187 14, 155 10, 170 13, 89 10, 81 13, 112 11, 126 13.2778
CB685EK 28 29 21827.4 103 5, 88 3.01136
ZD072ZM 12 19 21837 82 10, 187 9, 186 13, 85 10, 123 5, 173 12, 174 8, 96 3.72917
DR834FS 7 15 21837.9 175 5, 95 6, 107 5, 86 15, 137 6, 110 15, 107 5, 154 14, 93 7, 159 12, 167 3.4491
ZC747JC 26 27 21846 177 9.79661
EA922KT 12 21 21850 104 10, 96 5, 101 15, 174 14, 108 8, 157 5, 94 8, 157 15, 131 12, 181 7, 179 7, 176 2.8125
LN051BY 26 28 21852.4 102 10, 177 7.32203
XN501WK 28 29 21857.5 110 7.09091
AM919RJ 7 14 21861.5 164 6, 121 9, 182 11, 155 13, 147 9, 145 13, 179 7.51955
MP913NM 25 27 21866 111 11, 156 7, 114 9, 153 5, 129 0.139535
LC540TJ 2 15 21869.3 174 11, 163 10, 190 13, 161 11, 99 9, 123 10, 123 11, 123 9, 156 15, 131 15, 104 15, 87 15, 80 5, 139 3.55396
VZ911EK 25 29 21877 112 14, 135 14, 147 13.7823
MG701AC 13 19 21879.2 144 10, 84 9, 89 7, 188 5, 162 9, 173 5, 123 7, 179 6, 152 5.75658
LN770DP 5 20 21887.9 113 12, 98 15, 126 7, 182 11, 82 6, 115 13, 183 6, 81 10, 98 10, 85 9, 92 11, 179 8, 124 9, 167 15, 127 8, 113 11, 136 11, 174 10.6782
HZ813RN 11 16 21893.5 179 14, 145 7, 99 14, 168 11, 141 5.70922
GT403BR 10 18 21902.4 84 9, 181 13, 139 10, 129 15, 189 13, 147 5, 136 7, 155 3.25161
MS071CT 25 29 21903.3 104 11, 185 7, 92 12, 154 12.6039
WK104RR 16 25 21912.5 91 10, 114 8, 141 13, 143 12, 162 9, 129 8, 127 9, 117 8, 112 6, 104 14, 176 7, 130 14, 137 1.57664
XK998RN 15 22 21916.7 158 11, 171 6, 103 10, 101 15, 151 11, 158 13, 179 9.01676
YG545JE 17 23 21919.1 118 10, 176 12, 189 5, 95 6, 189 8, 144 13, 140 12, 167 2.04192
NZ030SF 12 21 21922.5 183 14, 136 5, 127 13, 142 9, 181 12, 180 12, 187 6, 190 6, 179 7, 131 5, 171 0.824561
ZE171TK 2 6 21926.7 110 5, 190 14, 88 12, 125 7, 129 11, 175 7.18857
SE637XN 5 9 21929.2 179 11, 121 12, 93 14, 186 9, 179 4.21788
HW052SX 10 18 21933.5 82 7, 133 6, 144 15, 150 8, 157 7, 180 6, 135 11, 180 9, 162 6, 136 0.691176
FT496LZ 8 11 21939.4 100 12, 80 14, 140 6, 178 1.73034
YP587AF 24 29 21943.5 151 7, 147 12, 166 9, 112 12, 163 11.9571
PJ934LR 12 27 21947.8 167 7, 173 15, 179 6, 154 5, 187 6, 181 8, 152 5, 80 15, 153 12, 172 7, 151 13, 136 7, 152 14, 125 8, 140 9, 155 14, 105 10, 94 15, 169 6.34911
ZR376JC 2 4 21954.4 118 6, 142 6, 139 13, 127 5.09449
VK013ZJ 19 29 21959.6 92 15, 126 9, 114 8, 149 11, 144 11, 158 12, 124 7, 80 15, 163 6, 139 10, 130 5, 123 6, 132 7, 123 12, 124 4.55645
VG082JE 9 24 21960.2 83 10, 140 9, 126 10, 83 9, 163 15, 186 8, 88 10, 102 7, 165 12, 96 5, 184 13, 147 11, 83 15, 168 8, 111 15, 155 12, 163 6.91411
GF122AV 14 15 21963.5 100 9.24
XF577VR 24 28 21967.2 110 8, 131 15, 165 6, 81 6, 97 8, 140 9, 136 3.46324
PK419JX 24 25 21971.4 128 12, 109 5.3945
SA694GL 27 29 21979 90 9, 177 3.11864
YA030GG 4 13 21985.8 82 6, 160 15, 89 11, 104 7, 151 7, 171 9, 141 11, 107 7, 120 15, 91 13, 102 2.13725
LM062YD 1 15 21995.8 176 6, 188 14, 130 9, 137 6, 184 8, 114 7, 150 14, 126 10, 126 7, 175 9, 170 8, 142 10, 132 14, 88 7, 190 7, 167 5.49102
LZ517ED 6 27 22001.4 86 5, 148 13, 163 12, 88 5, 167 15, 149 15, 130 7, 175 8, 92 6, 189 14, 133 11, 174 12, 91 13, 120 11, 123 10, 86 12, 148 5, 113 8, 142 12, 129 11, 185 15, 145 6, 128 14, 99 2.40404
KM804PC 9 19 22005.9 124 15, 96 14, 130 6, 144 12, 132 9, 95 11, 115 14, 150 8, 131 11, 102 6, 84 9.52381
JJ008NC 24 29 22014.4 115 14, 147 11, 152 6, 185 13, 102 9, 81 1.80247
DH710CJ 21 25 22019.4 173 13, 137 7, 82 5, 181 7, 125 6, 127 9, 93 5.05376
BT824WP 20 27 22023.4 129 7, 120 6, 175 6, 131 10, 118 13, 150 11, 122 8, 123 11, 82 9, 153 7, 154 9, 160 6.33125
CC668MX 26 27 22030.5 175 9.90857
CJ777FF 3 28 22035.9 164 5, 118 12, 165 8, 84 8, 188 14, 178 14, 96 5, 185 7, 134 12, 101 12, 122 8, 133 13, 123 9, 172 9, 185 11, 134 13, 167 7, 188 15, 95 7, 176 13, 105 14, 147 7, 180 7, 175 11, 143 13, 107 15, 128 3.84375
NJ759BX 24 26 22040.2 112 13, 164 8, 98 15, 125 2.192
JM429ZA 26 29 22046.8 131 14, 185 5, 127 2.65354
HR334RD 20 24 22051.6 93 7, 89 15, 140 15, 161 7, 167 12, 179 1.34637
YV563AL 9 24 22055.4 185 14, 95 12, 95 15, 148 10, 108 13, 163 6, 164 5, 164 15, 146 8, 190 8, 116 14, 98 6, 107 13, 83 12, 92 6, 162 9, 83 8, 108 5, 82 6.53659
ET082XF 9 22 22058.3 149 11, 116 14, 135 5, 126 9, 157 15, 145 7, 182 12, 149 13, 101 13, 126 12, 129 12, 92 11, 142 6, 190 1.44211
FT996KV 28 29 22060.1 178 4.38202
VC166CF 20 27 22065.4 176 5, 100 7, 141 12, 118 7, 177 6, 146 13, 179 12, 131 15, 185 9, 116 6, 185 0.92973
MD161VS 6 24 22074.7 89 11, 106 10, 129 11, 162 8, 143 9, 160 7, 186 11, 86 8, 143 8, 188 11, 83 6, 140 11, 82 7, 104 9, 173 9, 141 11, 139 7, 170 11, 147 8, 160 15, 153 8.67974
CG178NE 12 20 22075.8 184 11, 103 6, 128 15, 89 5, 96 6, 98 13, 97 12, 189 11, 133 11, 134 6.84328
RG741BM 14 21 22082.5 128 7, 96 11, 179 5, 80 6, 151 10, 109 13, 131 7, 88 7, 104 11, 118 9, 90 7.83333
MM003JR 10 26 22085.9 101 10, 139 14, 164 15, 143 5, 174 5, 131 9, 127 11, 132 7, 103 13, 134 15, 141 10, 153 8, 84 5, 137 9, 182 5, 111 5, 174 5, 147 11, 163 11, 126 5, 87 9, 153 4.59477
EB726XS 26 27 22088.1 83 12, 179 4.12291
GN921KN 20 27 22094 154 9, 176 14, 132 12, 170 10, 158 5, 109 8, 123 8, 158 12, 150 13.52
FN074MP 11 15 22098.7 170 8, 142 6, 137 7, 175 8, 180 7.23889
HM154NT 5 12 22106.7 112 5, 167 12, 186 12, 176 15, 175 12, 116 8.72414
NP683BW 24 29 22115.7 169 11, 154 11, 98 12, 84 7, 146 8, 132 8.50758
GH828VZ 28 29 22119.7 93 8.3871
CK778NZ 20 29 22120.4 83 12, 135 13, 123 10, 105 12, 186 15, 114 15, 160 9, 145 11, 122 13, 97 7.25773
MA548FG 2 17 22127.2 174 7, 100 9, 126 7, 150 11, 172 15, 164 7, 125 9, 94 11, 169 11, 190 13, 81 7, 164 10, 123 11, 89 12, 181 5, 128 11, 86 5, 89 9.22472
SD977NJ 16 18 22131.7 138 6, 82 11, 110 9.8
CM488GV 23 29 22141 158 7, 164 10, 159 6, 151 9, 155 11, 130 5, 107 11, 162 5, 164 1.61585
WZ750XX 24 27 22144.3 94 15, 90 11, 171 11, 110 11, 138 5.47101
LE898EH 21 29 22150.4 137 15, 178 10, 136 11, 169 15, 157 5, 142 8, 110 12, 135 10, 123 2.23577
YF588AF 12 15 22156.4 127 15, 146 6, 134 12, 169 3.85207
BX153HY 19 22 22164.1 127 15, 171 8, 115 14, 153 3.81046
RH596AN 12 14 22165.9 172 8, 178 11, 151 5.17881
MY251PX 20 24 22173.1 163 13, 168 12, 185 7, 119 10, 177 4.73446
VT075YL 25 29 22174.4 147 12, 170 8, 88 11, 156 8.92308
ZN610HN 19 26 22180 170 8, 99 15, 130 15, 169 10, 82 11, 127 10, 117 10, 109 15, 127 12, 81 12, 146 1.91781
KT551BR 14 25 22185.5 158 5, 106 15, 84 9, 124 11, 189 14, 109 6, 100 11, 155 15, 150 11, 127 5, 182 7, 117 7, 110 5, 125 13, 114 1.47368
FE468SG 26 29 22186.5 99 12, 85 11, 118 8.24576
RR226JD 22 29 22192.8 112 15, 113 11, 100 11, 114 13, 187 9, 171 15, 102 7, 127 11, 111 0.036036
JR807AR 4 29 22202.3 164 12, 178 15, 142 14, 157 8, 176 9, 171 13, 90 6, 120 6, 101 10, 189 7, 167 12, 105 5, 81 7, 82 13, 157 10, 190 6, 92 10, 171 7, 190 11, 166 14, 93 10, 171 13, 98 12, 139 7, 173 10, 129 12, 127 6, 170 5.26471
MC448NH 25 26 22211.9 117 7, 159 9.86792
BY536TR 26 29 22214.4 138 7, 137 8, 118 8.76271
XC703PG 10 12 22221.9 87 5, 175 6.36
XB958GF 17 19 22231.8 109 8, 150 11.1467
JL724CC 1 23 22240.5 188 13, 97 14, 109 10, 154 7, 184 14, 155 12, 165 11, 163 8, 101 8, 85 8, 188 11, 186 15, 159 8, 88 15, 97 6, 183 15, 176 12, 125 9, 99 10, 108 7, 172 11, 97 13, 162 1.06173
HG077JS 27 28 22246 100 5, 159 0.515723
BW904FB 12 22 22250.6 183 5, 170 8, 87 9, 138 9, 172 13, 150 15, 92 15, 124 7, 173 5, 101 5, 83 14, 86 8, 114 12.4912
XB400ZG 27 28 22258.4 96 6.0625
ZG421VZ 21 25 22262.4 81 13, 143 5, 132 12, 161 9, 170 11, 100 5.77
LT242VJ 14 25 22267.6 97 6, 156 12, 166 8, 189 15, 108 8, 156 15, 152 12, 116 7, 85 14, 99 11, 82 12, 104 5, 107 5, 170 6.88824
WG139NN 16 19 22270.8 116 7, 100 7, 143 8, 117 6, 91 1.40659
EC961NJ 9 15 22273.7 90 9, 127 7, 86 15, 110 8, 122 14, 153 15, 163 3.46012
DP377ZP 24 29 22282.2 138 5, 129 11, 128 6, 115 14, 125 10, 131 11, 99 4.34343
SB537VT 11 26 22289.7 138 12, 120 9, 140 13, 179 8, 113 5, 97 11, 174 12, 126 5, 83 8, 161 5, 97 11, 133 11, 167 12, 137 7, 183 13, 91 15, 138 12, 110 9, 164 7, 118 3.77966
FX259MR 1 2 22296 84 8, 90 1.73333
FC800AH 17 24 22299.7 123 14, 161 8, 141 7, 129 5, 126 11, 181 13, 146 7, 110 11, 99 12, 148 3.16892
PA699CR 24 25 22306.5 124 8, 164 6.90244
DT626XB 15 16 22316.3 132 8, 188 3.35106
JJ774FZ 26 29 22324.2 105 5, 189 13, 87 1.31034
KY038RT 11 17 22334.2 165 12, 170 8, 168 14, 184 14, 86 2.72093
RT890XG 5 21 22342.1 187 7, 128 10, 84 7, 138 15, 158 15, 134 9, 111 12, 155 14, 130 7, 139 6, 137 11, 166 15, 104 11, 174 14, 94 15, 115 14, 150 4.64
EY116HX 10 16 22347.1 150 9, 137 7, 138 12, 96 5, 129 13, 100 8, 142 9.52113
TC126CD 14 18 22354.7 155 8, 140 8, 189 5, 104 5, 154 10.3442
HY211GM 12 15 22358.6 127 13, 180 11, 109 9, 173 2.47399
SS078NY 24 28 22360.7 96 13, 87 8, 132 11, 151 8, 104 10, 186 6.36559
AL387JK 4 23 22364 182 9, 190 5, 102 5, 189 12, 190 8, 177 11, 160 8, 85 8, 116 15, 83 5, 184 8, 119 10, 103 10, 172 11, 154 13, 105 8, 106 10, 140 10, 136 6, 136 13, 93 8, 133 12, 122 4.08197
LE202EG 26 27 22369.6 83 14, 98 5.83673
HX173PM 16 24 22374.1 123 7, 153 5, 83 12, 123 9, 147 15, 149 14, 167 6, 183 14, 145 11.2276
RD977ED 22 28 22376.9 164 6, 107 13, 91 11, 96 11, 84 13, 181 12, 144 7, 105 12, 83 10, 156 1.88462
BR921AS 7 15 22378.1 149 8, 163 10, 173 13, 158 11, 88 13, 107 13, 167 13.3174
TF568EK 9 18 22386.4 163 13, 103 13, 81 8, 105 9, 136 13, 102 8, 104 9, 160 11, 150 5, 169 9, 81 4.04938
WN237FH 20 23 22392.5 176 9, 88 15, 84 5, 112 8, 166 7.10843
EZ792MD 24 27 22395.9 108 11, 127 11, 119 10, 124 11, 125 8.856
AA665RM 15 16 22401.5 152 6, 123 6.29268
HW603GA 10 23 22410.9 114 14, 83 15, 117 7, 116 8, 88 8, 137 8, 159 7, 151 15, 89 5, 96 8, 155 10, 80 15, 108 13, 171 12, 163 13, 139 0.892086
KW291HP 16 22 22415.2 179 5, 96 9, 172 14, 112 14, 135 13, 131 10, 103 1.47573
ZG367DK 8 9 22417.7 169 5.36095
VN924WL 24 29 22426.9 181 11, 139 8, 99 9, 101 12, 146 9, 166 6.55422
JV118FR 11 23 22434.9 150 11, 88 9, 188 6, 134 5, 160 6, 154 5, 180 15, 90 14, 160 5, 103 7, 174 9, 183 13, 123 5, 141 15, 126 4.66667
SV973AA 7 8 22441.4 134 11, 111 6.77477
BS797MS 4 27 22444.5 177 11, 141 13, 105 14, 111 15, 183 6, 147 8, 153 14, 130 15, 137 12, 169 8, 143 13, 120 9, 178 9, 90 8, 188 10, 176 7, 184 11, 151 11, 145 10, 138 15, 155 5, 121 14, 172 5, 182 8, 111 5, 164 2.22561
CG218CV 8 25 22448.2 172 10, 156 11, 107 7, 136 15, 126 7, 160 13, 129 11, 168 10, 183 13, 166 15, 86 8, 98 10, 164 5, 118 6, 90 6, 168 10, 84 5, 117 9, 97 5, 85 10, 175 5.62857
MX362EL 15 24 22458.2 101 7, 84 11, 120 9, 88 15, 175 8, 188 7, 153 13, 92 7, 82 9, 116 14, 148 10, 190 8.82105
AG000XE 10 13 22464.1 180 8, 103 10, 182 2.18681
LB428DN 19 28 22467.5 175 14, 105 6, 114 14, 105 15, 81 9, 118 6, 122 6, 153 9, 91 5, 167 12, 186 6, 159 14, 123 7.77236
JP033HG 24 28 22474.9 91 11, 102 7, 150 11, 169 8, 83 5, 95 6, 102 11.0392
CN180GJ 27 28 22479.3 121 4.80992
AZ668KY 14 21 22488.2 128 9, 124 6, 139 10, 126 15, 190 14, 185 12, 80 8.025
ZE439AY 17 21 22495.2 135 15, 128 14, 167 12, 163 8, 137 0.153285
GT942GM 14 20 22502.9 155 6, 92 15, 105 15, 142 11, 148 6, 179 5, 88 12.8864
SF814EF 19 21 22507.2 91 7, 96 11, 140 10, 183 8.2459
WS891BM 28 29 22509.9 120 5, 93 1.93548
MD872PM 25 28 22517.4 115 5, 142 11, 170 14, 95 1.96842
LW739EN 2 26 22523.9 181 8, 183 14, 128 5, 182 6, 162 6, 155 13, 129 11, 134 7, 180 13, 101 10, 173 10, 80 5, 86 15, 127 8, 181 6, 186 11, 100 15, 125 8, 93 12, 184 15, 159 11, 154 10, 108 12, 153 14, 137 15, 101 7, 89 10, 125 8, 148 0.547297
BL187VK 19 28 22530.2 153 15, 158 8, 111 14, 88 9, 182 11, 135 13, 188 7, 187 9, 120 6, 86 7, 142 13, 166 4.36747
JY584HF 14 21 22539.8 160 15, 143 10, 116 14, 168 6, 89 8, 109 9, 176 9, 97 9.8866
DF128YE 14 17 22543.7 105 10, 106 7, 134 13, 178 0.101124
CB085ZG 14 16 22553.1 136 14, 103 6.85437
RK377EP 11 25 22562.2 103 10, 114 9, 104 10, 93 8, 105 13, 103 7, 83 13, 169 14, 155 7, 111 9, 85 12, 167 8, 118 9, 85 8, 181 7, 188 6, 175 14, 118 15, 114 6.38596
VX149JE 11 16 22570.3 114 10, 128 8, 86 9, 148 11, 167 11, 180 6.42778
EN151CT 6 27 22576.7 135 11, 138 5, 180 11, 148 11, 126 11, 127 14, 85 12, 84 13, 83 13, 184 9, 180 7, 122 13, 107 9, 158 14, 183 10, 139 12, 171 11, 173 15, 109 10, 137 11, 188 11, 182 7.15385
KV190TX 9 27 22579.1 91 6, 111 14, 141 12, 176 9, 181 15, 147 14, 108 10, 101 13, 102 15, 117 5, 121 9, 103 8, 150 7, 152 9, 152 6, 118 6, 117 15, 179 10, 184 12, 140 12, 139 11, 91 0.10989
NX387TL 28 29 22586.7 104 6, 98 1.59184
GK710DX 23 28 22588.9 187 10, 134 14, 102 15, 169 13, 109 12.9633
HP046SK 20 25 22598.9 116 13, 94 11, 102 9, 132 7, 112 9, 103 11, 161 9, 134 12
AB135VT 25 26 22602.8 106 7, 167 9.85629
FA053MC 1 29 22612.8 186 9, 96 14, 121 6, 186 11, 184 13, 152 10, 119 5, 131 13, 182 8, 93 14, 164 9, 106 8, 147 13, 157 9, 113 6, 121 14, 125 9, 160 15, 172 10, 182 7, 91 14, 155 5, 132 11, 143 11, 147 9, 100 13, 99 14, 187 10, 154 10, 175 11.28
XB328MN 18 21 22621.4 105 15, 112 11, 157 13, 119 3.63025
HT872YD 23 26 22627.1 189 6, 171 9, 155 15, 136 5, 150 5.94667
NZ496ZV 10 12 22631.6 109 13, 146 0.89726
CS216AT 15 23 22636.8 108 7, 87 5, 138 12, 161 8, 187 12, 148 14, 150 9, 133 13, 136 9.63235
CC051BN 24 27 22645.8 83 12, 95 6, 99 9, 86 13, 101 7, 157 12.5096
EZ377XW 4 28 22648.5 117 13, 100 14, 150 8, 114 13, 149 15, 185 10, 91 11, 86 15, 153 13, 96 6, 141 11, 105 8, 103 5, 90 8, 110 7, 128 10, 143 8, 134 6, 190 11, 121 7, 127 13, 85 6, 99 11, 145 7, 185 8, 89 9, 141 8, 126 14, 81 13, 104 10, 172 7, 96 3.14583
BN009AR 22 27 22650.3 186 14, 111 10, 179 9, 166 14, 110 14, 190 5, 124 2.95968
AA589ZT 9 27 22654.9 121 13, 111 11, 89 5, 131 11, 109 14, 189 13, 95 12, 110 10, 176 5, 120 10, 161 14, 116 8, 113 13, 88 14, 114 7, 84 8, 189 12, 84 14, 172 14, 150 7, 82 11, 152 5, 131 5.19084
ND301KR 9 29 22661 139 6, 91 9, 158 15, 130 5, 93 8, 135 12, 141 11, 80 6, 135 15, 154 13, 154 7, 164 15, 84 5, 85 6, 100 15, 80 10, 137 6, 110 5, 150 14, 181 6, 142 11, 139 6, 109 12, 160 15, 144 2.89583
BR368GY 6 10 22668.4 137 7, 133 6, 143 12, 94 11, 162 7, 158 2.42405
GA220EK 4 27 22672.7 181 11, 86 15, 94 13, 153 15, 98 10, 153 10, 107 6, 103 10, 104 14, 178 10, 118 9, 84 15, 98 5, 169 14, 186 9, 153 15, 86 10, 117 8, 159 14, 161 10, 109 12, 132 13, 165 10, 80 12, 118 14, 117 8, 166 2.06627
BA369WL 7 18 22678.7 104 7, 94 8, 179 8, 129 14, 86 8, 177 10, 189 14, 182 8, 115 6, 147 10, 143 12, 101 8.9901
CG141ZZ 16 20 22686.5 99 7, 118 13, 158 12, 149 10.9463
SR274TC 2 27 22695.5 181 10, 150 11, 172 12, 123 13, 91 5, 86 7, 88 5, 188 9, 188 15, 129 5, 109 15, 184 8, 149 12, 166 7, 163 7, 166 12, 171 14, 125 10, 168 8, 156 6, 99 13, 114 15, 136 10, 96 11, 91 5, 126 6, 115 7, 116 7, 189 13, 123 7, 120 6, 81 4.98765
GW256MZ 27 28 22697.7 137 4.24818
XT622MM 9 23 22699.4 96 15, 115 5, 179 15, 160 9, 118 10, 178 8, 88 12, 89 9, 130 8, 90 13, 119 5, 185 13, 92 13, 114 14, 137 14, 159 4.74843
JC500NF 6 10 22700.4 125 12, 141 9, 143 13, 186 7.50538
PV086XS 28 29 22706 133 5.86466
KV460GR 21 29 22708.3 153 13, 81 14, 120 15, 178 13, 142 7, 106 15, 152 13, 162 5.7716
YD378ZT 14 29 22712.1 98 5, 183 7, 160 6, 167 14, 148 5, 187 8, 145 12, 96 14, 190 6, 125 9, 162 5, 110 9, 94 5, 176 5, 177 11, 89 5, 162 5, 91 12, 175 9, 90 15, 125 3.256
MR574FT 5 24 22713.6 165 9, 90 14, 186 13, 109 15, 184 6, 165 10, 114 14, 116 13, 87 15, 159 8, 97 9, 95 11, 128 6, 119 9, 99 9, 160 15, 143 13, 184 8, 112 12, 126 9, 150 15, 104 1.40385
LD507SY 19 27 22718.8 141 7, 101 9, 87 13, 137 15, 94 14, 138 8, 80 14, 128 5, 110 9, 109 11, 124 6, 110 6, 114 15, 144 7, 94 4.24468
WT301VP 26 27 22719.5 137 9, 129 3.88372
AW392ZM 4 23 22723.2 86 11, 190 11, 89 14, 93 15, 156 11, 82 9, 124 11, 178 10, 122 5, 167 7, 116 7, 162 10, 85 15, 126 14, 176 14, 83 7, 146 5, 103 5, 87 9, 169 12, 136 14, 132 13.0758
WG976CE 9 17 22729.6 135 11, 89 6, 138 9, 125 15, 184 9, 122 12, 112 10, 155 6, 105 5, 171 1.36257
GW602VS 28 29 22737.9 107 7, 166 0.186747
GV285GB 24 29 22744 188 11, 158 8, 90 7, 98 14, 168 12, 80 3.225
AZ943GW 17 28 22751.4 143 11, 173 8, 139 11, 96 12, 167 11, 85 5, 188 9, 157 10, 136 7, 103 14, 115 7, 153 12, 183 11, 110 8.07273
JD783WE 20 23 22752 155 12, 153 14, 182 7.68132
HP435LE 2 20 22755.8 108 6, 188 12, 163 8, 190 10, 114 9, 160 7, 175 10, 140 7, 87 9, 85 13, 126 8, 143 5, 152 7, 142 11, 136 7, 160 9, 85 6, 141 7, 166 13, 128 11, 139 8, 153 6, 89 6, 116 5.43103
XC837LF 9 28 22759.9 161 5, 110 14, 178 7, 129 12, 141 10, 82 15, 139 5, 171 8, 156 14, 130 13, 122 9, 103 9, 138 7, 182 9, 177 12, 87 12, 148 10, 92 5, 142 15, 151 11, 179 7, 187 5, 91 8.02198
PL375FF 14 29 22768.3 153 8, 137 12, 97 6, 83 7, 135 5, 146 6, 85 11, 112 8, 161 11, 161 11, 168 12, 175 11, 165 9, 135 13, 189 12, 155 8, 101 6, 157 7.51592
VM589JM 13 16 22771.6 108 6, 172 7, 88 7, 88 15, 162 9.98765
YS605NN 25 28 22775 149 5, 80 5, 142 5, 182 11, 164 5.16463
MD274SA 15 21 22780.8 180 10, 178 9, 178 6, 114 13, 165 15, 126 6, 88 6.71591
SL047FC 19 21 22785 133 13, 150 15, 116 5.37069
EZ441KK 3 11 22791.4 146 15, 163 10, 86 13, 99 14, 179 8, 108 11, 115 12, 109 12, 148 2.93243
KC331PA 11 28 22796.6 135 12, 114 13, 80 12, 188 5, 123 10, 161 10, 130 5, 162 9, 166 5, 179 11, 118 12, 165 14, 164 5, 115 15, 107 12, 86 14, 161 11, 169 9, 98 5, 87 6, 162 9, 157 2.10191
ZK219FL 16 23 22797.2 129 6, 114 5, 142 5, 147 7, 96 11, 103 8, 92 12, 178 11, 128 9, 99 13, 100 6.9
EP064KY 25 28 22805.8 93 11, 147 13, 189 7, 114 3.92105
SG669YN 25 28 22806.7 169 7, 183 9, 124 7, 131 7.67939
ZJ948AF 18 24 22810.7 125 14, 101 9, 160 10, 159 8, 87 10, 139 6, 165 6, 119 12, 136 5.52206
JV669TT 16 26 22818.2 161 14, 114 11, 161 8, 160 10, 149 14, 125 7, 164 12, 122 15, 177 10, 123 14, 135 7.97778
ED358XL 6 18 22821.5 107 6, 126 12, 84 14, 124 9, 81 15, 112 14, 160 7, 106 6, 183 14, 155 9, 136 15, 174 5, 162 7.74074
GT101TX 13 25 22830.2 176 13, 163 6, 141 6, 107 14, 107 14, 106 14, 91 8, 127 11, 188 9, 80 14, 180 11, 167 10, 113 11, 136 6, 98 7, 115 7.11304
CT562BP 18 22 22835.4 138 5, 115 9, 87 5, 166 11, 180 11.9889
ZG414FD 23 29 22838.9 98 6, 155 12, 128 6, 184 11, 183 10, 102 11, 154 9.57143
YH724SH 24 27 22840.5 121 7, 105 6, 147 9, 188 9, 180 7, 84 5, 118 0.627119
XV193DE 25 29 22844.7 85 5, 158 15, 177 5, 108 11, 157 3.92357
KV436GW 28 29 22854.4 173 4.50867
KZ471PK 13 22 22862.1 122 5, 157 10, 101 7, 94 15, 131 8, 172 10, 82 8, 165 13, 123 5, 124 10, 189 10, 130 5.74615
KH595VP 7 13 22871.2 157 8, 116 5, 142 11, 134 5, 169 6, 123 11, 101 13.9901
WV811BN 6 16 22879.8 113 10, 178 11, 141 10, 120 11, 157 5, 98 6, 112 15, 129 5, 95 8, 166 5, 169 15, 150 4.38
WH823TJ 1 16 22882.8 176 12, 84 6, 97 5, 161 7, 103 15, 132 15, 82 13, 147 11, 133 14, 107 14, 107 9, 117 10, 87 5, 147 13, 156 5, 183 15, 156 7.33333
XP024VM 21 24 22892.5 92 15, 190 6, 175 14.88
TS706CE 20 28 22895.6 92 13, 169 13, 159 14, 121 8, 161 8, 148 15, 113 12, 169 14, 175 2.68
AH150SB 7 13 22896.4 124 6, 80 10, 188 15, 147 7, 158 7, 186 7.25269
EK868EA 14 17 22897 174 14, 90 7, 177 2.74576
TB361ZW 10 16 22902.9 136 13, 154 12, 165 13, 107 12, 141 7, 117 2.06838
SL958TH 22 29 22912.1 130 12, 151 6, 177 5, 87 15, 139 8, 134 11, 105 9, 82 12, 117 8, 161 10.9379
SF115ZV 16 27 22917.4 131 6, 185 11, 173 14, 118 8, 84 11, 106 13, 95 5, 130 13, 190 12, 149 13, 182 7, 89 12, 145 15, 106 0.660377
JD050EV 23 27 22922.1 99 11, 89 12, 149 12, 158 7, 100 7, 164 10, 86 10, 115 0.46087
EE993YX 13 17 22924.6 121 12, 135 9, 100 5, 132 11, 152 11, 120 0.475
YV817AX 2 14 22929.3 112 7, 89 11, 95 10, 137 11, 108 11, 185 6, 181 15, 185 5, 95 15, 170 7, 184 12, 102 10, 154 9, 139 14, 154 1.12338
XG545SM 15 21 22938.8 119 11, 176 11, 141 9, 187 9, 184 13, 154 7.69481
KM539EJ 12 25 22940.7 119 14, 184 7, 133 7, 110 10, 168 12, 179 9, 124 5, 155 14, 170 12, 128 5, 142 7, 98 8, 161 10, 167 5, 137 7, 140 7, 94 14, 94 5.34043
GJ164WG 25 27 22943.3 186 6, 112 12, 104 8, 126 6.5873
TP312XL 9 11 22944.6 103 8, 141 12.3262
VP984AA 6 24 22953.2 131 10, 104 5, 136 15, 150 15, 101 11, 173 13, 175 5, 88 5, 145 12, 118 10, 133 13, 160 7, 95 15, 134 12, 184 12, 183 12, 160 10, 107 9, 164 5, 80 1.575
TT774WV 13 25 22961.4 178 9, 93 6, 130 7, 129 5, 109 5, 186 10, 114 5, 89 13, 174 7, 106 10, 165 9, 88 10, 110 9, 144 9, 189 15, 163 15, 128 5.35938
PX738HG 28 29 22964 106 7.35849
PY112HH 10 28 22964.5 93 11, 100 6, 125 15, 93 6, 166 13, 146 10, 110 13, 173 12, 161 6, 104 13, 94 10, 100 12, 125 14, 109 15, 111 14, 182 15, 165 13, 108 14, 127 8, 119 2.80672
YG372KF 18 21 22970 179 9, 170 6, 183 14.4754
PJ286WZ 13 29 22971.2 162 6, 169 13, 110 11, 134 12, 92 12, 87 8, 147 15, 158 14, 127 10, 145 5, 122 8, 146 14, 85 6, 156 15, 80 6, 154 15, 80 12, 163 13, 117 2.46154
YE206RA 10 19 22972.5 145 5, 162 7, 104 12, 88 6, 120 5, 154 7, 116 6, 82 10, 131 8, 151 15, 82 8, 190 5.06316
KZ878ZF 16 24 22980.3 123 7, 116 13, 112 15, 129 7, 115 5, 126 13, 95 10, 95 10, 117 9, 83 8, 107 7, 165 5, 108 5, 99 3.19192
NS443XS 13 14 22986.7 163 7, 173 9.56647
VA087WN 21 24 22993.5 180 7, 98 14, 177 13, 171 1.11696
ML050CB 14 28 22996.9 94 15, 177 5, 104 15, 136 9, 119 10, 140 8, 186 8, 119 10, 140 6, 173 13, 162 11, 112 5, 83 14, 136 13, 97 5, 110 7, 89 8, 110 10, 87 10, 129 2.2093
RH315GL 12 17 23002.4 183 7, 172 5, 143 10, 131 5, 87 7, 142 6, 83 5, 139 10, 135 1.3037
BD939TY 27 29 23006.1 136 10.0147
HB583XH 8 29 23010.7 179 15, 153 9, 83 13, 128 7, 154 14, 159 13, 128 8, 120 9, 101 7, 96 8, 114 12, 140 11, 129 7, 97 5, 184 5, 99 11, 177 8, 92 5, 108 13, 139 14, 92 6, 167 13, 94 14, 87 8, 185 9.42162
XM299RM 1 29 23016.9 178 9, 124 12, 136 6, 100 12, 134 6, 152 10, 142 11, 93 11, 163 7, 176 15, 150 8, 146 15, 124 12, 138 14, 174 7, 165 13, 149 10, 133 14, 114 10, 118 15, 99 15, 189 6, 147 9, 159 6, 155 15, 167 6, 155 7, 96 14, 138 7, 178 10.7584
AZ218WP 7 8 23017.5 138 15, 96 1.625
EV234EZ 21 29 23025 140 12, 157 10, 109 15, 136 15, 162 5, 131 13, 132 15, 188 6.98936
JN533VJ 14 15 23034 166 5.56627
LP241ME 22 27 23040.6 152 15, 123 9, 143 6, 106 6, 164 14, 178 15, 140 4.70714
XM159BP 26 28 23049.8 137 8, 159 7.67296
BM672BH 14 15 23052.5 115 8.03478
YM853DM 18 24 23054.9 189 9, 151 11, 143 5, 111 8, 129 11, 182 10, 109 12, 82 10.878
ZK446KV 13 19 23059.5 132 6, 83 12, 179 7, 96 9, 119 8, 127 10, 133 11, 156 8.34615
FE287AL 2 24 23063.8 170 14, 105 7, 186 8, 144 9, 112 5, 147 11, 180 6, 83 8, 102 11, 110 11, 127 10, 158 15, 143 15, 183 9, 143 8, 86 12, 157 10, 144 6, 82 10, 94 12, 108 5, 144 6, 146 6, 128 14, 152 15, 111 10, 86 11, 133 5.84962
TG471MA 7 26 23067.4 123 12, 183 7, 82 8, 97 10, 104 6, 146 8, 122 9, 141 12, 91 8, 172 11, 153 8, 156 14, 118 10, 90 13, 142 14, 130 13, 157 11, 83 15, 119 7, 152 11, 125 8, 116 8, 135 9, 115 5, 81 9.40741
SH580BR 17 19 23073.1 176 11, 118 5.15254
TP486NT 10 15 23082 80 14, 148 14, 144 8, 89 14, 82 12.1707
EV284XH 12 16 23083.6 171 11, 159 5, 177 10, 100 10, 137 8, 130 1.41538
KS262WW 20 24 23088.7 161 7, 165 6, 103 7, 89 15, 112 5, 110 15, 81 13, 174 0.126437
HM166FT 13 25 23090.2 147 14, 115 15, 145 6, 148 10, 141 12, 138 13, 154 15, 125 10, 86 7, 149 7, 128 7, 151 11, 163 11, 166 9.44578
TE369KR 12 14 23096 144 12, 129 7, 161 9.2236
EB091BP 27 28 23097.2 154 3.77922
JT613NG 3 28 23102.3 160 10, 154 10, 155 5, 157 5, 103 12, 122 10, 158 11, 102 11, 105 6, 146 14, 144 14, 129 7, 128 5, 111 8, 119 11, 84 6, 167 9, 126 15, 147 8, 85 6, 98 8, 169 12, 107 7, 108 15, 150 10, 188 14, 152 7, 139 7, 176 13, 81 9, 182 6.97802
EA060PW 14 18 23112 150 9, 189 9, 158 10, 177 4.44633
EW632AK 23 27 23113.2 166 12, 162 9, 94 7, 189 15, 89 14, 97 1.18557
FK030CT 6 9 23120.4 128 13, 133 7, 123 12.8537
SW588ZK 17 20 23126.8 173 15, 163 12, 109 2.3945
WE759EK 10 13 23129.7 145 14, 120 6.98333
PN213TA 4 14 23132 167 13, 109 8, 187 9, 142 9, 114 7, 100 13, 100 6, 141 12, 160 15, 93 7, 134 15, 138 0.268116
PZ398BL 6 14 23135.2 143 11, 109 10, 174 6, 177 10, 182 9, 80 13, 162 14, 134 9.4403
EZ950PG 22 23 23140.5 121 5, 188 8.49468
NZ676XF 1 13 23145.5 135 5, 81 14, 111 10, 109 8, 110 7, 156 11, 90 8, 132 13, 153 12, 152 6, 149 12, 168 7, 92 12, 102 7, 137 9.45255
TC247BP 19 22 23148.1 175 13, 138 10, 170 10.6529
XW163AL 10 23 23149.7 180 6, 104 15, 86 12, 114 8, 139 12, 165 12, 111 8, 86 8, 182 11, 140 12, 139 6, 170 6, 103 6, 182 14, 150 6.12
KX583HZ 11 29 23158.8 174 15, 88 10, 120 8, 106 9, 179 13, 155 6, 121 13, 82 7, 115 10, 112 5, 105 11, 150 10, 89 5, 97 8, 147 15, 146 13, 111 11, 88 11, 143 9, 119 6, 153 11, 160 5, 154 7, 178 0.741573
CD053SR 1 28 23164.2 101 15, 93 14, 114 14, 160 9, 92 11, 190 5, 119 6, 134 10, 86 12, 167 14, 180 8, 144 6, 108 13, 190 5, 104 12, 143 11, 165 9, 141 8, 104 13, 111 5, 118 14, 136 13, 124 7, 180 5, 135 6, 183 13, 190 14, 184 11, 99 12, 162 12, 174 8.92529
YH772LA 13 17 23165.1 99 13, 149 11, 134 15, 84 8, 113 6.54867
WR074KV 7 19 23168.1 180 10, 155 7, 85 5, 169 15, 162 9, 157 5, 147 10, 111 11, 151 15, 87 8, 140 13, 96 12.2917
WF278RJ 3 29 23171 139 9, 91 14, 138 10, 137 11, 135 7, 155 11, 106 7, 90 12, 163 11, 114 15, 96 12, 96 14, 143 13, 167 7, 104 7, 150 5, 94 15, 141 13, 94 15, 144 11, 89 5, 153 15, 110 15, 115 13, 95 7, 93 7, 99 8, 112 13, 118 13, 151 5, 82 5, 150 11.1467
KK525BV 12 20 23179.1 175 7, 147 11, 170 13, 107 11, 161 8, 185 14, 158 10, 82 7, 144 1.52083
RN165MR 24 25 23181.5 94 6, 190 8.21053
MT136TE 6 10 23184.2 149 9, 88 9, 131 11, 106 7, 92 9, 143 6.15385
XK520BC 7 14 23184.7 93 8, 93 12, 178 15, 92 9, 107 6, 118 7, 178 8, 165 13, 173 1.43931
PA005CT 16 17 23186.3 144 6, 169 0.461538
XV530HJ 9 27 23189.1 95 5, 131 9, 154 10, 90 11, 141 10, 175 9, 117 14, 155 14, 158 15, 126 14, 162 12, 156 7, 143 15, 120 14, 143 13, 183 12, 189 13, 187 5.86096
XH733FJ 27 29 23196.8 101 13.4851
VH615ZR 1 5 23198.5 107 9, 142 9, 100 5, 117 8, 120 14, 149 2.10067
KA208ZX 22 25 23202.2 189 11, 81 5, 113 9, 188 9, 181 6.58011
XZ119VC 25 29 23206.8 152 7, 125 10, 141 15, 151 6.98675
YY295LW 24 27 23212.5 190 5, 113 12, 162 11, 190 11.3579
PC469ET 15 21 23220.2 99 15, 155 15, 151 6, 169 14, 142 15, 97 5, 178 0.432584
WD129CF 2 23 23228.3 108 15, 85 11, 133 13, 184 9, 112 8, 97 5, 108 7, 142 15, 154 10, 92 9, 92 7, 100 10, 139 8, 136 11, 122 13, 140 10, 164 14, 133 7, 147 11, 173 7, 184 5, 135 15, 108 14, 86 13, 99 12, 83 7.6988
MH654VM 3 10 23233.7 130 10, 164 6, 107 9, 108 6, 171 7, 80 5, 99 6, 95 8, 172 10, 87 5, 116 12, 172 5.57558
KY581XZ 23 29 23240.5 129 7, 111 13, 185 6, 186 8, 99 14, 153 10, 151 6, 81 11.1111
MT894KE 8 16 23248.9 125 5, 174 5, 156 10, 105 13, 116 5, 172 12, 141 14, 167 11.9162
BN526GR 19 21 23257.4 107 8, 145 13, 139 13, 146 0.369863
KH226TW 25 28 23266.8 184 11, 143 13, 91 9, 159 0.0125786
MN035JY 16 28 23276.6 111 5, 144 9, 98 14, 173 8, 90 5, 169 9, 109 11, 175 15, 114 10, 162 5, 177 10, 173 12, 161 12, 168 5, 178 5, 173 1.04046
AW996PC 17 23 23285.4 152 13, 150 6, 181 10, 147 8, 186 7, 190 12, 85 9, 91 0.032967
BJ499VD 11 16 23293.5 93 5, 143 14, 120 9, 120 13, 81 7, 154 9, 155 3.22581
BY885BY 23 27 23297 137 11, 155 11, 109 12, 113 7, 155 15, 181 3.69061
KM191JJ 22 24 23297.5 168 5, 99 12, 111 6, 98 6, 190 5.14737
NR873JJ 2 5 23303.1 164 14, 114 5, 113 15, 139 2.02158
LA224AR 10 23 23309 189 10, 116 14, 90 8, 114 11, 158 12, 88 11, 99 6, 183 8, 142 13, 163 7, 111 5, 111 7, 138 5, 118 8, 142 6, 133 14, 182 1.92857
MR639SX 3 4 23313.2 166 9, 88 0.340909
PY025GB 18 21 23314.4 109 7, 190 12, 169 9, 103 5, 158 1.27215
CM702TY 22 29 23315.1 131 11, 179 6, 186 11, 112 7, 162 10, 121 5, 98 6, 88 5, 127 9, 90 7, 88 13, 182 1.93956
PL905GA 14 19 23318.1 90 9, 156 12, 137 9, 88 14, 166 5.71687
MC048AZ 9 28 23326.3 184 10, 159 12, 133 15, 131 13, 146 5, 165 6, 105 13, 117 13, 99 12, 174 7, 169 12, 100 5, 103 6, 111 5, 107 12, 99 9, 151 14, 182 13, 144 15, 154 9, 131 11, 120 3.00833
EN114ZV 23 24 23332.6 178 10, 162 1.71605
CB291VA 8 26 23336.1 98 9, 167 9, 184 5, 160 13, 121 7, 120 14, 121 15, 164 12, 177 7, 164 14, 133 10, 149 8, 154 11, 187 11, 82 5, 81 15, 177 12, 99 8, 159 14, 154 3.12987
DT318WC 21 27 23344 173 5, 138 9, 129 15, 177 7, 137 14, 154 9, 101 12, 171 9.19883
TE768TN 16 21 23350 164 9, 121 14, 157 7, 149 9, 146 5, 170 10.2824
KH436WL 19 22 23350.6 126 10, 85 7, 145 10, 149 12, 101 3.69307
RD974GH 19 26 23351.2 88 14, 109 15, 132 14, 121 9, 123 10, 108 14, 135 5, 136 15, 133 11, 110 8, 103 5, 167 0.712575
MY630CX 12 27 23353.8 141 12, 107 14, 141 14, 130 8, 150 14, 174 5, 132 5, 100 15, 80 6, 103 11, 114 13, 183 11, 84 10, 120 7, 84 6, 109 12, 173 12, 132 10, 141 8, 181 5, 105 7.81905
NV013GN 17 26 23361.4 115 15, 125 9, 88 9, 129 11, 145 11, 171 14, 175 9, 158 8, 149 6, 153 8, 84 15, 116 7, 101 6.9604
KZ994WX 17 29 23366.2 173 12, 148 15, 145 7, 143 10, 93 9, 114 6, 102 6, 168 6, 93 14, 108 8, 131 8, 134 12, 130 14, 129 7, 168 7, 153 8.33333
KY348GT 17 26 23372.8 107 8, 167 5, 109 13, 138 9, 112 15, 83 12, 156 10, 84 8, 131 14, 129 11, 139 9, 126 6, 160 12, 124 2.77419
FD525DP 3 24 23376.8 116 13, 168 6, 170 8, 186 11, 126 15, 105 6, 90 12, 159 9, 189 5, 168 14, 85 8, 90 9, 133 15, 87 14, 122 12, 136 13, 174 13, 99 11, 187 5, 117 10, 144 9, 158 13, 137 12, 160 1.26875
HD897XM 9 16 23379.4 129 10, 156 9, 89 7, 83 7, 173 9, 129 10, 91 7, 100 15, 85 14, 154 0.324675
RR252ML 12 27 23380.3 175 10, 120 9, 189 13, 81 15, 149 7, 151 6, 172 5, 162 9, 179 15, 87 7, 140 7, 183 11, 171 12, 156 12, 155 7, 144 13, 183 6, 140 6, 130 2.37692
AF741RM 12 26 23389.4 125 11, 189 15, 120 8, 176 6, 159 14, 130 9, 174 13, 97 9, 153 7, 181 5, 95 8, 166 10, 80 8, 92 15, 172 7, 99 12, 106 12, 131 12.313
YC105XR 22 29 23392.6 113 6, 99 5, 174 11, 112 7, 105 8, 85 12, 103 10, 140 6, 134 15, 92 7, 164 9.83537
GW035LP 20 21 23400.1 89 10, 149 9.69128
LC340EK 5 28 23405.7 164 12, 92 11, 105 9, 100 6, 177 13, 157 14, 116 6, 127 6, 139 11, 124 14, 122 14, 121 10, 167 5, 143 12, 160 13, 127 6, 126 13, 154 8, 163 9, 85 8, 121 6, 126 7, 179 13, 120 8, 127 8, 147 12, 175 12, 103 4.50485
AH681DA 23 24 23413.4 170 10, 179 2
PF808AK 14 21 23421 115 14, 152 5, 135 12, 158 5, 87 10, 167 12, 83 14, 93 13, 101 6.66337
WR377LZ 3 5 23430.2 133 14, 86 5.69767
DE292CK 16 18 23433.6 182 14, 134 1.9403
DY215FR 2 3 23437 158 7, 144 7, 103 3.65049
HR343LM 11 13 23445 137 15, 91 1.08791
BD048FH 24 29 23454.9 187 13, 147 7, 117 5, 82 9, 90 13, 87 12, 146 4.18493
XX757JD 3 29 23456.9 116 6, 153 5, 80 15, 127 9, 104 8, 119 13, 90 10, 184 14, 110 11, 163 13, 112 12, 98 8, 163 12, 110 9, 115 14, 84 14, 185 8, 133 5, 83 5, 86 14, 101 8, 127 13, 155 7, 170 9, 172 15, 143 14, 145 8, 153 10, 116 15, 100 8, 150 6.32
GA926VY 18 19 23465.3 100 6.78
TD500TZ 8 18 23467.5 148 14, 146 11, 109 12, 181 6, 177 9, 114 14, 165 15, 124 8, 108 10.2593
NH300AH 12 23 23472.4 126 15, 81 10, 89 11, 100 6, 101 11, 190 11, 153 14, 137 10, 115 8, 97 13, 115 5, 177 9, 184 5, 102 9, 110 6.37273
RZ674MR 6 8 23474.5 186 6, 145 5, 145 7, 94 4.40426
SV913YF 12 22 23478.4 162 5, 163 13, 132 9, 167 13, 113 12, 151 10, 109 6, 110 13, 110 9, 158 7, 162 13, 167 1.42515
WA461VY 20 28 23483.3 187 14, 180 8, 88 6, 98 15, 115 12, 134 6, 84 13, 107 10, 155 15, 157 9.92994
LL588SA 28 29 23489 141 5.53191
EE111AP 16 28 23490.1 83 13, 168 14, 120 13, 168 7, 85 10, 85 5, 190 12, 159 10, 117 8, 151 13, 180 5, 144 15, 157 13, 168 4.33333
WM728YE 15 22 23499.3 98 7, 145 5, 187 15, 189 9, 126 5, 99 15, 107 12, 127 10.4094
JV914DT 26 28 23502.2 170 11, 161 2.77019
XZ237YX 3 5 23511.4 165 5, 137 8, 166 2.59639
LE462SB 13 14 23520.6 158 6, 123 15, 115 0.026087
XE261XF 2 12 23521.8 102 13, 94 5, 139 5, 80 12, 113 11, 101 8, 108 7, 115 5, 146 12, 118 12, 112 5, 82 6, 118 14, 82 5, 112 12, 105 8, 119 0.764706
AN533HG 23 29 23529.1 189 13, 112 12, 88 13, 137 8, 114 14, 141 10, 168 3.68452
FR793KH 4 19 23533.5 145 8, 162 12, 186 11, 81 7, 105 12, 175 10, 182 10, 187 14, 153 11, 182 14, 175 9, 153 12, 120 6.50833
PG646HH 11 18 23534.2 169 15, 81 10, 96 14, 171 8, 117 7, 163 8, 86 11, 119 10.437
VD037XT 25 29 23541 135 5, 183 15, 135 14, 179 0.972067
WJ941KB 27 29 23544.2 174 7.82759
FD844TF 19 29 23550.9 147 10, 153 14, 127 12, 158 10, 127 10, 188 7, 162 11, 150 13, 107 10, 82 15, 121 12, 183 2.99454
EA946DV 12 25 23554.3 122 5, 150 5, 185 5, 127 12, 170 10, 174 6, 126 13, 133 8, 99 9, 84 13, 104 9, 173 12, 119 11, 107 14, 113 11, 124 5, 149 14, 107 8, 137 1.45985
VK107BZ 26 29 23561.6 85 10, 106 12, 129 6, 104 1.92308
ML814BZ 7 18 23569.4 80 8, 161 9, 176 14, 121 15, 168 10, 128 11, 154 8, 84 11, 105 14, 162 13, 120 7.28333
YD953DP 3 26 23576.5 83 6, 140 10, 135 11, 91 7, 125 7, 163 14, 114 12, 166 5, 108 14, 131 6, 91 7, 179 12, 188 13, 91 10, 134 14, 93 11, 116 13, 137 13, 96 12, 101 11, 90 15, 187 10, 89 14, 93 10, 147 6, 166 12, 132 15, 164 5.10366
ZP759PM 23 29 23584.6 173 7, 123 12, 82 6, 145 6, 155 6, 146 6, 184 14, 147 8.40136
FF862EY 9 11 23589.1 127 9, 151 6, 136 3.77206
FL966DN 15 25 23596 179 7, 140 6, 123 14, 91 6, 186 14, 89 12, 154 13, 184 13, 165 10, 136 10, 154 7, 111 4.56757
WL715BE 4 20 23601.4 131 14, 180 7, 101 13, 91 15, 123 10, 176 14, 131 10, 158 14, 142 9, 129 5, 135 5, 91 7, 103 6, 136 11, 166 14, 154 6, 107 9, 141 7, 87 3.68966
JF617TL 8 11 23602.3 122 5, 114 13, 180 7, 135 0.859259
HL335PG 15 24 23610.1 117 8, 151 13, 108 14, 190 12, 106 14, 176 9, 124 11, 117 13, 148 9, 104 8.86538
LC615WK 21 26 23615.8 143 8, 90 11, 128 15, 83 10, 112 13, 98 8, 80 7, 125 6, 86 6, 180 3.81111
DV894TA 10 25 23619.4 118 9, 117 14, 112 9, 147 9, 147 8, 119 11, 146 10, 179 15, 120 9, 100 15, 183 8, 143 12, 172 10, 160 5, 109 15, 92 11, 148 6.90541
ZL717KJ 28 29 23623.8 124 6.29032
WV055TG 16 18 23626.8 82 11, 107 11, 91 8.01099
JX431YC 10 24 23631.5 145 12, 129 12, 149 15, 185 12, 155 12, 95 7, 112 9, 102 14, 156 8, 99 15, 89 9, 145 11, 115 15, 144 7, 136 6.76471
XJ011HN 3 24 23634.8 92 12, 143 9, 178 5, 181 13, 173 14, 163 10, 82 6, 150 15, 174 12, 131 5, 100 5, 163 5, 168 14, 151 11, 163 12, 107 6, 127 10, 127 9, 188 12, 144 5, 180 5, 80 15, 116 10, 105 8, 155 1.62581
WT559MY 15 17 23635.6 114 12, 89 11, 101 2.78218
GD010SA 26 28 23636.8 177 9, 156 4.63462
TX631RD 16 21 23641.7 95 6, 170 7, 190 5, 129 14, 113 14, 89 12, 164 5.62195
YZ138RV 3 6 23644 106 6, 123 11, 125 7, 150 15, 86 2.48837
NT084RN 26 28 23653.1 117 14, 170 3.98824
EV317JM 16 23 23655.8 138 14, 113 12, 82 5, 138 11, 131 13, 101 15, 84 14, 165 7, 115 3.38261
EV723GT 7 29 23665 149 8, 148 8, 144 7, 160 11, 177 9, 157 12, 87 9, 106 5, 161 10, 116 7, 113 7, 138 8, 190 14, 188 6, 80 14, 102 15, 149 8, 90 7, 130 12, 154 13, 88 8, 143 13, 163 5, 130 7, 86 13, 134 14, 121 5.94215
YK228RY 23 25 23666 163 12, 81 10, 158 6, 167 2.8024
KA586JW 22 26 23671.3 163 6, 119 9, 181 8, 103 9, 83 6, 120 6, 110 10, 152 13.3553
EK247LN 17 28 23673.2 91 15, 167 11, 121 11, 87 10, 161 10, 111 10, 96 12, 134 8, 170 7, 88 13, 103 10, 95 11, 123 9, 140 15, 88 12.8977
JG869JH 23 26 23683.1 80 9, 185 12, 165 14, 145 9.10345
BB290HW 7 18 23691.4 122 15, 141 5, 121 10, 167 9, 124 13, 131 10, 98 11, 158 9, 129 12, 163 5, 149 14, 162 5.82099
MN387DX 19 22 23693.8 154 15, 166 6, 115 8, 97 12, 190 0.4
WZ735NM 1 3 23698.4 147 12, 146 6, 109 6.22018
VA341HB 24 28 23707.8 130 9, 158 15, 168 10, 168 9.57143
YM586RH 22 23 23712 160 10, 146 4.12329
GE433VL 25 26 23718.5 105 14, 147 6.2449
KT933HB 2 3 23724.8 181 7, 166 5, 132 2.97727
YA723ZK 19 23 23731.7 84 5, 159 10, 157 6, 173 15, 190 7, 108 7.32407
KK253SD 15 27 23739.9 133 12, 93 11, 134 6, 148 9, 117 10, 82 7, 82 13, 102 6, 185 11, 185 14, 123 11, 165 11, 140 11, 130 14, 92 7, 118 9.91525
KJ344GC 8 11 23744.8 117 10, 152 6, 145 9, 109 0.743119
MG168XV 17 26 23751.5 109 5, 81 9, 98 13, 163 9, 160 12, 187 6, 85 6, 84 15, 163 15, 96 7, 123 13, 179 14, 150 4.88667
PM055DH 9 11 23756.9 120 13, 173 5.79191
RS074AJ 25 28 23763.4 168 13, 141 5, 151 8, 166 3.65663
YT911PV 25 26 23765.8 172 9, 145 5.7931
YZ190KX 22 23 23768.3 154 5, 188 5, 172 2.86047
VA259BX 26 27 23769.7 188 9.2234
SN891TX 13 23 23774.3 147 13, 88 10, 138 10, 96 14, 96 14, 81 12, 122 12, 141 13, 101 15, 134 7, 167 15, 86 5.51163
PV460SA 3 7 23776 167 5, 185 11, 121 5, 82 8, 89 11, 186 6.78495
DR055KB 12 21 23777.4 183 9, 122 5, 91 12, 138 10, 183 14, 130 15, 188 9, 140 11, 97 14, 106 9, 185 0.156757
CT829XE 11 17 23787 126 13, 186 12, 189 6, 121 7, 103 15, 123 8, 170 0.717647
PN845SK 19 21 23795.6 136 6, 186 11, 140 5, 93 11.1828
GM110YZ 4 11 23799 133 9, 97 13, 125 6, 179 8, 160 8, 120 9, 138 13, 119 7, 100 9.15
FY775TD 27 29 23808.1 184 7.40217
EB896FC 6 20 23815.6 174 6, 141 10, 81 11, 103 8, 155 12, 158 10, 87 7, 144 6, 168 8, 125 12, 98 7, 159 13, 101 10, 133 10, 102 12, 147 9, 122 3.98361
AA728WM 19 28 23819.4 96 8, 87 10, 133 12, 105 6, 87 6, 109 7, 165 14, 181 12, 179 9, 113 8, 178 15, 155 7, 183 3.56831
JN256KR 8 11 23822.8 166 8, 131 6, 131 10.3359
DE217PZ 14 19 23824.2 93 11, 161 15, 120 6, 115 5, 183 7.44809
SC681FL 17 19 23833.7 144 6, 172 7, 173 2.75145
WF219TY 13 19 23843.1 100 11, 104 11, 164 13, 181 7, 95 5, 107 5, 148 11, 159 3.84277
JJ796HN 14 21 23849.8 132 6, 147 11, 80 7, 143 6, 88 14, 160 8, 167 7, 127 6, 102 9, 169 8, 190 0.831579
TA517XN 24 29 23853.4 80 9, 95 7, 133 6, 93 12, 90 9, 104 12, 166 13.5602
PZ139TG 2 7 23862.6 89 15, 113 9, 144 6, 112 8, 178 13, 119 5, 163 10, 108 1.9537
XT609BH 5 8 23870 136 13, 156 14, 172 6, 139 9.07914
VD072AW 2 16 23872 89 13, 172 7, 86 6, 140 9, 82 13, 142 10, 123 8, 171 10, 158 10, 156 11, 126 9, 80 8, 163 7, 159 15, 190 8, 130 12, 148 6, 96 2.44792
HP060VY 27 29 23878.2 91 9, 116 4.68103
TY545NR 5 21 23883.1 150 14, 125 9, 156 13, 155 9, 168 11, 110 8, 186 10, 104 7, 94 6, 100 7, 161 5, 88 11, 140 10, 127 11, 178 9, 84 5, 173 9, 125 9, 109 5, 141 15, 133 1.50376
JS782WB 3 13 23892.1 134 8, 155 7, 113 15, 156 5, 120 10, 104 10, 111 10, 104 7, 118 10, 162 13, 100 11, 188 5, 179 1.02793
PE817WM 10 17 23895.5 154 13, 103 14, 172 5, 92 15, 173 7, 178 13.0393
PV302YE 19 23 23899.1 129 10, 165 15, 94 9, 182 10, 125 9.896
NW700NY 2 25 23904.5 154 7, 95 5, 98 8, 93 13, 99 15, 95 10, 150 7, 145 9, 146 11, 133 7, 119 14, 186 15, 101 8, 120 14, 169 11, 85 13, 170 9, 97 11, 82 9, 147 14, 148 8, 142 14, 187 8, 86 13, 186 8, 166 6, 130 13, 122 10.8033
KB105KG 4 28 23913.7 180 15, 130 10, 131 14, 171 12, 101 5, 96 5, 165 7, 128 7, 159 6, 111 11, 170 11, 83 10, 157 10, 147 6, 178 8, 88 7, 136 7, 182 5, 146 13, 154 11, 117 11, 114 12, 140 6, 86 6, 171 7, 171 15, 165 5, 135 12, 109 6, 91 15, 161 1.00621
CY047CH 4 9 23917.1 121 7, 149 13, 166 8, 156 14, 130 12.9538
PD113PH 4 11 23921 189 11, 187 12, 110 7, 128 13, 189 9, 119 10, 152 5.88158
HL456VN 14 27 23926.4 151 11, 85 10, 148 15, 88 5, 135 15, 101 13, 80 7, 140 6, 164 13, 131 11, 188 14, 127 14, 183 9, 119 8, 154 10.2403
HP865ZE 15 16 23929.9 99 13, 143 2.79021
ZS997ES 23 28 23932.7 98 10, 173 12, 128 8, 111 5, 104 12, 143 6, 190 11.2895
SH801FC 20 21 23942.6 165 5, 154 9.7987
RS190JV 24 28 23945.6 181 5, 175 8, 157 6, 132 10, 169 9, 177 4.18079
YW044JG 1 22 23947.5 183 11, 153 8, 148 15, 159 12, 92 15, 171 10, 178 15, 96 14, 169 5, 142 10, 131 11, 174 11, 82 8, 181 9, 164 14, 139 15, 107 13, 159 12, 181 6, 83 6, 135 1.91111
FX752SW 8 11 23953.1 97 11, 144 14, 140 2.75
TD003CF 5 26 23957.3 99 14, 94 14, 128 10, 167 15, 97 8, 163 7, 115 6, 164 13, 125 14, 135 12, 136 13, 84 6, 127 14, 83 9, 116 7, 131 8, 139 12, 128 7, 144 11, 93 14, 126 7, 96 9, 93 9, 135 9, 112 8, 86 14, 112 11, 86 13, 89 0.52809
BH505DL 3 9 23963.2 169 13, 138 5, 175 10, 186 10, 167 6, 175 11.4571
XR398ZR 19 21 23964.2 106 7, 139 11, 109 7, 121 11, 115 2.06087
JE825GJ 8 10 23967.4 104 9, 140 12.9857
FX242VT 8 16 23975.9 178 14, 150 8, 111 13, 111 5, 82 9, 145 15, 170 11, 120 4.625
GP399DB 17 26 23979.9 161 5, 153 9, 86 14, 146 8, 84 13, 101 15, 170 14, 136 10, 117 9, 182 8, 169 5, 173 9, 125 5, 144 2.39583
JK390ZN 7 18 23984 115 15, 142 5, 145 12, 89 13, 155 6, 117 8, 150 6, 95 7, 118 14, 120 14, 162 5, 97 15, 167 6, 81 8.64198
TH145PP 27 29 23991.6 131 10.3969
ZG160WA 22 27 23998 130 15, 177 13, 144 8, 120 6, 118 5, 186 14, 159 5, 190 2.07368
BB235SB 2 24 24006.7 117 11, 111 10, 138 15, 80 6, 173 9, 84 11, 155 9, 123 15, 83 8, 82 8, 161 7, 160 7, 176 9, 123 7, 142 15, 83 10, 184 12, 138 11, 103 12, 99 12, 180 11, 165 12, 180 13, 181 8, 105 13, 84 5.05952
PL814ZH 19 27 24008.5 96 7, 163 9, 164 15, 172 9, 98 13, 98 13, 82 10, 107 13, 182 15, 133 11, 95 9.18947
VB653EA 5 12 24013.3 135 9, 128 6, 98 13, 83 5, 99 15, 117 11, 113 7, 183 6, 105 6, 188 8.43085
ST885PR 12 17 24016.4 146 15, 181 11, 156 15, 142 8, 181 0.0607735
CA935DY 11 18 24025.7 159 13, 188 8, 176 6, 123 7, 137 14, 147 13, 94 11.1809
NE882LN 16 26 24028.9 127 12, 105 15, 118 9, 161 5, 161 15, 80 15, 153 12, 140 6, 144 15, 132 10, 140 8, 169 11.0473
FR455NG 7 26 24030 123 10, 107 10, 179 6, 110 8, 84 5, 86 15, 127 8, 81 11, 143 5, 153 12, 131 5, 183 5, 94 14, 163 8, 153 14, 176 5, 100 5, 172 6, 178 9, 82 9, 146 10, 139 14, 96 8, 161 10, 115 6, 91 5, 99 8, 129 13.5736
CK670AN 10 19 24036.8 130 15, 85 14, 175 8, 168 14, 167 7, 155 8, 136 7, 96 12, 185 1.91892
YH545DJ 7 9 24045.8 114 13, 80 8, 178 5.67416
HY721SR 27 28 24053 182 3.1978
DF293BF 4 27 24056.8 87 11, 173 12, 167 11, 182 7, 117 14, 190 10, 126 9, 116 14, 80 12, 129 5, 188 8, 153 6, 102 6, 153 5, 139 15, 81 15, 105 11, 120 8, 84 5, 179 15, 148 12, 123 8, 152 15, 151 8, 179 9, 116 14, 138 11, 161 1.21118
SW352CE 22 28 24060 120 13, 172 5, 175 13, 166 10, 144 6, 151 9, 139 11, 128 7.66406
VC535ZH 23 27 24065.7 134 8, 92 7, 84 15, 135 5, 160 5, 93 14, 136 8, 173 8.45665
RK831JK 11 27 24075.5 120 6, 126 11, 93 14, 108 15, 148 15, 162 12, 130 15, 136 12, 88 6, 155 12, 154 5, 176 6, 111 15, 130 14, 147 6, 95 13, 174 12, 117 14, 97 7.23711
JT725PH 7 22 24081.6 179 9, 130 11, 189 9, 149 11, 136 8, 154 6, 174 5, 105 11, 138 8, 190 6, 123 13, 80 15, 169 12, 149 11, 94 13, 91 12, 104 7.34615
FA496LV 1 22 24083.6 125 14, 163 13, 190 15, 83 14, 99 6, 100 15, 182 14, 170 15, 163 13, 82 6, 109 6, 185 14, 175 11, 96 15, 110 9, 145 14, 128 10, 111 10, 161 9, 162 4.59259
JN132XD 14 20 24091.3 176 13, 136 11, 108 10, 101 14, 102 5, 162 9.7284
PF786KJ 22 26 24095.8 124 7, 187 11, 102 7, 133 11, 89 13, 121 12, 174 6.0977
CB623WP 28 29 24100.2 121 6.44628
FX637DH 24 27 24105.1 119 14, 93 13, 86 7, 177 13, 146 3.20548
BH146KB 27 28 24113.8 120 4.85
KX449HB 8 16 24120.1 92 9, 107 6, 167 7, 186 8, 112 9, 101 13, 88 5, 110 11, 114 10, 174 10.2874
AT880ZR 18 25 24126.9 96 8, 180 5, 148 8, 117 10, 169 12, 157 12, 170 5, 83 14, 186 10, 166 4.3494
XW092PF 18 19 24136 154 4.4026
BL597MN 9 11 24140.9 81 13, 115 6, 138 5.93478
VE302JH 12 20 24147.3 153 10, 180 5, 133 5, 90 14, 145 9, 140 7, 81 13, 138 8, 130 9, 130 15, 136 4.13971
NK863TP 12 29 24154.7 107 10, 90 5, 104 14, 158 8, 162 13, 181 12, 130 7, 92 7, 109 12, 100 12, 163 5, 162 7, 170 10, 84 12, 173 5, 94 9, 128 9, 187 12, 109 9, 168 15, 82 7, 140 8, 93 0.0752688
XZ691XY 14 15 24156.7 131 7.05344
SM338YT 11 24 24160.1 103 6, 127 9, 82 7, 134 8, 85 14, 148 14, 108 8, 133 15, 125 7, 181 6, 172 8, 154 6, 89 6, 185 10, 183 15, 146 12.6986
XA413FX 13 28 24165 80 5, 131 14, 181 9, 155 7, 91 8, 118 14, 157 5, 168 6, 129 8, 88 15, 175 7, 166 7, 175 5, 176 12, 97 12, 126 6, 105 15, 84 11, 180 6, 184 11, 139 7.74101
CB679YJ 24 27 24173.4 146 12, 184 13, 162 6, 169 5, 95 3
YZ455WK 7 10 24177.1 85 13, 173 8, 185 5, 118 11, 107 2.50467
HN504GB 17 21 24184 120 8, 123 15, 151 13, 84 10, 95 13, 127 2.38583
WX279VC 22 25 24188.2 83 5, 118 10, 97 8, 126 6, 116 11, 105 10, 174 5.35057
YS442GD 16 19 24191.8 149 12, 155 10.9548
LX814YH 3 8 24194.8 84 11, 120 5, 118 8, 187 10, 90 8, 90 6, 90 15, 92 14, 103 3.51456
XA705TD 6 9 24203.5 129 8, 181 6, 118 8, 138 5, 121 3.50413
AH887TL 13 24 24212.7 158 9, 189 15, 106 13, 153 15, 97 9, 102 13, 170 11, 100 8, 169 13, 167 15, 120 9, 95 0.389474
HF593YV 24 26 24222.4 89 9, 98 13, 188 5, 141 9, 103 2.21359
DL589EK 14 29 24227.9 130 13, 158 5, 184 12, 109 6, 110 15, 151 8, 125 11, 99 11, 108 6, 125 5, 176 12, 86 15, 110 8, 167 8, 157 10, 174 13, 116 15, 108 2.80556
YA290RE 13 23 24236.1 158 9, 123 11, 102 8, 160 10, 134 6, 106 10, 119 14, 84 8, 80 6, 152 10, 181 12, 100 8, 94 5, 116 10, 128 4.41406
ZM501FH 8 15 24244.4 101 5, 140 14, 124 13, 89 9, 174 15, 162 11.4444
MP987AT 21 22 24254.3 186 4.64516
KX438BV 3 15 24260.5 160 15, 112 5, 116 13, 189 5, 94 13, 86 7, 117 9, 113 13, 150 10, 144 13, 118 8, 140 6, 153 11, 165 8, 185 0.118919
MC125BC 26 29 24263.9 145 15, 110 8.37273
RN559MV 12 23 24265.6 122 9, 175 6, 128 11, 148 9, 155 15, 187 6, 140 6, 125 10, 80 8, 179 11, 149 15, 130 11, 174 6.78736
ZS931AN 13 26 24269.6 104 12, 172 5, 137 10, 83 6, 147 6, 190 6, 146 6, 87 15, 86 6, 128 15, 117 5, 127 15, 81 10, 113 13, 80 7, 93 6, 165 15, 110 12, 110 10, 162 8, 95 4.6
DB288NG 9 28 24274.4 157 14, 83 10, 130 5, 134 12, 120 8, 174 5, 184 5, 180 12, 135 14, 121 15, 130 10, 90 7, 149 13, 123 6, 92 14, 111 14, 145 7, 140 13, 98 5, 152 12, 101 14, 162 13.8951
GZ038PX 23 24 24277.8 158 8, 137 5.79562
VL169XN 4 18 24285.1 103 11, 106 12, 96 9, 156 7, 157 6, 181 15, 185 13, 136 5, 103 8, 146 5, 141 15, 188 9, 181 6, 146 12, 171 9.40351
KM258JR 15 25 24293.4 139 13, 112 7, 104 14, 154 9, 103 14, 88 7, 92 5, 98 11, 165 7, 167 10, 150 5, 97 7, 148 12, 94 9, 165 6.7697
KC604EP 10 20 24298.7 157 12, 111 5, 171 13, 171 5, 95 6, 173 11, 117 6, 131 6, 102 9, 181 9, 111 15, 133 2.54135
PZ505XL 18 23 24304.2 188 13, 182 13, 140 9, 160 12, 125 2.848
DF116SM 28 29 24306.6 123 6.34146
MR416BX 20 22 24311.2 184 5, 134 13, 94 5.70213
VL657ZA 25 28 24317.5 101 6, 133 6, 83 15, 154 6, 150 7.54
DJ179LM 16 22 24319.1 84 10, 130 15, 163 7, 88 5, 86 10, 172 5, 115 8, 140 11, 176 2.27841
AT851RW 25 29 24322.9 96 8, 188 7, 115 6, 137 13, 121 7.67769
PT975CL 2 22 24331.6 121 6, 174 14, 81 11, 190 12, 157 11, 172 6, 112 9, 188 12, 131 7, 127 14, 128 9, 80 10, 165 5, 89 14, 99 5, 122 13, 85 14, 163 10, 165 10, 144 8, 91 8, 123 14, 90 12, 141 5.39716
GY988NH 4 11 24337.4 120 11, 177 8, 112 8, 147 11, 165 12, 188 13, 153 5.67974
DX957EK 28 29 24340.3 114 6.84211
SL996GD 2 28 24344.5 173 15, 126 5, 110 14, 174 5, 159 5, 172 11, 172 7, 186 11, 153 8, 187 5, 102 10, 119 7, 132 11, 109 8, 138 10, 128 13, 101 15, 174 11, 127 10, 130 5, 171 15, 115 9, 120 14, 159 8, 151 11, 163 12, 100 8, 99 9, 139 14, 102 11, 89 9, 148 0.851351
TT865JL 5 18 24347.3 161 14, 136 6, 94 14, 116 13, 172 13, 142 14, 151 15, 102 15, 152 12, 184 14, 86 12, 179 4.11732
VW887HJ 5 29 24355.4 142 6, 102 14, 171 8, 149 6, 135 11, 90 13, 94 15, 150 15, 111 11, 188 15, 106 11, 81 15, 155 13, 94 9, 159 9, 161 15, 173 11, 143 15, 104 8, 102 7, 120 10, 151 14, 167 11, 130 9, 117 9, 171 6, 184 0.619565
EP318VG 13 14 24364.8 111 11, 91 5, 156 7.17949
YK893TK 21 26 24367.6 119 11, 109 15, 86 7, 174 7, 157 14, 80 9, 98 6, 103 7, 152 4.24342
ET593KL 20 23 24374.9 92 15, 182 12, 171 8, 170 2.75294
BH195CP 24 28 24376 136 8, 162 10, 149 11, 89 13, 175 7.56571
PK902GV 4 13 24378.6 166 8, 88 5, 138 12, 134 11, 102 8, 175 6, 158 11, 98 5, 108 15, 106 8, 115 8, 142 2.22535
PL092LB 24 27 24379.9 171 12, 87 6, 162 9, 186 7, 138 6.6087
VZ943DH 25 29 24384.7 178 10, 171 13, 122 11, 161 0.863354
CJ086TR 3 5 24385.6 131 11, 142 6.41549
GD759JM 20 21 24395.3 157 5, 149 9, 189 1.10053
CY306MN 24 27 24399.8 168 10, 146 6, 112 15, 113 14, 119 3.59664
TE474TX 28 29 24406.2 95 8.21053
AZ320EW 18 23 24409 111 7, 159 5, 178 14, 81 14, 120 8, 153 11, 174 2.9023
FA511VV 20 22 24416.8 109 8, 163 13, 81 2.55556
GA639NV 11 28 24419 119 9, 152 10, 95 10, 99 10, 120 5, 176 13, 127 8, 120 12, 115 6, 171 14, 107 9, 148 11, 126 10, 158 6, 105 9, 116 14, 112 11, 132 15, 113 10, 101 9, 101 14, 128 4.75
LZ669YY 7 27 24423.9 149 7, 158 11, 185 12, 150 6, 101 10, 121 15, 127 7, 183 9, 117 15, 156 7, 116 13, 161 15, 104 10, 172 9, 104 15, 186 15, 179 10, 104 10, 95 15, 100 7, 181 11, 80 9.95
LS501SF 9 11 24431 153 9, 143 8.28671
YW410WG 12 29 24438.4 183 6, 145 14, 156 8, 171 8, 183 13, 133 6, 114 6, 162 10, 154 9, 143 10, 92 8, 140 8, 174 10, 169 8, 120 9, 173 10, 100 12, 140 15, 159 8, 92 9, 104 3.33654
AV796BY 7 13 24447.6 177 8, 180 10, 179 14, 164 7, 143 6, 123 0.97561
RY068NW 19 25 24456.8 83 14, 90 9, 172 6, 180 10, 125 11, 158 9, 145 15, 190 10.9158
XF589FZ 5 27 24463.3 89 5, 84 8, 159 13, 98 5, 86 7, 188 5, 116 10, 111 6, 87 7, 150 6, 144 6, 163 6, 126 15, 180 9, 118 7, 86 10, 187 12, 140 14, 127 6, 173 13, 159 6, 101 12, 178 13, 142 14, 84 15, 133 15, 95 5, 155 10, 150 9, 172 4.82558
XZ585MT 25 28 24465.8 173 10, 187 10, 90 10, 167 1.22156
JE342VV 22 23 24472.2 131 9, 80 8, 107 3.57944
LJ518RA 10 19 24481.5 97 12, 92 8, 174 8, 183 13, 190 7, 95 6, 141 11, 146 7, 108 14, 141 0.737589
GM105FY 8 24 24490.3 144 14, 130 8, 184 10, 113 13, 115 8, 178 14, 122 13, 178 9, 82 13, 169 12, 133 5, 108 7, 91 12, 155 12, 86 10, 102 9, 123 11, 84 5, 175 1.46857
AR865DR 19 25 24498.8 127 15, 111 5, 189 5, 183 7, 118 8, 81 12, 96 7, 181 13, 151 14, 140 0.778571
ZN179ZM 2 11 24506.3 155 8, 146 6, 119 9, 135 14, 93 14, 89 7, 188 15, 171 13, 130 15, 127 4.41732
HD697JA 18 29 24514 107 10, 186 14, 182 15, 172 10, 156 5, 95 12, 87 15, 107 12, 165 5, 106 12, 130 11, 149 12.4295
XK455MA 25 27 24522.9 124 9, 130 13, 104 12.6538
DJ059VF 1 26 24530.8 115 8, 178 15, 98 11, 94 7, 87 11, 124 12, 115 7, 95 7, 135 6, 127 15, 124 5, 83 10, 138 15, 142 8, 129 10, 180 15, 103 8, 112 12, 138 15, 85 15, 163 8, 110 6, 161 10, 185 6, 185 11, 162 15, 181 14, 107 6, 111 13, 160 4.90625
XS164YB 10 15 24532.3 188 8, 105 5, 139 6, 179 5, 132 8, 86 10, 133 6.87218
FF507CB 9 11 24537.3 144 13, 104 5, 120 1.41667
PP192MK 25 28 24546.7 128 5, 123 15, 146 15, 183 0.15847
YY323LE 14 17 24549.8 86 13, 135 14, 97 5.60825
TG352GH 21 29 24553.8 182 6, 106 11, 127 13, 142 8, 125 11, 176 11, 98 12, 104 6, 131 13, 160 5, 189 0.386243
YS232VP 5 29 24561.8 83 9, 100 7, 80 7, 101 14, 125 12, 85 12, 86 11, 177 9, 155 10, 184 6, 119 12, 154 13, 80 12, 118 13, 82 14, 144 6, 118 9, 128 7, 135 9, 177 7, 165 8, 132 8, 103 8, 129 13, 114 13, 106 7, 163 7, 187 10, 117 14, 88 5, 188 7, 109 9, 182 0.686813
GY962JL 25 26 24566.8 90 6, 130 11, 85 4.91765
MV068CA 12 27 24575.4 87 12, 145 9, 150 7, 81 5, 105 15, 137 10, 130 12, 128 11, 106 6, 154 7, 186 15, 184 8, 120 6, 166 11, 126 13, 90 12, 173 10, 107 14, 187 9, 111 2.84685
CG237DR 8 24 24576 178 5, 97 9, 90 12, 173 15, 120 8, 189 11, 174 10, 102 5, 94 9, 131 7, 94 7, 114 13, 131 7, 145 9, 96 12, 170 7, 182 9, 188 11, 88 10, 127 3.62205
FK583DF 19 27 24577.2 174 6, 89 9, 158 15, 159 5, 170 8, 158 9, 124 6, 80 9, 166 8, 91 7, 161 8, 153 6, 186 12, 163 1.92025
VT700SY 22 27 24585.5 111 14, 181 6, 170 7, 180 5, 104 12, 185 11, 177 11, 163 3.34969
DJ638YT 19 20 24591.2 85 12, 124 10.0645
LT784YF 15 27 24595.4 172 5, 91 13, 154 12, 94 13, 104 12, 83 15, 170 6, 159 8, 155 8, 132 13, 95 9, 190 13, 116 9, 119 13, 81 9, 86 7, 143 5, 153 2.14379
VR521VW 24 29 24603 187 10, 93 12, 106 7, 142 14, 112 7, 186 5.95699
MW533AA 11 13 24607.3 83 15, 86 7, 113 2.71681
SA707NK 12 20 24614.1 182 7, 125 8, 145 8, 130 11, 98 5, 129 7, 103 14, 91 12, 91 15, 168 8, 99 9.89899
JX477YV 23 25 24621.2 114 11, 153 9, 98 6, 163 5.90798
NN520EE 3 28 24622.2 136 9, 189 14, 147 6, 100 7, 105 13, 102 10, 151 15, 148 13, 147 15, 150 11, 116 12, 130 6, 124 15, 120 5, 173 14, 103 6, 183 9, 125 7, 148 13, 186 9, 135 8, 156 10, 96 6, 101 9, 104 14, 168 9, 127 15, 124 8, 159 0.0188679
RR501TN 26 28 24631.4 166 12, 133 2.43609
GG298TW 17 28 24640.1 83 14, 138 8, 109 12, 114 14, 173 6, 177 14, 100 11, 97 11, 180 15, 100 14, 168 6, 162 7, 115 6, 106 8, 98 4.7449
VK071VB 20 23 24648.6 188 5, 171 7, 93 5, 125 11, 106 12, 187 0.807487
VJ227CV 2 17 24655.9 170 15, 140 15, 100 9, 103 11, 114 13, 153 15, 144 14, 153 12, 134 7, 116 13, 131 15, 120 6, 123 12, 82 8, 151 9.82119
DK070GZ 25 26 24660.9 108 14, 170 5.15294
EG569XL 7 10 24668.1 125 6, 175 13, 155 5, 187 6.31016
HM353WK 14 15 24671.3 142 6.50704
KX696KK 9 10 24676.4 154 8, 144 4.27778
NY935PR 8 14 24685.1 174 6, 190 14, 101 5, 143 11, 135 13, 184 4.78804
KL102ZW 14 26 24690 109 12, 124 6, 113 5, 154 15, 111 7, 104 6, 143 8, 108 9, 150 10, 103 7, 138 8, 112 8, 85 9, 82 7, 151 12, 93 11, 115 11, 156 9, 80 8, 81 2.2963
GC875LJ 1 9 24697.9 126 11, 176 8, 148 10, 92 10, 111 14, 155 12, 153 14, 175 11.84
HV984TK 11 26 24702.1 188 9, 185 7, 155 12, 100 14, 140 12, 119 13, 180 6, 106 8, 80 12, 132 13, 158 6, 134 11, 179 14, 143 10, 94 12, 134 14, 123 11, 172 2.85465
JW875YW 10 14 24708.9 151 7, 117 10, 103 8, 136 5, 101 9, 182 5.62637
EG349PR 8 24 24714.6 108 9, 167 5, 97 12, 179 7, 157 11, 176 14, 146 12, 141 11, 117 6, 107 9, 175 7, 94 6, 116 6, 122 14, 87 7, 133 15, 148 12, 177 7, 190 5.5
GJ802HG 23 29 24722.6 110 6, 93 8, 188 15, 138 10, 149 8, 91 5, 109 8, 108 10, 92 5.03261
AE309PC 28 29 24731.3 86 6, 107 2.46729
ND266AL 6 7 24739.4 178 5.86517
DL616AL 11 27 24746.3 92 12, 143 11, 93 13, 85 15, 155 7, 169 15, 170 11, 186 5, 143 10, 172 15, 114 6, 82 11, 130 14, 170 8, 97 6, 116 5, 147 10, 88 9, 148 9, 81 13, 174 4.89655
VJ808RV 22 23 24755.5 165 6, 152 7.97368
JP720WP 24 25 24760.5 158 5, 142 9.39437
JH986ZY 18 19 24766.4 84 8.07143
AJ987RY 2 27 24769.1 186 9, 107 12, 133 7, 89 13, 112 11, 177 6, 152 11, 99 11, 188 7, 161 11, 181 6, 107 10, 190 10, 171 10, 182 14, 158 10, 104 12, 123 15, 80 10, 108 9, 138 12, 103 12, 98 14, 125 8, 125 6, 86 5, 177 14, 130 9, 108 13, 190 11, 138 0.297101
JX722VB 10 23 24772.5 85 14, 93 12, 98 9, 114 8, 92 11, 98 14, 142 6, 111 5, 117 9, 171 9, 162 11, 129 15, 85 15, 149 8, 151 7, 169 10, 130 0.107692
BD347CC 23 29 24777.6 105 8, 132 12, 94 12, 90 13, 101 8, 99 9, 181 14, 154 4.61688
RY959EY 3 5 24782.8 186 12.6452
GH723GB 28 29 24785.6 190 4.10526
FT239NM 5 12 24788.3 144 7, 104 15, 177 15, 151 5, 121 6, 185 9, 133 7, 127 9.82677
ZA735YX 27 28 24790.2 113 5.15044
BT173PS 3 14 24792 87 13, 167 5, 184 11, 139 5, 169 13, 126 7, 108 9, 86 10, 145 6, 92 10, 111 12, 131 9, 135 11, 122 10, 159 2.60377
SZ368ZK 18 21 24797.9 84 7, 109 9, 91 14, 141 12, 164 4.54268
ZY098ZK 22 23 24799.7 163 8, 114 7.87719
AS538WY 28 29 24804.5 138 5.65217
VD684SA 28 29 24812.7 171 4.5614
ZV561MG 14 29 24821.7 97 10, 167 14, 114 12, 168 11, 86 9, 141 12, 144 15, 130 12, 149 7, 147 9, 136 12, 159 13, 179 7, 98 5, 181 9, 135 7, 147 2.29932
GC382YE 5 7 24824.4 168 7, 160 6, 82 6, 172 8.09302
SC123BP 5 7 24828.7 170 7, 156 12, 88 10, 119 0.655462
BB481AH 17 22 24835.5 131 13, 142 6, 121 10, 108 7, 143 12, 105 10, 173 4.17919
ZD758YW 18 22 24837.3 120 9, 102 14, 140 14, 164 10.2195
JF653GA 19 26 24840.9 98 6, 187 10, 104 14, 107 10, 91 14, 146 15, 184 9, 144 15, 105 14, 91 5.53846
AN494JG 9 24 24842.8 108 10, 146 11, 183 14, 152 8, 106 15, 189 12, 82 7, 121 15, 91 11, 150 15, 137 15, 91 6, 174 7, 175 6, 155 8, 135 9.35556
LG112TW 16 29 24845.6 100 12, 93 5, 125 14, 115 5, 168 14, 109 14, 157 10, 170 12, 145 15, 165 8, 147 12, 141 11, 140 13, 146 4.87671
XL112KZ 1 10 24853.2 88 12, 166 13, 85 14, 141 14, 161 15, 171 8, 98 12, 120 11, 155 12.9871
SV226EY 1 26 24859 125 6, 171 6, 124 13, 82 9, 81 15, 127 5, 85 8, 179 7, 89 11, 180 11, 132 6, 184 14, 156 6, 109 5, 161 8, 139 10, 86 14, 149 14, 188 15, 102 6, 89 6, 135 14, 175 10, 160 12, 122 11, 118 7, 171 5, 144 9, 87 11, 153 7, 88 9, 169 6, 162 7, 157 1.0828
RR472WE 3 13 24860 90 12, 98 10, 132 15, 127 5, 86 5, 84 10, 97 9, 127 11, 115 6, 118 13, 93 5, 138 5, 89 7, 161 12.441
BF891KX 27 29 24864.8 173 6, 172 1.88372
KY966XX 5 16 24872.8 124 13, 165 6, 176 9, 140 10, 102 5, 148 14, 102 5, 148 7, 186 5, 103 10, 143 9, 111 11, 91 14, 142 10, 93 4.27957
GE705KH 26 29 24881.1 87 15, 91 8, 125 5, 121 3.61983
VH383PH 26 28 24885.8 181 12.7956
JG832AC 3 22 24893.9 103 9, 108 8, 154 15, 129 13, 101 13, 103 10, 151 10, 185 8, 84 11, 80 7, 190 8, 132 13, 86 15, 101 15, 144 14, 87 7, 151 14, 178 10, 117 7, 148 12, 180 4.6
FV274GY 1 2 24903.2 154 5.37662
WP458HG 18 25 24909.8 144 15, 161 9, 143 13, 173 14, 181 8, 88 7, 138 8, 152 9.67105
TS353JB 1 3 24919.5 86 7, 136 11, 182 5, 99 3.13131
SK007ZL 16 22 24921.7 86 7, 96 11, 122 10, 189 8, 85 5, 170 8, 99 11, 132 11, 159 1.48428
GK274SH 14 27 24928.1 118 14, 146 5, 87 12, 98 9, 174 6, 105 8, 145 6, 158 14, 115 10, 168 15, 114 14, 180 12, 153 11, 119 10, 103 7, 91 12, 119 5.73109
DN537CS 7 19 24936.5 183 8, 110 6, 188 13, 93 12, 84 7, 124 14, 145 9, 144 14, 99 7, 142 6, 109 13, 81 6, 155 12.6645
YY131VE 4 5 24939.3 94 8, 186 0.408602
WG073ZC 14 17 24944 169 12, 129 11.814
XM932LK 14 27 24950.1 121 5, 140 14, 94 9, 179 10, 108 10, 114 7, 155 12, 160 6, 123 7, 182 14, 131 12, 144 5, 165 15, 87 8, 183 11, 145 6, 154 2.68831
PX765PE 26 28 24952 128 5, 91 15, 111 2.8018
DB073AP 16 25 24953.4 158 12, 189 6, 81 5, 142 10, 113 13, 188 9, 153 15, 148 8, 81 8, 156 5, 156 8, 183 6.36612
ML497NP 21 27 24960.6 153 14, 153 9, 111 14, 162 11, 163 7, 105 14, 164 10, 144 1.83333
TX949XM 14 25 24964 160 12, 182 15, 95 12, 113 5, 182 15, 149 9, 122 5, 89 5, 120 10, 114 9, 182 13, 153 7, 105 7.6381
AS217ZZ 11 16 24967.9 97 7, 85 10, 157 15, 175 15, 158 6, 153 0.673203
EC062PF 5 26 24977 131 14, 117 11, 143 15, 134 13, 187 7, 109 9, 129 15, 163 12, 90 14, 85 10, 122 12, 90 11, 163 12, 139 15, 106 13, 144 14, 159 6, 184 11, 102 6, 186 7, 147 9, 89 5, 130 5, 128 15, 128 4.53125
YP201EK 4 23 24982.5 144 7, 183 7, 166 10, 145 15, 130 5, 146 9, 174 14, 134 8, 134 10, 187 12, 173 7, 145 8, 170 7, 182 5, 159 10, 99 6, 126 9, 133 12, 161 10, 154 12, 168 7.33929
RN872RM 8 23 24985.1 180 14, 187 13, 174 15, 113 7, 185 11, 135 13, 135 10, 174 13, 153 15, 145 5, 161 13, 154 8.53896
DV529HJ 10 28 24990.6 157 13, 180 14, 100 11, 164 5, 123 10, 190 10, 180 5, 132 11, 100 11, 121 10, 124 13, 180 9, 158 9, 113 12, 109 13, 126 12, 149 14, 103 5, 151 6, 83 5, 146 8.08219
JT057FL 28 29 24995.5 114 6.84211
PG368HY 26 29 25005.1 105 15, 82 9, 144 5.4375
RD693TJ 22 29 25011.2 178 8, 164 7, 136 10, 97 6, 177 5, 93 8, 131 8, 177 13, 104 15, 104 7.84615
LB214RN 4 19 25021.1 119 13, 121 11, 110 5, 161 13, 171 6, 171 15, 110 13, 110 11, 116 12, 90 8, 158 6, 81 11, 81 5, 131 8, 157 5, 182 15, 187 4.90374
SG829VW 27 29 25025.6 184 7.40217
KC606DJ 4 19 25034.1 107 8, 190 7, 159 7, 113 14, 148 14, 92 12, 172 14, 139 14, 97 15, 108 15, 138 13, 169 6, 112 12, 121 14, 112 2.28571
DR235NV 26 29 25043.3 188 5, 92 14, 122 7.11475
SK328AM 7 19 25047.7 117 8, 94 12, 117 12, 93 7, 116 8, 141 7, 121 8, 141 13, 181 10, 139 15, 165 14, 182 9, 135 0.459259
PA619ZM 12 22 25055 140 10, 107 5, 131 5, 104 13, 138 5, 114 10, 164 9, 126 15, 91 13, 105 5, 106 8, 103 6, 142 5, 178 14.9213
PY947VW 8 26 25061.4 139 7, 154 5, 143 12, 109 9, 82 9, 115 15, 182 11, 89 15, 167 12, 91 15, 92 14, 151 15, 152 13, 123 8, 152 8, 181 14, 155 10, 102 10, 155 14.9032
BV338NB 19 27 25071.2 91 15, 162 8, 188 14, 107 13, 185 11, 142 11, 186 10, 133 11, 108 8, 188 8
VD148KJ 21 29 25075.7 125 13, 142 15, 125 7, 82 11, 155 15, 150 11, 144 9, 138 11, 133 3.09023
BR484DX 1 26 25078.5 121 6, 118 10, 146 5, 81 5, 180 7, 148 11, 155 14, 84 6, 186 10, 161 7, 112 15, 154 6, 180 13, 145 8, 170 6, 115 7, 136 10, 139 7, 139 14, 114 13, 169 5, 121 13, 166 9, 118 10, 109 9, 122 15, 138 5, 150 7, 108 10, 120 11, 183 14, 135 5.8
RP060VP 9 27 25079.9 135 7, 188 10, 164 9, 131 12, 157 13, 148 14, 179 14, 128 6, 156 13, 130 13, 112 8, 82 6, 100 11, 161 7, 88 15, 142 12, 172 8, 108 7, 156 15, 99 13, 160 1.275
HA583VR 6 20 25086.4 137 10, 103 10, 182 14, 181 12, 123 12, 185 9, 129 10, 154 10, 145 14, 83 5, 163 8, 105 5, 177 8, 166 7.65663
EY329WH 28 29 25087.7 133 5.86466
KM950EJ 9 10 25090.1 155 6, 153 6
KC277YF 14 25 25091.2 143 13, 99 11, 156 6, 150 11, 94 9, 126 11, 139 13, 88 6, 124 7, 124 8, 102 11, 114 14, 184 10, 160 8.91875
MF852XC 13 25 25095.2 149 13, 164 14, 143 14, 110 6, 108 6, 163 12, 92 13, 159 5, 153 12, 185 12, 168 9, 85 5, 144 5, 85 15, 98 5, 85 9, 96 0.09375
WP335FS 4 15 25103.5 93 6, 186 13, 102 15, 169 5, 152 5, 88 5, 133 10, 157 6, 166 8, 138 7, 87 12, 164 14, 170 11.5235
XC665EL 9 22 25109.4 184 15, 102 11, 80 6, 187 14, 115 11, 182 14, 83 14, 125 11, 160 5, 132 8, 138 7, 143 15, 160 4.85625
FM911AD 19 28 25114.4 167 15, 142 8, 101 6, 95 9, 168 5, 161 8, 130 9, 134 11, 125 14, 149 6, 83 6, 178 13, 138 8.86957
YL026KL 20 28 25117.7 170 15, 189 13, 124 15, 143 14, 106 14, 163 12, 163 9, 171 2.98246
EL110ZT 3 27 25127.2 183 12, 179 7, 111 8, 182 7, 158 14, 168 15, 103 10, 132 11, 169 11, 86 13, 109 8, 151 12, 141 10, 102 5, 117 8, 175 12, 184 12, 172 6, 124 11, 111 12, 169 12, 118 6, 97 6, 98 11, 131 13, 105 12, 174 11, 109 3.97248
SM667BF 1 29 25134 123 5, 190 11, 156 7, 189 14, 172 10, 119 9, 99 7, 161 13, 84 15, 118 10, 141 11, 96 5, 167 14, 176 8, 174 10, 177 8, 84 6, 105 13, 163 11, 100 15, 134 9, 97 12, 165 8, 175 10, 130 8, 91 6, 86 7, 159 13, 168 11, 105 11, 112 11, 158 8.09494
VL763HW 25 27 25136.6 121 5, 85 5, 90 14, 176 9, 94 2.6383
SS156ZW 7 23 25140.1 101 10, 165 12, 117 14, 105 7, 178 7, 178 9, 103 8, 183 6, 96 5, 113 13, 152 12, 110 15, 83 5, 129 8, 163 11, 111 14, 151 11, 158 9, 153 6.37255
KZ145AM 27 29 25144.7 95 11, 104 3.04808
AK323XR 23 29 25145.8 95 8, 190 10, 149 15, 134 12, 186 9, 181 6, 166 2.42771
PY392MA 7 23 25155.7 152 8, 161 7, 137 8, 82 5, 160 9, 190 11, 182 8, 114 13, 125 10, 179 11, 80 11, 156 9, 187 15, 111 13, 125 6, 132 5, 139 6, 108 6, 129 11.2248
YM116CG 2 16 25158.7 96 11, 149 8, 148 5, 170 12, 99 12, 124 9, 157 5, 81 9, 136 14, 111 15, 163 6, 118 14, 168 8, 156 12, 134 14, 147 13, 117 0.581197
WN418ES 19 23 25168.5 182 15, 161 5, 88 13, 95 15, 182 8.59341
SH486ZF 8 10 25169 125 14, 83 6, 174 2.90805
VX289SG 24 29 25172.6 142 8, 121 10, 134 6, 174 6, 174 10, 87 10, 104 7.73077
LG395KN 3 29 25177.3 101 6, 172 14, 130 5, 116 10, 116 9, 118 9, 105 6, 185 14, 110 9, 91 11, 130 10, 100 15, 121 8, 178 11, 136 7, 83 14, 85 5, 155 7, 122 6, 149 13, 183 13, 155 11, 91 10, 171 10, 132 7, 85 7, 181 13, 89 12, 171 13, 185 13.0757
MK219YL 22 23 25184.2 181 9, 101 5.67327
LW763LB 15 17 25188.7 96 11, 88 10, 153 4.52288
SE491YK 2 10 25196.6 107 15, 86 13, 95 7, 157 9, 136 9, 189 6, 170 5, 144 10, 140 13, 170 8, 105 10, 91 1.79121
HC910EF 20 26 25199.8 164 8, 126 13, 136 6, 160 7, 173 11, 120 14, 156 9, 116 5, 102 13, 156 1.22436
YY119DH 26 27 25202.9 115 13, 161 1.48447
KV235MD 16 27 25205.8 165 9, 138 6, 167 7, 105 11, 82 11, 124 15, 121 10, 131 11, 166 14, 181 5, 160 7, 181 14, 169 13, 103 3.18447
LB777EH 24 29 25215.6 110 15, 89 5, 139 11, 83 10, 92 6, 149 9, 91 10, 156 2.25
ZY389FK 22 23 25219.5 189 11.6508
KZ751DG 21 26 25229.2 91 12, 122 11, 108 11, 154 8, 129 11, 168 8, 121 15, 181 1.12707
TG394SE 1 18 25230.2 151 8, 83 5, 123 8, 169 10, 168 6, 120 7, 132 12, 125 11, 80 15, 101 10, 145 11, 109 10, 162 13, 183 11, 112 10, 164 10, 138 12, 158 5, 152 9, 188 5.6383
CD813GN 7 26 25236.2 110 8, 142 15, 185 8, 134 7, 167 14, 80 8, 186 15, 81 12, 97 9, 90 7, 89 9, 153 7, 159 15, 184 10, 160 8, 143 8, 175 12, 131 12, 85 9, 137 14, 187 11, 155 2.4129
VP579JJ 5 20 25242.2 177 10, 109 12, 189 5, 152 8, 80 14, 81 13, 138 6, 133 8, 95 15, 83 15, 94 13, 167 12, 102 9, 84 14, 114 14, 154 6, 188 11, 179 6.40223
CT886CH 11 28 25247.2 187 6, 177 9, 80 5, 145 10, 108 9, 87 10, 132 5, 128 9, 170 8, 80 7, 152 13, 115 12, 150 7, 143 9, 86 14, 141 15, 128 10, 179 10, 179 8, 93 10, 105 10, 128 11, 153 3.65359
KY354YH 19 29 25255.6 125 14, 139 6, 148 10, 116 15, 135 14, 145 5, 187 9, 104 9, 135 11, 121 15, 122 15, 84 13.881
SS458TH 9 13 25259.8 148 10, 134 9, 142 6, 162 7.2716
SX813LE 12 23 25268.6 170 5, 172 9, 125 12, 130 11, 158 9, 130 14, 178 11, 188 13, 111 6, 171 14, 122 7, 171 5, 104 1.33654
NF604SM 16 24 25275.8 138 11, 117 8, 165 12, 173 12, 130 12, 84 7, 103 6, 115 7, 177 12, 175 5.75429
RL318PA 24 26 25281.3 172 7, 188 12, 163 6.45399
KP121YP 19 23 25288.3 178 9, 114 9, 96 7, 131 10, 126 5, 120 13, 189 4.59259
ZE362YM 2 25 25290.3 168 7, 104 12, 122 15, 89 11, 98 12, 99 7, 102 10, 96 10, 157 7, 134 11, 124 14, 128 10, 115 8, 155 12, 145 6, 108 12, 126 10, 126 13, 101 9, 124 12, 85 6, 168 6, 185 14, 108 15, 100 7, 92 11, 183 12, 176 5, 107 12, 189 3.91534
PH318VJ 12 22 25294.3 168 12, 151 14, 93 10, 117 8, 82 5, 183 7, 123 10, 125 14, 108 14, 161 15, 117 6, 148 2.58108
WK185AV 27 28 25299.3 110 5, 117 0.273504
NS127BF 5 28 25305.4 186 14, 102 8, 137 9, 138 8, 145 14, 128 15, 92 8, 177 9, 127 7, 180 12, 151 11, 129 8, 124 14, 149 6, 114 7, 97 7, 162 5, 94 13, 118 12, 116 5, 80 6, 84 15, 165 15, 98 11, 85 13, 91 12, 153 12, 190 9, 166 2.1988
MK631WC 9 27 25311.6 109 14, 141 14, 89 15, 179 8, 121 9, 154 12, 177 12, 132 8, 172 11, 134 13, 123 14, 120 5, 168 15, 110 5, 109 7, 95 13, 183 14, 122 10, 142 14, 112 3.58929
BF121CD 7 24 25318.7 125 11, 166 10, 109 10, 127 7, 96 10, 157 9, 90 8, 127 14, 125 6, 81 15, 92 9, 166 11, 86 7, 80 15, 182 9, 103 12, 174 14, 116 10, 95 12, 146 14, 99 5.11111
XD686NN 17 28 25321.4 134 5, 100 5, 176 11, 88 8, 183 13, 173 8, 141 15, 107 11, 147 12, 173 8, 118 10, 137 15, 95 15, 147 2.89116
KW769EP 9 24 25322.1 136 11, 168 8, 178 8, 133 14, 119 12, 140 8, 157 14, 155 6, 98 13, 172 14, 147 10, 81 6, 102 12, 94 10, 185 11, 84 12, 174 3.94828
XR963HX 7 27 25325.2 97 12, 169 11, 157 8, 119 6, 150 5, 89 10, 90 8, 144 6, 131 12, 89 6, 155 11, 81 14, 118 9, 165 15, 125 13, 190 12, 172 9, 80 14, 180 8, 189 11, 93 5, 160 11, 141 14, 138 9, 96 5
LB609DD 26 29 25328.4 116 14, 139 6, 140 4.55714
LG886GT 3 28 25333.4 114 9, 82 15, 131 6, 120 15, 165 10, 140 9, 182 8, 155 8, 81 13, 152 14, 142 8, 100 13, 82 8, 162 8, 84 10, 175 11, 180 9, 163 5, 108 13, 106 14, 159 12, 116 7, 101 13, 122 7, 169 14, 137 14, 97 11, 148 6, 170 5, 140 11.3214
HS471ET 22 28 25338.7 93 8, 112 6, 115 10, 92 6, 122 10, 90 7, 184 12, 173 15, 127 6, 89 6.23596
TN951HW 22 26 25340 181 9, 91 14, 122 10, 169 6, 124 15, 126 8, 110 6.97273
JR940TX 1 24 25349.1 101 10, 123 5, 111 14, 104 5, 128 5, 132 7, 159 15, 112 11, 170 6, 85 8, 123 12, 130 7, 129 7, 118 6, 156 12, 152 9, 111 9, 90 11, 115 9, 179 13, 167 5, 98 13, 172 13, 135 9, 161 10, 151 10, 156 10, 133 9, 157 9.87898
VE393VS 21 23 25353.9 90 14, 185 7, 118 4.33051
CR258KS 14 17 25357.5 173 13, 98 9, 115 3.66087
RA626GY 9 24 25363.8 87 15, 103 11, 161 12, 164 14, 121 15, 143 12, 136 5, 84 15, 186 15, 175 13, 139 5, 126 11, 120 12, 128 7, 139 7, 139 5.33813
ZS921ZA 6 29 25365.2 125 5, 151 8, 184 12, 121 9, 179 8, 82 11, 95 11, 128 12, 183 7, 80 14, 177 6, 94 15, 117 10, 81 9, 146 5, 109 9, 184 14, 149 13, 145 9, 129 5, 133 8, 172 14, 90 8, 176 12, 183 15, 161 6.69565
FN766ZS 12 24 25368.1 106 11, 151 10, 98 14, 113 12, 161 5, 126 9, 113 5, 85 11, 96 14, 145 14, 148 10, 102 11, 119 13, 144 14, 178 6, 167 2.92216
SP223SP 23 27 25370.6 164 8, 119 9, 189 13, 100 6, 137 10, 147 10, 85 0.282353
XS009KP 10 29 25378.2 129 5, 150 9, 115 8, 127 9, 162 9, 95 13, 93 13, 116 7, 182 14, 88 8, 98 6, 166 8, 105 14, 124 14, 111 7, 176 11, 80 10, 91 6, 185 14, 137 15, 155 5, 106 9, 91 13, 182 1.82418
ND364TK 18 25 25384.8 131 9, 183 6, 156 5, 121 7, 188 15, 184 6, 147 5, 176 11, 109 14, 167 3.01198
YV365BH 17 28 25386 123 15, 148 13, 187 6, 185 6, 142 10, 89 11, 159 14, 123 11, 107 12, 131 15, 86 10, 129 8, 167 11.8443
KY483AF 25 27 25391.7 121 11, 176 10, 188 5.48404
CT037RF 21 22 25395.9 174 4.96552
XP991LJ 28 29 25399.7 141 5.53191
EF326AN 18 25 25404.8 91 13, 145 11, 174 7, 187 12, 156 9, 95 13, 142 14, 154 7, 123 4.73984
ED595GV 15 17 25413.7 100 13, 154 7, 92 2.71739
EX661JS 18 21 25420.8 128 9, 121 12, 177 11, 139 5.2446
HW303DN 26 27 25421.7 88 7, 89 12.5618
DB292XN 12 26 25429.2 170 9, 167 8, 172 7, 161 13, 128 15, 165 8, 177 7, 165 12, 185 15, 150 9, 146 6, 186 7, 95 5, 87 14, 90 12, 122 10, 160 9.575
PJ811KW 22 27 25432.2 154 7, 86 8, 169 7, 136 6, 127 5, 92 15, 161 12, 135 11, 173 7.56647
ZY136PF 14 27 25439.6 126 8, 182 9, 99 6, 131 13, 127 6, 179 9, 144 11, 167 5, 123 12, 101 5, 114 9, 172 13, 182 13, 175 11, 147 13, 118 7.52542
KS373RS 11 20 25441.3 82 12, 90 8, 180 6, 126 15, 127 11, 190 14, 181 7, 186 8, 125 14, 150 0.52
XA665LE 17 26 25445.7 96 8, 97 9, 171 7, 121 11, 124 14, 125 15, 125 9, 154 14, 130 9, 161 8, 95 6, 149 8, 133 6, 92 5, 180 1.35
WJ170PF 17 20 25446.8 137 6, 176 8, 91 15, 95 12, 184 0.418478
SD029FA 15 17 25447.6 113 8, 180 9.57778
JJ879GM 14 24 25452.3 178 10, 149 5, 128 10, 145 8, 180 9, 170 11, 115 5, 88 12, 166 9, 185 15, 171 5, 187 3.27273
ZE271PX 27 29 25458.9 122 8, 131 2.94656
PE445NL 13 28 25465.7 176 5, 119 5, 127 11, 181 15, 114 11, 123 7, 178 10, 160 11, 163 5, 166 8, 95 15, 142 11, 167 9, 91 6, 154 14, 83 11, 118 12, 174 8, 155 7.40645
KN052VM 24 29 25472.9 141 13, 107 12, 174 11, 140 9, 172 7.65698
DS973VW 21 24 25479.9 161 12, 174 7, 148 5, 174 5, 157 2.31847
ND393JZ 6 26 25488 121 13, 109 6, 93 13, 130 8, 89 8, 158 10, 80 13, 144 13, 84 9, 108 13, 146 6, 177 8, 181 10, 160 6, 135 13, 131 6, 150 15, 130 9, 82 10, 141 8, 81 6, 175 5, 114 6, 148 13, 164 8, 108 5, 123 5, 132 5.87121
LL569PB 4 28 25490.8 122 8, 134 14, 151 5, 85 14, 131 10, 112 15, 101 11, 131 11, 160 6, 149 9, 124 7, 170 7, 150 7, 99 14, 121 15, 148 5, 176 13, 178 8, 108 15, 92 12, 163 13, 104 14, 164 8, 84 12, 188 11, 133 14, 109 11, 146 6.80137
WJ402CB 14 25 25493.3 103 15, 156 8, 135 11, 82 8, 103 13, 124 7, 149 14, 185 11, 165 12, 159 8, 127 9, 167 8, 88 10.8295
HY197VC 8 10 25498.7 121 9, 142 11.7254
BC162ZG 11 19 25506.2 102 9, 133 9, 130 14, 93 6, 161 10, 136 8, 141 9, 115 8, 90 6, 156 7.21795
VS995JZ 14 23 25514.2 166 9, 82 9, 93 9, 81 5, 188 7, 189 5, 114 12, 179 10, 148 13, 150 5, 174 12.6264
AG926JL 2 6 25518.5 172 9, 88 5, 120 13, 96 13, 127 12, 165 9.07879
GL815CS 25 27 25522.3 107 10, 134 14, 102 5, 126 5.28571
YX572CF 3 28 25527.9 110 6, 121 11, 109 13, 85 11, 118 15, 89 12, 102 14, 170 6, 176 14, 157 6, 146 15, 119 6, 163 8, 178 14, 123 6, 90 8, 163 13, 160 9, 157 8, 143 10, 150 13, 139 10, 115 10, 162 5, 82 6, 177 13, 86 10, 104 14, 114 12, 122 3.69672
TG497PA 23 25 25533.6 137 6, 90 14, 189 11.1111
YP042NE 3 7 25538.8 107 15, 126 15, 149 8, 183 9.20765
NX178EE 8 27 25540.1 136 15, 164 12, 88 13, 95 12, 159 15, 183 8, 176 12, 97 8, 178 5, 127 5, 120 10, 94 6, 96 15, 163 5, 144 15, 165 7, 90 13, 82 5, 189 12, 122 6, 178 13, 190 8.96842
PS245DH 9 18 25549.3 127 14, 171 6, 161 13, 139 11, 147 8, 112 8, 139 14, 102 6, 185 8, 109 3.61468
YK877LA 12 25 25554.5 112 14, 85 6, 178 11, 127 9, 99 12, 89 10, 188 5, 112 6, 181 14, 100 11, 170 9, 106 13, 110 11, 136 10, 157 11, 107 5, 190 8, 174 1.71839
MP629FP 20 24 25561.6 138 11, 141 12, 133 7, 118 13, 97 9, 108 8.42593
WT715LV 21 28 25567.2 163 15, 148 5, 167 12, 138 6, 189 13, 156 7, 165 14, 83 0.915663
ZK899HB 25 29 25569.6 95 6, 82 8, 81 12, 101 6, 94 12, 176 8.81818
TA456JA 12 28 25570.3 107 12, 171 9, 173 7, 85 6, 91 12, 99 14, 179 5, 82 8, 182 8, 121 15, 129 6, 143 12, 139 10, 136 8, 188 15, 151 13, 162 7, 85 7, 105 8, 123 13, 94 10.6702
CV436ED 21 23 25573.6 82 6, 84 15, 136 7, 167 2.16766
DF374DA 25 26 25579.3 169 9, 84 10.3214
XG881PH 23 25 25581.8 140 10, 110 7, 110 8, 129 8.77519
BW758TK 3 29 25589.6 83 6, 110 13, 129 9, 132 5, 125 9, 94 12, 154 6, 144 13, 117 8, 90 9, 129 7, 123 6, 154 14, 83 6, 144 6, 162 15, 108 9, 135 15, 116 9, 144 9, 151 9, 155 6, 119 13, 112 5, 116 10, 150 11, 145 9, 94 8, 125 14, 104 5, 80 14, 170 7, 111 9, 121 5, 151 9, 101 1.68317
JD689YE 19 25 25599 99 6, 136 15, 107 9, 183 13, 176 12, 97 9, 109 9, 119 9, 170 4.92353
CK540XZ 26 27 25608.7 137 5, 122 8.59836
TN720RS 7 14 25617.7 109 9, 162 14, 116 12, 184 13, 140 7, 163 14, 122 2.86066
SX009LE 10 18 25626.4 111 12, 104 13, 137 5, 132 14, 139 15, 115 13, 89 9, 136 10.9118
KA850AZ 18 20 25633.4 123 13, 115 11.713
YH654CK 24 28 25637.9 173 6, 91 13, 116 8, 180 8, 94 9, 88 7, 114 6.81579
HX050GR 16 22 25641.3 175 14, 143 8, 142 14, 90 9, 152 11, 125 7.104
DY586HC 5 8 25647.1 105 13, 124 8, 141 12, 81 13, 117 9.77778
WC420VD 8 17 25651.6 80 9, 109 12, 103 11, 102 8, 138 14, 134 6, 186 13, 107 12, 137 7, 131 4.54962
GR177EV 23 26 25656.1 87 7, 130 6, 135 14, 124 9, 143 13, 109 2.89908
CJ566CW 23 25 25663.8 111 15, 172 9, 166 5.83735
EH326EX 22 29 25667.2 122 5, 164 10, 110 7, 119 12, 108 6, 190 6, 190 15, 178 10, 99 5, 146 3.4726
YE918BB 1 18 25671 116 10, 175 6, 114 9, 167 8, 159 7, 104 8, 109 11, 161 7, 93 15, 170 11, 154 13, 166 10, 178 10, 99 14, 118 5, 87 15, 103 13, 141 10, 123 9, 153 5, 135 2.22222
MX011TL 21 28 25678.6 96 5, 87 15, 147 7, 167 5, 137 14, 167 13, 174 14, 171 6, 100 6, 167 0.91018
AT820LM 14 28 25685.7 164 11, 180 13, 169 12, 114 5, 90 9, 108 10, 172 7, 120 7, 109 10, 112 10, 110 15, 143 11, 156 11, 157 7, 131 8, 105 15, 127 8.68504
TS379ST 27 29 25689 136 10.0147
XS837BC 25 26 25694.1 109 15, 172 4.37791
MM795ZA 23 28 25701.4 188 15, 186 8, 169 11, 166 5, 181 6, 128 6.27344
TJ815LY 18 19 25703.4 111 5, 112 1.09821
SV115BP 3 12 25712.7 109 7, 102 5, 114 7, 131 9, 153 12, 152 10, 139 15, 155 7, 159 9, 98 7, 121 8.32231
FK611EH 13 16 25721.5 119 5, 190 7, 130 5, 81 14, 178 9.53371
XH508RH 2 9 25725.8 173 7, 160 7, 155 6, 149 13, 107 12, 96 8, 133 10, 167 12, 166 8, 189 0.433862
RG500PF 17 25 25731.5 185 10, 84 5, 81 7, 176 10, 83 7, 93 6, 89 15, 151 6, 169 7, 185 12, 159 13, 99 5, 133 3.3985
RF818MD 2 4 25739.1 105 8, 95 10, 105 12, 82 5, 180 3.07778
GY153TC 3 14 25746.7 94 15, 109 7, 84 13, 160 12, 109 7, 163 12, 118 13, 123 9, 162 9, 84 5, 179 6, 147 12, 181 9.69613
JG778NH 20 23 25752.2 88 9, 148 11, 124 11, 177 7, 184 2.04891
AZ536WF 26 27 25755.7 127 10, 175 2.65143
XX483ZJ 24 25 25759 183 8, 137 4.81752
JY514ET 14 26 25762 148 11, 190 15, 105 5, 110 7, 176 12, 136 15, 133 9, 142 10, 186 13, 112 5, 163 14, 114 5, 179 7, 105 6.75238
VY897CY 11 22 25765.1 80 5, 189 11, 114 9, 131 13, 171 5, 135 10, 140 7, 137 14, 99 13, 120 14, 160 5, 124 8, 120 12.0167
WS486YN 13 16 25766.8 117 11, 172 14, 119 12, 184 1.53804
FD719TH 10 26 25772.3 93 6, 160 13, 134 13, 124 10, 90 5, 151 8, 180 10, 137 13, 127 12, 84 13, 91 11, 123 15, 132 10, 150 15, 182 14, 137 15, 84 9, 104 7.19231
NT672GY 23 28 25772.9 103 10, 112 15, 80 5, 81 6, 103 14, 120 11, 140 15, 155 2.76129
MJ971WL 21 29 25776.7 114 9, 141 7, 80 5, 125 15, 182 5, 166 11, 94 5, 161 7, 166 13, 82 15, 142 5.09155
YH414NN 4 28 25782.6 130 9, 131 7, 179 10, 92 9, 170 5, 94 6, 140 9, 95 5, 106 15, 112 7, 187 15, 188 12, 125 9, 161 7, 121 15, 171 13, 152 13, 157 6, 82 8, 143 6, 181 13, 174 12, 120 12, 103 9, 87 15, 123 14, 91 14, 84 12.1667
DW232JK 5 13 25787.6 151 5, 145 12, 85 9, 99 15, 141 13, 182 8, 120 12, 150 5, 125 13, 82 0.231707
XJ457PW 13 25 25789.4 83 5, 175 11, 133 5, 170 9, 165 12, 177 11, 190 9, 131 12, 183 8, 128 8, 146 8, 99 8, 97 8, 143 9, 93 15, 127 7, 146 1.39041
AW392TG 19 28 25792.5 118 13, 119 10, 120 11, 100 15, 157 6, 130 13, 148 11, 168 8, 91 13, 164 10, 187 5, 102 14, 159 1.38365
YE778YC 23 26 25795.9 144 9, 81 8, 175 15, 183 9, 93 3.80645
GV823WP 15 26 25801.1 113 8, 166 7, 146 9, 188 7, 188 5, 140 12, 106 15, 133 13, 147 9, 156 6, 118 10, 131 6, 139 15, 151 15, 185 1.08108
MA762BD 21 24 25802.9 185 6, 112 15, 149 7, 146 8.84247
RV717FX 10 17 25806 110 6, 185 15, 140 15, 188 5, 144 15, 99 5.86869
AC585WC 5 15 25814.8 123 14, 152 10, 189 13, 157 9, 114 7, 101 14, 157 9, 179 13, 130 6, 99 13, 106 4.31132
LW529YA 1 3 25817.3 150 9, 183 6, 130 6.69231
CZ548HN 5 16 25819.1 181 6, 167 12, 148 10, 84 13, 170 7, 155 5, 105 14, 137 10, 89 10, 150 13, 189 8, 150 14, 184 1.92935
KP638BL 20 24 25828 89 12, 124 8, 110 8, 166 5, 182 5, 152 11, 81 13.6543
TB732ZB 9 19 25835.7 185 8, 183 15, 85 15, 101 7, 175 9, 176 15, 145 6, 139 5, 142 10, 123 1.63415
GZ078NY 6 19 25838.8 87 15, 158 12, 142 10, 180 13, 129 10, 144 6, 160 9, 100 13, 81 13, 168 11, 154 7, 91 13, 169 4.53846
PG009VA 8 16 25840.4 183 11, 114 9, 147 10, 157 5, 113 13, 158 9, 141 15, 88 8, 176 0.136364
MX598TC 15 26 25849.6 178 13, 100 7, 185 9, 149 5, 175 8, 88 5, 183 14, 169 10, 90 7, 112 7, 165 10, 161 10, 164 8, 180 10, 144 0.75
BA616YZ 11 16 25850.4 81 10, 174 12, 189 13, 97 13, 80 9, 97 2.30928
TY681PM 25 29 25857.4 88 10, 185 5, 175 7, 185 5, 138 10, 136 1.09559
ZJ118YF 11 17 25860.1 83 11, 160 5, 160 10, 154 5, 159 8, 111 7, 130 5, 85 8, 82 12, 140 0.4
RL583SV 12 13 25866.4 172 7.67442
RA615ZS 11 13 25867.9 155 13.8968
XR770DS 24 25 25872.5 159 5, 133 9, 148 0.891892
EZ920ZJ 16 29 25875 157 11, 160 5, 172 5, 81 11, 170 6, 105 11, 122 9, 102 13, 100 7, 142 6, 99 13, 141 5, 135 11, 103 13, 90 14, 149 12, 190 13, 189 0.301587
NS242VJ 1 26 25882.7 116 5, 187 14, 130 8, 101 12, 158 5, 124 10, 180 7, 99 12, 129 11, 175 13, 163 10, 149 8, 172 6, 134 15, 138 7, 132 11, 143 14, 89 7, 134 15, 180 10, 141 5, 99 13, 101 10, 181 12, 117 11, 120 6, 150 7, 95 10, 90 13, 114 14, 128 2.98438
JB623BS 19 20 25886.6 129 11, 155 5, 86 0.860465
HR083GA 3 15 25891.3 131 10, 189 12, 131 6, 142 9, 137 9, 118 13, 183 11, 90 13, 185 7, 107 6, 183 15, 87 5, 117 10.5214
JY700MD 15 21 25895.9 161 9, 139 14, 88 7, 137 11, 114 14, 99 9, 109 6, 125 8.92
YG754AD 21 25 25902.7 177 12, 106 14, 125 12, 171 7, 143 5, 150 1.52
LD810GB 16 17 25912 134 5, 145 1.87586
YE792FC 13 22 25919.1 157 6, 156 8, 180 11, 133 7, 96 6, 171 7, 162 12, 103 7, 126 12, 118 6, 128 6, 141 12, 111 1.25225
PV981GZ 26 29 25921.8 106 10, 94 8, 144 8.91667
KJ044CP 8 9 25930.1 182 4.97802
PR865VH 20 28 25936.7 122 5, 154 15, 173 14, 114 8, 132 11, 143 14, 156 15, 115 8, 181 7.28177
BF987FL 3 17 25939.6 179 7, 106 8, 178 15, 176 10, 134 5, 121 10, 88 8, 148 6, 176 13, 84 9, 149 5, 141 7, 178 8, 107 15, 108 15, 103 11.068
CG565WF 17 19 25941.7 139 8, 109 9, 186 2.42473
TB452EN 7 21 25950.5 126 11, 145 12, 124 6, 119 11, 184 10, 140 11, 91 7, 175 15, 167 15, 97 15, 97 8, 160 11, 114 10, 126 7, 125 8.024
FG158LD 8 19 25957.7 151 8, 160 7, 188 6, 167 9, 188 13, 111 14, 103 5, 170 7, 83 14, 164 10, 101 7, 104 3.29808
EZ037AX 12 26 25958.8 142 9, 106 5, 134 5, 141 15, 146 11, 115 15, 142 12, 81 10, 154 7, 187 12, 84 7, 130 15, 174 10, 108 10, 146 10, 178 15, 146 8.23288
RH096GD 11 14 25968.5 186 14, 93 12, 183 6.72131
FG206VJ 10 25 25974.5 99 13, 180 5, 106 6, 150 11, 180 14, 109 8, 118 11, 138 10, 142 14, 102 6, 143 13, 135 10, 158 9, 123 5, 100 8, 124 9, 175 9, 104 13, 94 4.02128
VF243ZT 9 23 25981.4 124 15, 97 5, 148 15, 93 13, 186 8, 81 13, 153 11, 155 13, 90 15, 174 9, 91 9, 155 13, 107 8, 116 14, 186 5.55376
TE408VH 17 27 25987.9 184 6, 156 12, 111 9, 139 8, 160 6, 80 12, 174 9, 88 8, 190 11, 112 7, 151 9, 139 8, 115 9, 190 15, 126 0.0714286
TK324WD 14 16 25992.3 126 11, 164 7.46341
NJ181GT 3 20 25993.1 119 9, 140 10, 122 13, 99 8, 186 9, 187 13, 128 11, 170 5, 165 10, 110 9, 122 6, 129 6, 98 11, 165 11, 180 7, 161 11, 128 14, 135 15, 87 3.22989
AA308KY 21 26 25997.4 182 13, 125 14, 122 7, 122 12, 142 12, 148 6, 131 4.65649
AS925GF 2 7 26003.7 172 13, 171 5, 95 14, 82 14, 171 12, 144 8.61806
XD345VE 8 29 26007.1 104 9, 115 14, 117 11, 171 10, 125 13, 130 11, 150 10, 112 14, 141 8, 168 9, 96 14, 88 12, 170 5, 162 12, 92 14, 94 15, 166 14, 146 9, 98 8, 126 13, 136 11, 187 5, 185 6.26486
PF585VX 14 25 26009.3 117 5, 99 14, 184 5, 178 8, 89 5, 165 9, 124 6, 181 10, 170 7, 156 5, 155 15, 162 12, 163 10, 180 7.1
ST080AX 3 28 26011.2 160 9, 106 13, 183 7, 111 8, 175 6, 103 13, 171 6, 121 10, 163 6, 116 13, 155 6, 170 9, 136 9, 174 5, 171 12, 147 7, 129 15, 156 6, 127 9, 88 8, 189 11, 99 14, 140 6, 100 13, 82 13, 171 8, 190 7, 151 9, 102 7, 103 11, 128 7, 101 8, 129 7.25581
LY756SZ 11 16 26020 155 8, 115 12, 86 13, 162 15, 138 8, 92 3.13043
VX080WH 26 27 26028.8 142 5, 159 6.44025
NW283HB 27 28 26036.3 83 7.01205
NR192YB 16 28 26045.8 90 6, 106 11, 132 9, 155 14, 181 12, 177 12, 174 12, 184 9, 123 11, 83 12, 113 6, 154 8, 177 14, 180 1.10556
KX689FF 12 16 26046.4 177 6, 85 8, 123 7, 172 7, 121 8, 96 12, 116 6.88793
HX832TV 27 28 26055 112 5.19643
HJ770AG 16 26 26062.6 136 8, 88 11, 144 15, 107 7, 162 13, 142 13, 188 8, 107 5, 177 10, 101 6, 114 9, 171 13, 142 8.0493
VW279FB 6 29 26071.8 82 12, 129 5, 149 5, 149 15, 92 13, 157 7, 159 14, 155 6, 128 8, 110 14, 170 13, 109 9, 103 15, 159 13, 162 7, 168 9, 185 5, 92 6, 156 13, 184 11, 92 10, 98 9, 135 5, 144 13, 95 11, 169 12.5562
XW053ND 28 29 26072.6 182 4.28571
RY148SS 9 21 26076.8 89 7, 160 11, 121 12, 94 9, 183 5, 170 5, 148 12, 93 7, 155 13, 142 7, 173 12, 85 8, 86 11, 178 5, 161 9, 94 3.05319
LW029JS 8 15 26083.7 95 12, 174 11, 176 12, 117 5, 129 13, 163 10, 110 2.58182
LM427VD 8 20 26087.9 132 14, 95 13, 87 14, 140 7, 86 12, 88 6, 177 6, 114 6, 119 12, 176 11, 135 7, 185 11, 121 8, 128 6.89844
EH716HJ 20 26 26089 119 8, 103 13, 163 9, 184 6, 130 5, 150 6, 150 6, 179 7, 190 13, 124 7.54032
WP259HK 4 14 26098.4 98 13, 86 5, 156 14, 148 6, 129 15, 172 11, 89 10, 92 12, 112 9, 86 9, 168 13, 185 5.02162
JB073VJ 2 21 26099.9 176 15, 188 15, 123 11, 128 9, 94 5, 115 6, 102 8, 137 13, 178 13, 88 7, 99 5, 82 13, 142 12, 159 11, 134 10, 140 9, 175 9, 105 11, 174 7, 98 9, 86 5, 119 14, 171 5.91813
ZJ817GL 21 22 26103.5 110 7.85455
CH372PA 1 10 26104 143 6, 182 8, 164 12, 155 13, 91 12, 186 14, 118 7, 154 7, 165 14, 170 2.72353
PC602KX 9 14 26109.7 81 8, 187 14, 126 6, 147 13, 119 13, 84 0.380952
FD254JE 2 7 26114.8 115 14, 153 6, 138 6, 132 10, 149 9, 140 6, 177 10, 98 2.39796
GK185TC 16 29 26119.1 149 5, 87 5, 169 9, 83 14, 89 10, 91 12, 116 10, 168 6, 188 14, 142 8, 116 5, 181 13, 106 12, 148 13, 109 8, 190 5, 96 9, 152 1.47368
FA838AM 7 22 26126.6 147 8, 123 13, 159 10, 113 13, 171 9, 118 13, 116 11, 134 5, 112 9, 144 7, 183 9, 86 11, 132 5, 185 6, 128 7, 163 7, 110 15, 86 12, 150 1.7
VK125VE 12 23 26135.5 155 15, 125 14, 94 13, 121 13, 138 7, 143 10, 116 8, 97 11, 126 13, 111 8, 87 14, 114 5, 89 9, 83 14, 138 2.47826
ZN804ZX 20 24 26139.2 80 6, 86 12, 115 7, 155 11, 114 9, 189 12, 188 0.755319
AD015NS 6 9 26148.2 116 15, 97 11, 90 8, 84 7.72619
PY117JT 12 24 26154.4 94 7, 95 9, 95 9, 146 12, 115 5, 107 5, 144 8, 142 8, 122 7, 83 9, 163 9, 163 14, 110 5, 113 11, 170 9, 133 14, 156 9, 167 2.88024
GY065RP 22 27 26164.3 127 10, 171 14, 128 8, 175 13, 97 7, 164 6, 104 13, 174 3.03448
JM621MG 4 7 26166 168 13, 94 15, 101 9, 186 1.85484
DH691CJ 9 12 26172.9 159 11, 109 7, 165 5.35758
TY710GH 16 25 26181.5 102 14, 139 6, 172 10, 152 9, 106 15, 89 10, 183 13, 120 8, 134 11, 172 5, 139 8, 173 4.16763
FB549PN 21 24 26187.4 154 6, 140 13, 184 11, 82 4.34146
RW448RZ 1 13 26195.2 93 5, 97 11, 188 14, 146 12, 142 6, 99 9, 152 9, 148 5, 126 7, 154 10, 82 14, 143 13, 99 9, 160 9.06875
PX200YB 20 25 26200.2 137 14, 150 11, 151 6, 99 13, 169 15, 146 8.80822
LT160EF 2 28 26202.6 129 11, 163 5, 182 8, 167 10, 118 14, 89 8, 100 10, 179 12, 182 12, 181 6, 85 11, 92 14, 175 7, 190 9, 125 6, 118 9, 145 12, 120 7, 133 14, 100 9, 182 14, 124 14, 141 9, 167 9, 127 15, 172 6, 122 14, 161 11, 132 14, 142 2.69014
ND942LG 25 26 26207.4 117 13, 120 6, 119 1.23529
CK136DZ 5 28 26216.1 102 5, 86 9, 190 12, 185 7, 178 7, 137 11, 119 14, 84 12, 84 5, 92 7, 112 10, 104 11, 129 14, 82 15, 115 5, 100 11, 139 7, 117 13, 149 8, 120 6, 119 14, 177 12, 189 10, 118 13, 160 5, 172 15, 165 6, 182 9, 153 8.89542
LZ761BV 10 24 26225.8 106 8, 137 8, 110 7, 177 11, 111 6, 150 14, 173 11, 168 5, 142 11, 85 12, 170 8, 126 14, 136 14, 108 9, 80 11, 163 11.3742
GC323VP 21 22 26226.4 114 7.57895
ZB230PN 23 26 26234.9 185 15, 83 13, 144 11, 112 10.1071
TH419DC 11 16 26239.5 132 15, 81 10, 117 8, 187 12, 163 6, 133 4.6015
YJ408ZF 28 29 26249.2 170 4.58824
EF762LP 25 26 26255.6 190 10, 185 2.63784
DH373CL 21 27 26258.8 112 6, 137 7, 118 11, 96 12, 88 7, 171 14, 103 11, 115 10, 83 10, 185 6.3027
BB560YT 9 28 26262.8 185 14, 190 13, 114 9, 172 12, 148 11, 165 8, 80 5, 85 14, 117 8, 182 7, 189 10, 131 11, 104 6, 81 14, 175 5, 108 14, 89 14, 104 14, 109 6, 189 7, 94 8, 189 9, 169 3.88166
LZ704EB 26 27 26267.4 117 14, 184 0.521739
MJ174SP 24 25 26276.2 174 6, 174 6.2069
YX201VW 1 16 26279.2 106 8, 95 13, 124 6, 119 6, 160 6, 102 6, 89 12, 169 8, 89 10, 107 9, 162 8, 142 5, 134 14, 127 8, 89 11, 154 12, 169 7, 180 5, 160 15, 85 10, 159 3.14465
CW833AD 12 25 26287.1 170 10, 90 12, 86 5, 139 15, 103 7, 160 11, 183 11, 138 6, 147 6, 104 7, 81 14, 104 7, 82 7, 133 6, 129 10, 120 10, 90 7, 88 9, 102 7, 140 12, 152 1.94079
CA518RC 17 22 26296.2 159 5, 100 7, 128 14, 90 6, 82 12, 89 9, 103 9, 185 7.95135
MF462TD 25 29 26306.1 164 11, 127 10, 189 8, 115 7.8087
SL905JN 17 24 26312.6 130 6, 144 5, 154 15, 166 6, 137 14, 89 9, 118 9, 152 14, 136 8, 179 2.60894
GT188EA 6 8 26313.6 186 14, 139 4.79137
LG228VC 21 26 26318.5 181 14, 96 11, 174 13, 144 12, 112 10, 103 6, 93 3.41935
VV059VT 22 23 26323 103 10, 103 9, 175 1.4
AM918DL 7 14 26330.7 168 11, 170 13, 94 10, 83 8, 81 14, 115 12, 87 15, 135 8.61481
TY581FC 21 27 26334.5 108 5, 132 7, 166 6, 116 9, 141 6, 187 8, 125 9, 135 14, 95 7, 108 12, 165 3.32121
JF423LY 12 15 26341.3 139 9, 180 13, 129 10, 162 0.981481
HC114ZT 1 19 26343.6 115 10, 182 5, 103 6, 177 7, 170 13, 94 8, 111 15, 124 8, 157 11, 140 7, 110 5, 91 9, 185 12, 131 9, 161 7, 123 12, 110 5, 188 12, 122 10, 169 5, 113 5, 152 9.07895
XR399LB 21 25 26348.3 180 12, 85 8, 166 11, 164 13, 127 3.54331
SH022FB 20 23 26350.5 160 7, 93 6, 137 11, 182 6, 104 10.7981
PL222PX 7 20 26354.5 131 14, 90 14, 169 11, 86 5, 95 7, 133 6, 149 8, 121 10, 129 6, 91 15, 184 5, 112 11, 164 15, 85 6, 91 14, 132 9.2803
BW964GB 7 24 26356.4 156 15, 85 13, 127 5, 116 14, 94 10, 188 13, 136 5, 96 11, 176 8, 136 10, 99 10, 121 7, 104 10, 114 7, 133 11, 102 8, 182 11, 183 15, 128 6, 98 11, 153 2.13725
EE372AW 22 26 26357.7 127 6, 154 9, 136 8, 108 12, 110 12, 156 13, 112 7.96429
KE404VJ 11 14 26363.6 107 14, 104 14, 112 7, 116 10.4483
SD076DX 10 27 26369.9 110 7, 184 9, 133 12, 187 6, 172 5, 85 10, 129 6, 126 9, 123 9, 142 12, 112 7, 180 6, 95 7, 186 8, 100 7, 113 7, 138 7, 125 8, 95 13, 111 14, 146 7, 114 14, 139 11, 186 5, 127 6.44882
LG770RE 21 23 26371.9 144 15, 86 7, 129 2.35659
BH517KX 1 29 26375 152 12, 161 11, 183 7, 122 11, 187 15, 99 14, 157 8, 169 11, 100 5, 128 13, 86 7, 188 13, 113 14, 188 7, 159 11, 176 15, 152 10, 132 9, 119 13, 183 11, 145 10, 187 10, 184 6, 142 7, 131 5, 109 9, 168 10, 159 12, 97 8.58763
WR033MZ 15 26 26379.5 117 5, 126 9, 150 6, 135 14, 187 5, 117 13, 159 9, 101 14, 119 9, 185 14, 173 7, 171 9, 154 15, 190 4.62632
DZ865CP 1 9 26385.3 171 9, 166 13, 85 9, 152 15, 179 13, 148 12, 165 11.9818
EY471DB 1 7 26392 140 8, 101 10, 160 8, 182 5, 98 5, 188 9, 107 8, 105 10, 134 9.56716
LT157NK 8 17 26397.8 134 7, 121 6, 141 15, 135 12, 141 12, 152 10, 102 6, 104 9, 181 10.0055
MK236PJ 9 23 26403.7 141 8, 111 8, 84 14, 119 11, 155 11, 176 12, 141 10, 127 6, 150 8, 166 5, 172 6, 189 12, 151 12, 145 9, 110 14, 84 9, 147 0.292517
DR979LK 14 20 26408.5 100 5, 150 5, 143 14, 93 8, 129 8, 100 9, 163 12, 141 3.40426
SK323GC 18 25 26411.3 103 13, 139 14, 186 7, 161 6, 96 11, 165 12, 99 15, 168 10, 151 5.12583
TW053YB 16 25 26417.8 154 8, 164 7, 189 11, 154 13, 94 10, 161 14, 147 7, 123 12, 90 8, 185 13, 151 0.337748
PL746EH 20 28 26425.9 133 6, 104 14, 88 5, 159 14, 173 6, 138 5, 180 11, 107 12, 105 12, 104 6, 132 5, 151 12.1192
FH425JA 4 7 26428 138 12, 170 14, 86 9.44186
ZS632EX 10 11 26437.5 137 5.21168
DP138FF 4 18 26447.4 150 8, 138 7, 92 6, 159 13, 131 11, 114 7, 189 14, 178 14, 184 9, 164 8, 80 10, 158 12, 159 11, 135 9.88889
AV012XW 25 27 26450.4 140 13, 187 12, 178 0.325843
RS123HE 17 26 26453.8 84 14, 167 11, 92 6, 86 8, 175 15, 82 14, 101 10, 146 15, 109 9, 101 6, 116 8, 182 9, 94 8, 137 4.75182
FB587JK 9 11 26462.9 160 15, 119 1.36134
PF445AF 2 23 26472.1 167 6, 111 10, 83 7, 181 10, 126 10, 128 9, 89 9, 185 7, 151 10, 157 13, 110 12, 125 13, 169 7, 88 14, 158 7, 92 7, 90 6, 148 5, 127 12, 173 7, 122 12, 85 7, 177 12, 149 9, 143 14, 165 12, 153 0.503268
KA053HK 12 16 26476.6 109 5, 150 15, 167 6, 176 12, 150 5.44667
SZ793LP 7 26 26485.3 168 15, 120 12, 114 13, 117 15, 101 11, 175 13, 144 13, 90 12, 189 14, 168 6, 95 5, 135 12, 115 8, 157 6, 126 5, 166 8, 190 11, 111 10, 155 12, 104 14, 87 8, 102 6.4902
BE339BW 22 29 26493.1 140 15, 123 6, 126 14, 157 7, 107 9, 164 9, 175 15, 170 6.48824
MY156DG 14 22 26495.4 125 10, 173 7, 136 8, 89 6, 103 13, 176 13, 166 13, 89 7, 108 9, 131 0.755725
XL575JP 24 28 26498.9 88 7, 139 9, 111 5, 127 15, 153 6, 163 9, 187 0.620321
NM353NC 16 23 26500.5 103 8, 179 14, 177 6, 131 10, 146 15, 181 11, 86 7, 182 3.67582
EN536PZ 15 26 26505.9 121 10, 89 10, 160 5, 109 5, 136 8, 189 11, 127 12, 174 13, 97 13, 177 10, 110 12, 104 15, 190 9, 164 8.48171
LY834PJ 23 25 26509.9 168 6, 129 8, 101 5, 171 8, 137 1.9635
PP935MR 23 28 26517.5 149 5, 100 10, 170 15, 82 10, 93 13, 149 13, 188 3.32447
XE395JT 21 27 26525.8 112 15, 152 15, 158 9, 145 15, 135 11, 119 8, 147 9.36054
CX460DM 16 22 26535.6 125 14, 84 7, 147 9, 101 6, 129 14, 123 8, 130 12, 185 1.81081
AD026YK 23 25 26542 185 7, 123 11, 117 13.1111
DR459VT 12 20 26547.4 125 14, 104 7, 122 7, 115 11, 121 14, 109 12, 132 5, 127 14, 107 6, 156 11.5449
BN201MB 15 26 26557 121 6, 116 5, 142 11, 170 6, 84 11, 151 5, 115 5, 172 15, 115 10, 129 10, 137 13, 157 8, 180 9, 127 11, 117 14, 179 3.10615
DG332PA 3 27 26562.5 138 5, 128 15, 102 11, 99 12, 103 11, 188 8, 138 8, 82 8, 121 12, 132 8, 109 15, 117 12, 105 9, 113 13, 170 11, 141 14, 149 11, 97 8, 122 13, 171 7, 82 13, 142 6, 122 15, 144 7, 92 7, 99 7, 137 7, 185 7, 166 9, 136 8, 168 10.9226
VG551PG 19 20 26571.6 167 13, 170 0.570588
XX153RN 17 27 26573.5 127 13, 95 10, 95 9, 171 8, 112 15, 126 5, 99 12, 116 7, 104 7, 105 6, 156 12, 161 10, 122 6, 151 8, 156 12, 170 4.29412
NG248NW 17 29 26581.4 168 10, 91 9, 169 9, 114 9, 158 7, 145 6, 188 11, 88 14, 138 14, 186 14, 104 13, 180 15, 178 5.4382
JA981WC 7 23 26589.7 163 6, 177 13, 124 5, 115 8, 182 10, 137 9, 168 5, 94 7, 190 11, 115 14, 150 12, 173 15, 160 15, 166 13, 176 13, 177 0.548023
FD789BH 22 27 26592.6 179 5, 187 15, 121 8, 134 8, 83 7, 158 11, 98 7, 84 15, 161 3.1118
CL366BN 14 23 26600.6 108 5, 157 15, 104 5, 121 12, 161 13, 86 15, 115 10, 141 14, 137 8, 190 6.81053
EZ154RF 25 26 26604.9 92 6, 101 6, 131 6, 161 2.75776
ND761WB 10 12 26611 93 10, 121 5.10744
GN669RT 13 23 26612.7 140 6, 109 14, 148 14, 135 12, 95 14, 164 15, 148 13, 151 6, 151 15, 146 11.0753
KG616YV 10 28 26614.3 181 13, 152 10, 102 13, 145 8, 147 12, 135 12, 122 14, 130 8, 117 10, 134 10, 122 12, 118 6, 94 12, 168 12, 182 11, 130 12, 166 14, 100 12, 186 4.89785
LA040HP 18 24 26617.7 162 11, 95 13, 120 14, 105 12, 159 14, 129 12, 142 4.73944
YM459GK 20 24 26623.8 96 15, 118 6, 175 8, 98 7, 109 5, 115 8, 106 10, 167 4.18563
GW566WL 19 23 26633.3 93 9, 161 8, 138 15, 156 9, 188 7, 126 5.97619
AA111PF 16 25 26638.4 111 6, 133 6, 122 15, 117 10, 171 6, 91 5, 101 7, 125 13, 143 15, 179 5, 160 15, 151 9, 182 1.42857
TJ795CK 4 6 26645.1 163 5, 81 15, 164 10.8171
LE954FV 25 29 26646.5 187 6, 161 6, 145 11, 86 6, 97 11, 116 1.87931
ZS740ZR 5 11 26652.3 176 6, 143 9, 81 13, 136 8, 94 13, 102 12, 179 15, 145 0.682759
CY002LS 19 21 26660.7 135 7, 151 10, 80 9, 144 7, 156 2.6859
CY247HX 12 23 26665.8 109 10, 98 13, 144 6, 160 15, 104 15, 132 14, 146 12, 82 14, 162 11, 158 7, 132 15, 82 5, 163 4.08589
JR515TZ 17 25 26667.5 178 7, 82 6, 151 9, 170 14, 167 12, 114 7, 113 7, 167 11, 176 14, 96 8, 95 2.68421
KM379NP 28 29 26677 177 4.40678
VR013ZK 11 16 26680.6 98 14, 119 15, 88 14, 145 15, 96 9, 189 0.698413
YJ048VP 9 15 26681.7 145 12, 129 6, 151 14, 141 11, 116 14, 82 7.71951
AK564YN 2 3 26689 94 15, 167 6.46707
JG818HW 3 27 26692.2 183 9, 88 12, 112 6, 128 6, 117 7, 145 12, 178 5, 135 5, 144 13, 150 8, 186 13, 140 7, 166 5, 156 11, 94 5, 177 13, 116 6, 186 14, 104 7, 119 11, 166 11, 190 15, 105 12, 130 14, 179 14, 94 9, 104 8, 139 12, 146 0.582192
GD362PB 7 14 26696.1 88 5, 141 9, 189 6, 102 7, 153 11, 150 13, 165 9, 153 7, 188 4.7766
GE352EL 19 26 26706.1 162 12, 161 10, 109 13, 107 10, 129 10, 162 11, 169 13, 182 10, 102 7, 91 4.32967
WC595EH 1 14 26706.8 175 15, 158 11, 99 15, 104 5, 132 12, 107 10, 182 6, 88 14, 167 13, 188 12, 95 5, 146 5, 92 9, 86 8, 141 9, 98 5.82653
KP379CG 2 20 26714 116 8, 93 5, 140 9, 140 8, 118 8, 90 5, 99 10, 122 10, 95 14, 181 15, 188 8, 88 7, 136 8, 188 9, 152 9, 187 13, 129 6, 183 7, 111 11, 97 13, 164 14, 136 6.73529
DG986YR 27 29 26723.1 188 7, 152 0.302632
FJ803CJ 24 25 26731.3 147 5, 164 8.46951
MV956YX 17 29 26739.7 104 9, 153 14, 156 5, 112 15, 131 13, 154 15, 169 15, 92 7, 82 15, 85 12, 187 15, 136 9, 171 5.08187
JC871FL 4 21 26745.3 117 15, 94 10, 80 7, 135 6, 152 6, 157 6, 81 10, 142 12, 99 12, 133 15, 94 15, 82 10, 177 6, 109 14, 187 9, 138 5, 149 9, 94 13, 100 7, 189 13, 97 15, 100 2.08
LH294FN 26 28 26751.9 170 10, 86 7.16279
YM504HG 24 28 26754.4 163 11, 158 13, 183 7, 173 8, 113 2.79646
VV849MA 19 23 26760 105 6, 98 8, 175 13, 151 6, 169 10, 115 11, 90 1.31111
MF506ZS 9 15 26764.9 169 13, 82 12, 85 5, 164 10, 120 9, 176 11.9886
AT809VW 21 22 26774.8 148 5.83784
CL367NS 22 27 26777.1 166 11, 124 7, 170 5, 169 10, 153 15, 144 10, 84 14, 119 3.03361
KF410LY 5 11 26780.9 189 7, 150 14, 154 9, 97 5, 85 10, 98 5, 121 7, 157 8, 175 5.58286
ZK464EM 21 23 26789.8 160 13, 92 5, 119 4.42017
GC745CD 24 26 26792.5 155 6, 100 15, 84 5, 103 9, 188 3.90957
TY626YN 13 21 26800 144 8, 145 6, 109 14, 189 8, 99 13, 81 13, 121 6, 160 13, 154 8, 87 14, 136 6.16176
DV569AL 13 16 26803.8 92 12, 116 9, 136 5, 177 6, 153 6, 105 5.69524
PC202WW 2 17 26812.5 168 15, 164 8, 183 5, 95 11, 116 6, 107 13, 156 6, 103 13, 157 10, 155 15, 94 11, 171 12, 122 12, 170 11, 144 6, 172 8, 123 2.8374
ZL193GE 1 20 26817.1 175 15, 152 6, 82 14, 156 13, 164 14, 146 7, 152 15, 139 5, 174 15, 186 13, 101 11, 152 13, 139 12, 171 8, 101 5, 187 6, 156 15, 159 3.61006
RZ120NA 16 17 26818 187 5, 85 0.0823529
MJ461WH 8 25 26826.5 111 10, 109 12, 170 6, 138 13, 87 6, 112 13, 92 7, 144 14, 87 5, 98 15, 172 13, 186 10, 164 6, 174 15, 111 6, 107 13, 175 9, 162 10, 162 6, 103 6.5534
WZ424VE 15 21 26830.5 129 12, 160 5, 181 12, 84 6, 183 6, 136 14, 168 5, 93 9.76344
RP063MV 25 29 26831.7 92 6, 95 8, 106 11, 159 7, 169 9, 93 4
PX557KT 23 28 26834.3 165 6, 170 13, 158 7, 138 14, 148 12, 120 6, 145 1.04828
VS913JA 6 20 26843.2 153 12, 182 9, 167 14, 137 9, 170 15, 85 10, 161 7, 101 13, 150 8, 118 5, 185 13, 102 11, 110 14, 127 2.44094
JV580TF 2 26 26852.6 183 5, 130 5, 175 12, 83 5, 143 12, 171 14, 105 7, 184 15, 118 12, 138 12, 183 15, 178 14, 172 14, 93 13, 167 11, 124 11, 167 6, 167 14, 85 14, 91 8, 173 5, 175 13, 150 13, 133 8, 101 7, 182 4.99451
NZ026AY 11 18 26854.8 108 13, 123 15, 120 13, 84 14, 103 8, 103 9, 128 5, 123 8, 157 6.42038
SH262KZ 23 29 26855.6 85 12, 105 15, 146 8, 111 13, 184 6, 135 9, 156 12, 138 1.94928
GN169FY 26 27 26861.2 129 8, 102 5, 155 1.23871
BA537VP 26 27 26865.5 136 12.75
BF743AW 7 26 26873 187 14, 104 10, 132 14, 116 5, 82 10, 122 7, 162 9, 141 8, 114 13, 111 9, 165 10, 157 13, 83 13, 109 12, 189 7, 143 7, 123 7, 139 5, 97 7, 105 7, 179 6, 164 8, 135 12, 123 12, 151 8.5894
NY647HW 27 29 26877.1 131 8, 159 1.97484
DV568SY 9 15 26881.1 88 10, 151 9, 104 13, 105 15, 148 14, 104 5, 97 6.98969
YY673EF 12 15 26888.2 178 15, 96 14, 170 6.03529
ZG953YC 17 20 26894.6 114 12, 162 14, 83 14, 183 0.0765027
JH452BW 6 7 26896.4 147 7.10204
ZH123EN 13 20 26899.9 119 14, 158 7, 80 10, 111 10, 125 13, 135 10, 106 5, 188 13, 112 4.72321
TF156FD 19 20 26901.8 136 10, 99 9.17172
AR992AA 21 24 26903.7 181 12, 129 10, 168 7, 169 2.87574
DP562VR 17 25 26910.6 172 11, 82 9, 171 8, 121 14, 132 10, 180 10, 152 13, 104 8, 157 9, 162 8.40123
HK448KP 25 29 26916.6 123 12, 176 10, 172 6, 94 9, 145 2.55172
AB755LW 10 22 26923.1 106 15, 119 10, 177 14, 170 12, 128 5, 130 15, 164 14, 183 15, 135 15, 99 2.74747
WB878WC 2 25 26926.2 108 14, 131 6, 119 5, 103 5, 119 7, 167 8, 184 10, 114 7, 117 12, 141 7, 99 15, 175 13, 114 7, 81 11, 97 11, 89 8, 103 11, 156 6, 136 10, 89 14, 122 5, 163 12, 97 7, 183 9, 151 13, 98 15, 139 5, 146 12, 183 12, 111 12, 143 4.4965
YD109NV 10 21 26934.3 106 6, 129 14, 175 11, 100 7, 172 7, 182 6, 117 6, 138 12, 127 6, 112 13, 86 11, 182 5, 183 11, 85 6.51765
XP106GC 6 27 26942.6 124 10, 156 14, 148 12, 151 12, 163 14, 105 5, 135 8, 147 8, 91 6, 111 6, 146 5, 107 10, 102 13, 156 6, 154 15, 109 7, 99 6, 151 14, 91 14, 120 7, 124 5, 162 8, 188 14, 171 7, 136 12, 147 5, 187 2.13904
ZY308ET 10 11 26950.5 157 4.54777
RK977FX 18 25 26956.7 109 11, 162 10, 87 5, 121 5, 185 11, 164 10, 179 11, 119 14, 144 9.4375
YA431XH 9 26 26965.3 88 13, 125 9, 157 8, 149 11, 179 6, 131 6, 93 12, 124 8, 137 6, 129 6, 138 8, 175 12, 187 11, 120 5, 183 7, 81 15, 90 5, 162 15, 128 6, 163 8, 101 11, 145 10, 93 9, 104 3.95192
WH481WC 8 18 26975.1 112 12, 143 10, 94 13, 118 9, 144 13, 154 10, 85 10, 95 14, 136 9, 145 11, 83 4.42169
CR148BF 23 24 26983.8 172 11, 182 0.912088
JT112BP 13 25 26992.2 140 14, 97 12, 190 11, 88 8, 117 7, 103 6, 186 12, 92 10, 171 15, 118 12, 168 9, 183 7, 124 14, 127 13, 115 0.643478
YL139NX 21 22 26996.9 157 5.50318
YF188ZP 5 20 27003.8 122 12, 97 14, 102 6, 81 7, 83 13, 119 15, 187 10, 86 9, 149 8, 119 7, 156 11, 180 11, 130 7, 105 6, 90 12, 96 10, 115 7, 160 7, 84 10, 157 9.25478
EB968FN 1 20 27010.8 189 11, 97 14, 164 10, 167 8, 126 12, 177 15, 137 8, 176 10, 187 13, 153 9, 136 11, 133 9, 113 15, 179 12, 137 6, 178 11, 89 5, 167 5, 108 7.94444
VP083PT 26 27 27011.4 106 8, 87 9, 140 0.735714
ME359SE 28 29 27017.5 122 6.39344
EV838RG 5 15 27026 142 14, 96 12, 115 14, 151 6, 114 5, 148 13, 108 15, 121 5, 94 10, 86 11, 157 15, 92 6, 114 3.68421
PD303BJ 5 25 27033.1 170 11, 175 15, 183 14, 176 8, 123 11, 153 14, 85 6, 182 15, 150 15, 135 15, 97 7, 111 7, 144 8, 82 8, 89 8, 168 6, 119 5, 186 11, 166 9, 108 5, 147 9, 108 13, 159 4.71069
ZS620KC 24 27 27035.8 148 9, 88 11, 80 10, 162 11, 122 11.1803
BK137GD 3 20 27038.8 182 7, 121 9, 119 7, 187 5, 157 9, 96 7, 88 15, 168 14, 169 12, 144 8, 100 15, 144 9, 177 7, 123 10, 139 7, 100 11, 154 7, 143 6, 181 5, 133 5, 170 5, 185 3.34054
TV396ED 24 25 27047.5 142 11, 188 2.98936
KE747EM 2 29 27053.9 103 10, 142 15, 140 7, 175 7, 158 9, 164 12, 125 6, 177 9, 120 8, 116 15, 120 7, 175 6, 126 12, 190 10, 104 12, 87 15, 189 8, 135 11, 143 14, 90 11, 117 5, 85 10, 140 12, 88 10, 82 11, 153 5, 139 8, 102 8, 160 9, 114 10, 119 15, 138 7, 125 11, 188 5.30851
JE957YZ 14 19 27061.9 152 11, 125 12, 188 14, 190 1.53684
TL314SZ 21 25 27071.5 177 14, 95 15, 153 12, 148 9, 147 1.20408
MN630MZ 21 22 27081.3 177 4.88136
AA798KC 6 13 27085.6 123 11, 137 8, 125 10, 110 14, 86 13, 174 6, 94 8, 110 5, 109 1.73394
CE554PX 27 28 27092 89 6.53933
FF457MA 2 3 27101.1 152 15, 152 1.38158
AB546CH 10 11 27110.8 174 4.10345
YB114XJ 11 19 27116.7 176 14, 95 13, 105 6, 142 15, 131 15, 176 9, 137 7, 107 0.738318
DW355BL 1 26 27125.9 171 14, 185 14, 150 11, 131 10, 94 5, 174 14, 165 14, 86 14, 131 13, 86 9, 91 14, 109 13, 178 6, 174 8, 124 6, 150 15, 109 7, 98 13, 173 9, 94 12, 80 9, 179 11, 136 5, 107 5, 93 10, 96 7, 180 12, 183 8, 93 8, 178 6.10112
KF991JK 14 19 27127.4 162 8, 170 10, 147 13, 84 6, 109 6.2844
PR527FA 10 24 27129.5 181 15, 114 6, 144 11, 106 15, 173 14, 99 14, 146 11, 176 5, 170 13, 125 15, 185 6, 149 11, 162 9, 143 2.28671
EA810FP 1 25 27134.9 163 14, 181 13, 86 10, 126 9, 155 5, 125 5, 94 11, 169 14, 154 7, 155 14, 82 9, 189 12, 134 13, 111 8, 84 11, 158 8, 88 11, 176 6, 83 7, 141 15, 122 12, 156 13, 138 7, 138 9, 108 5, 176 12, 121 10, 112 11, 170 1.55882
SS261LD 16 22 27136.2 138 10, 189 14, 165 10, 123 8, 184 9, 128 4.96875
MK219TX 10 23 27140.4 98 7, 187 15, 155 15, 124 8, 92 8, 82 6, 158 9, 81 13, 108 5, 96 12, 91 14, 161 15, 178 12, 150 9.33333
NW286JL 21 24 27147.8 147 13, 149 13, 170 7.50588
YY294YC 24 28 27151.7 175 5, 143 15, 183 9, 129 7, 184 6, 188 0.819149
XB152DF 17 18 27155 164 11, 104 0.596154
LK607YF 26 28 27160 180 8, 99 8.84848
EZ142FB 17 18 27163.1 142 6, 162 6.25926
BD236PJ 18 26 27168.1 162 10, 123 8, 135 11, 109 13, 157 11, 119 13, 139 10, 112 15, 117 14, 97 8, 190 3.43158
NV445AE 4 8 27171 88 6, 159 8, 114 13, 138 5, 160 11, 173 7.75723
EP347SR 12 28 27174.3 84 14, 105 10, 164 13, 111 11, 136 6, 179 14, 178 9, 182 6, 124 9, 134 7, 91 7, 95 10, 107 11, 164 7, 133 13, 149 9, 113 8, 142 13, 105 6, 133 6, 163 11, 140 1.17143
TW273TN 18 22 27178.3 148 15, 99 13, 152 15, 140 2.55
VM909DL 7 9 27187.3 95 8, 170 11, 83 5, 182 0.478022
XW651HX 8 18 27197.1 180 14, 181 12, 118 9, 190 5, 150 5, 138 8, 96 10, 83 14, 136 12, 190 5, 174 3.29885
JK468BL 2 8 27199.9 138 9, 138 8, 140 14, 173 12, 98 14, 155 8, 190 8, 100 5.74
DC281LB 19 21 27206.7 169 15, 161 9, 150 4.12
LR086DK 23 26 27216.2 90 6, 139 9, 127 11, 152 5, 88 9, 129 9, 98 6.82653
HY966SL 12 21 27220.2 154 13, 100 14, 145 7, 133 15, 148 7, 127 15, 123 12, 172 14, 183 5, 80 8, 88 0.25
NS570DA 22 28 27226.5 188 8, 184 6, 154 7, 126 11, 155 6, 161 6, 137 10, 156 15, 88 4.65909
BX787XM 14 18 27235.1 121 9, 115 7, 173 13, 151 8.44371
PR377PF 27 28 27238.8 183 3.18033
SJ759KG 25 29 27241.2 113 15, 152 12, 179 7, 183 3.89071
HP942XK 14 17 27248 173 14, 183 6.17486
PP987KG 27 28 27249 174 3.34483
VV723MB 17 21 27255.5 156 8, 86 9, 108 7, 86 6, 129 15, 109 9, 127 5, 158 1.90506
ZN974NZ 15 21 27264.8 88 5, 108 7, 169 6, 111 14, 117 9, 108 12, 115 10, 156 14, 95 3.44211
BA775RE 4 23 27268.3 174 7, 89 5, 163 14, 116 8, 171 8, 156 10, 125 10, 170 13, 170 7, 176 7, 124 15, 184 8, 109 7, 149 10, 126 8, 91 6, 153 9, 80 13, 132 7, 153 15, 147 13, 95 9.33684
MT381LT 28 29 27275.4 129 6.04651
ZM792PD 11 13 27283.3 126 13, 127 4.06299
BB005PE 26 29 27293 91 12, 159 10, 102 4.05882
NT713DZ 22 24 27297.5 133 8, 125 15, 145 9.11034
SB195SK 19 23 27298.4 190 14, 186 11, 93 9, 157 10, 98 5.66327
CH544SF 10 23 27306.9 125 11, 174 14, 161 8, 168 14, 139 6, 85 14, 111 7, 134 7, 106 10, 128 8, 104 14, 128 6, 152 12, 169 11, 105 2.35238
RN743ML 8 25 27309.4 131 15, 83 13, 176 13, 89 14, 135 9, 178 15, 96 9, 162 6, 173 10, 158 10, 147 15, 175 11, 121 15, 152 8, 114 14, 80 15, 120 6.65
HJ725AJ 10 27 27317.4 104 10, 129 15, 113 10, 186 5, 120 9, 138 13, 156 15, 87 12, 176 15, 133 11, 124 10, 121 12, 180 14, 142 14, 148 15, 139 9, 163 5, 117 7.26496
PY555EJ 26 28 27318.3 154 13, 170 1.84706
RW719XJ 3 7 27325.7 137 7, 137 12, 134 8, 176 12, 137 4.27007
JV089VZ 16 17 27333.8 148 6.36486
NX558BL 5 29 27339.5 129 6, 166 10, 144 9, 88 14, 134 5, 167 9, 182 13, 171 5, 115 14, 159 5, 141 14, 108 8, 142 13, 80 15, 100 5, 133 10, 134 7, 176 9, 172 9, 175 6, 95 7, 185 12, 117 6, 99 14, 137 14, 155 13, 136 7, 116 6, 94 8, 112 10.6518
PD795RS 18 27 27340.5 182 9, 85 14, 106 6, 182 14, 149 8, 107 9, 130 8, 148 6, 102 11, 187 9, 108 5, 97 12, 154 11, 101 3.48515
RP327DV 18 24 27348.5 110 15, 158 13, 159 14, 173 5, 170 7, 146 11, 186 4.37097
FG920ZC 5 25 27357 88 5, 103 6, 166 14, 87 11, 149 5, 166 9, 104 10, 156 9, 113 5, 91 13, 131 5, 96 5, 184 8, 181 7, 99 13, 103 8, 178 13, 123 14, 154 6, 113 12, 189 14, 106 14, 131 10, 109 9, 108 15, 113 11, 169 1.50888
HL950XB 12 22 27366.5 140 7, 93 8, 114 7, 153 12, 151 10, 179 14, 161 9, 176 13, 91 7, 82 6, 121 15, 143 4.35664
NN681NS 17 28 27372.8 173 15, 103 14, 163 12, 179 10, 123 12, 126 6, 102 14, 91 9, 114 7, 143 9, 111 12, 105 9, 130 7, 137 11, 99 0.575758
LS253ZW 27 29 27375.2 189 7, 152 0.256579
LS854XP 6 13 27380.9 183 8, 86 10, 180 7, 147 14, 120 6, 90 7, 128 11, 88 5.59091
CN118BW 28 29 27386.2 154 5, 168 0.0595238
VL350AT 11 12 27391.9 154 5.41558
XY271MB 9 13 27401.3 173 12, 98 10, 106 9, 186 3.7957
RR000BH 2 4 27411.1 158 6, 187 8, 180 8.72222
RY608CH 26 29 27418.4 136 12, 104 6, 84 10
YK970VN 14 19 27424.4 145 9, 181 15, 160 9, 182 3.49451
BC457YL 17 18 27427.6 121 5, 111 8, 150 2.48667
RG495XM 28 29 27434.4 80 5, 151 2.51656
HT543NS 16 26 27436.3 97 11, 133 9, 155 8, 86 11, 83 11, 112 5, 172 6, 122 5, 137 8, 186 6, 132 11, 153 14, 182 10, 144 7, 120 12.7083
GV363AZ 4 28 27437.4 113 15, 94 7, 188 12, 172 13, 141 11, 156 12, 174 13, 190 13, 171 8, 156 15, 183 15, 80 10, 173 13, 95 15, 84 9, 184 10, 102 10, 150 7, 85 8, 108 8, 159 9, 187 11, 149 12, 91 8.01099
FR657FS 23 26 27442 103 9, 160 9, 106 8, 142 9, 151 12, 114 2.32456
FB463XB 22 27 27445 139 8, 180 8, 89 9, 179 9, 123 13, 179 11, 123 12, 186 2.67742
LF720GY 13 27 27451.3 120 9, 95 5, 153 5, 178 6, 160 12, 154 9, 158 14, 111 11, 137 13, 143 5, 123 7, 85 7, 166 9, 153 12, 94 12, 134 13, 94 8, 160 15, 110 12, 129 0.875969
TB703GH 18 19 27456.5 145 4.67586
WZ033GK 9 11 27465.2 190 12, 162 1.74074
LF010AR 6 21 27475.1 180 13, 141 15, 147 9, 127 13, 101 10, 83 15, 89 8, 96 13, 166 5, 175 7, 111 12, 135 8, 102 5, 140 10, 170 8, 168 8, 86 14, 173 2.64162
AN086HT 27 29 27482.4 104 5, 109 7.72477
ZR348TJ 3 23 27483.7 88 12, 130 8, 168 10, 105 12, 122 6, 165 12, 122 11, 147 15, 137 5, 177 12, 173 15, 123 15, 108 13, 189 9, 97 8, 147 7, 124 9, 120 8, 176 6, 147 8, 129 13, 184 7.28804
KR281TH 28 29 27490.2 180 4.33333
PH276XT 2 17 27498.4 123 12, 85 14, 116 11, 116 13, 152 10, 110 6, 85 13, 148 11, 186 10, 113 7, 106 13, 151 12, 140 11, 119 6, 170 14, 102 6, 83 13, 184 2.875
AA859KW 17 27 27502.6 166 14, 163 7, 122 13, 99 6, 85 7, 189 12, 139 8, 124 6, 167 12, 121 7, 96 6, 114 6, 140 7, 94 11, 100 10, 105 5, 93 5.39785
LM228NP 19 27 27510.1 104 14, 97 14, 87 5, 143 15, 181 15, 120 7, 119 5, 119 11, 188 9, 139 6, 140 8, 136 10.8309
GM588KE 8 21 27514.8 108 11, 87 10, 147 8, 139 7, 188 14, 115 8, 130 12, 172 9, 130 14, 144 10, 100 12, 89 14, 120 8, 83 15, 132 2.56061
SD480BC 12 23 27523.8 104 5, 86 12, 105 7, 135 13, 116 6, 101 7, 182 9, 89 7, 81 10, 172 6, 155 15, 162 7, 175 5, 126 10, 112 12, 135 10.3259
JE876JA 9 16 27529.6 185 10, 185 12, 96 8, 182 15, 103 14, 164 6.78049
ZX593HX 28 29 27536.1 189 4.12698
HW139KC 6 19 27538 181 5, 159 5, 106 13, 140 8, 164 6, 94 10, 171 11, 158 15, 128 13, 92 6, 119 15, 165 10, 113 7, 151 6.41722
EJ699JB 14 17 27542.4 101 9, 118 12, 190 5, 127 2.1811
TG987AF 3 29 27544.6 147 7, 98 12, 93 6, 134 14, 123 14, 164 13, 183 13, 123 6, 107 12, 123 13, 179 7, 141 10, 153 7, 129 15, 117 9, 171 9, 95 13, 173 9, 94 15, 97 11, 93 12, 176 15, 132 7, 164 14, 189 14, 136 12, 117 8, 102 2.28431
CB318GL 23 29 27551.5 164 15, 177 12, 85 10, 108 8, 99 9, 169 9, 99 8, 93 1.76344
CM788ZB 18 29 27558.2 184 7, 126 7, 130 7, 153 13, 158 12, 134 8, 97 12, 132 8, 184 12, 115 9, 173 11, 168 11, 134 5.6791
MX335SB 6 20 27567.6 125 8, 133 6, 123 12, 108 14, 82 9, 118 9, 123 7, 179 6, 95 14, 109 11, 118 11, 117 15, 141 8, 183 5, 125 14, 153 13, 137 1.21898
WE364VM 16 21 27574.5 107 13, 151 9, 153 14, 109 13, 154 11.5519
WC433WH 24 27 27582.4 148 9, 131 9, 96 12, 177 7, 190 7.07368
LJ282AS 19 27 27590.7 89 10, 164 10, 173 6, 82 10, 187 14, 84 5, 122 14, 107 13, 178 6, 120 10, 104 13, 123 14, 114 0.921053
SR870SG 18 27 27592 121 8, 150 6, 106 10, 138 8, 180 12, 81 8, 126 10, 173 9, 155 10, 82 15, 86 6, 113 11, 150 9, 93 11.871
JS005XK 11 26 27595.9 129 12, 91 15, 174 10, 152 12, 100 10, 155 14, 153 7, 133 14, 171 6, 107 8, 173 11, 174 5, 159 12, 142 9, 113 8, 178 15, 95 8, 160 3.30625
WP664PM 10 13 27602.1 168 12, 145 5.87586
MV406MD 4 8 27603.4 154 14, 116 8, 144 10, 183 5, 186 6, 136 3.81618
RP620NP 20 28 27607.8 93 8, 145 15, 171 5, 96 14, 138 15, 182 9, 153 8, 99 11, 117 10, 159 12.434
VK497CL 6 12 27610.8 99 7, 165 11, 159 8, 120 13, 181 8, 97 8.08247
WV710CC 9 12 27616.3 140 5, 160 12, 123 6.30894
JN528BE 28 29 27622.6 186 4.19355
GM268WE 1 13 27629.2 125 10, 92 5, 101 13, 112 13, 157 6, 149 7, 143 13, 89 7, 86 8, 141 10, 104 12, 147 9, 180 8, 132 8, 131 10.8931
JE478DR 11 13 27634.3 173 12.4509
JP905BX 17 19 27636.6 105 15, 101 9.59406
WD451JG 15 16 27646.6 186 5, 122 5, 92 1.58696
KF520HE 10 25 27647.3 149 5, 109 8, 127 12, 123 5, 130 13, 148 13, 93 7, 92 11, 137 15, 179 10, 158 9, 86 12, 190 15, 170 14, 138 14, 100 11.16
EN399RF 15 19 27650 90 15, 80 14, 182 5, 122 14.6885
YR912DV 17 22 27653.8 122 6, 174 13, 98 15, 87 7, 82 9, 170 12.9353
TC646HY 12 17 27663.7 97 10, 120 7, 182 14, 86 9, 155 12, 165 4.09697
WS435ED 2 28 27668 93 14, 115 13, 112 9, 113 6, 134 8, 128 9, 138 14, 172 7, 187 15, 159 14, 189 14, 176 13, 147 12, 172 7, 129 5, 123 5, 182 5, 148 8, 184 8, 110 9, 178 7, 117 12, 88 5, 141 14, 175 8, 84 9, 187 7, 87 7, 160 7, 95 6, 112 15, 156 6.76923
WS024PN 9 23 27673.9 88 15, 104 6, 117 9, 143 14, 96 10, 176 8, 85 9, 117 6, 137 10, 94 15, 94 12, 119 15, 183 14, 84 9, 125 10, 118 5, 114 6, 122 6, 109 1.6055
VR875FR 28 29 27678.6 126 6, 155 0.154839
YJ915WR 19 20 27681.8 113 6, 113 7, 148 5.39865
HC992FK 9 13 27690.9 80 11, 160 5, 116 11, 149 10, 163 1.65644
GR325NT 28 29 27691.8 170 4.58824
VG358XP 20 24 27692.4 148 15, 164 15, 174 12, 184 3.75
MF887HN 20 25 27699.3 145 11, 154 12, 100 10, 177 7, 113 12, 111 12, 116 6, 126 4.09524
PS111TC 14 25 27706 184 13, 159 10, 127 7, 97 7, 182 6, 137 14, 175 5, 150 15, 161 15, 147 15, 131 5, 117 8.42735
FV425CB 23 29 27708.5 168 14, 137 14, 105 8, 139 6, 96 14, 118 15, 132 4.60606
GB156VV 8 28 27709.5 120 13, 113 9, 102 15, 116 11, 102 8, 156 14, 101 15, 176 11, 134 9, 186 12, 92 15, 129 8, 120 14, 162 11, 95 11, 182 7, 158 9, 137 7, 178 7, 80 13, 98 13, 159 8, 134 2.91045
GJ517XH 25 28 27716.3 162 6, 122 11, 156 9, 106 9.30189
KP158NC 3 24 27724.1 85 5, 164 13, 189 9, 142 13, 108 10, 97 6, 154 11, 96 12, 110 7, 118 5, 181 11, 142 14, 182 9, 120 6, 118 10, 135 5, 94 5, 177 9, 174 10, 132 11, 161 14, 156 11, 152 6, 156 6, 164 9.7622
ZD614LW 26 28 27732.4 82 6, 134 10, 128 3.78125
YJ999ZV 21 24 27740.8 102 8, 114 8, 176 8, 139 14, 89 0.47191
CS530NV 5 16 27742.5 178 5, 175 8, 101 10, 152 8, 80 8, 124 5, 144 5, 141 10, 121 15, 93 11, 165 15, 158 11, 165 7, 88 13, 161 0.111801
HB212BE 23 28 27751.8 139 11, 174 7, 174 9, 124 12, 96 9, 91 7, 107 6, 148 6.36486
FN228XL 13 17 27758 138 8, 181 10, 130 12, 118 5, 185 6.94054
VB135SN 17 25 27765.1 143 8, 190 10, 150 6, 103 14, 105 11, 145 9, 172 5, 124 11, 112 11, 108 15, 167 8.81437
HB005YJ 2 14 27770.7 172 15, 142 8, 131 12, 123 5, 95 15, 155 13, 140 13, 165 15, 190 7, 161 5, 155 15, 99 11, 105 3.0381
WP464ND 22 24 27776.2 104 11, 118 7, 96 9, 189 7.54497
TM163PT 3 20 27781.6 85 14, 84 5, 88 15, 89 7, 102 11, 138 6, 90 7, 90 11, 124 10, 163 8, 120 6, 104 14, 91 11, 165 12, 139 12, 181 13, 151 5, 141 14, 125 8, 117 14, 185 6.31351
HR311CV 13 15 27788.3 134 7, 140 10, 169 5, 176 3.05114
NZ363MC 3 4 27794.9 132 11, 88 0.818182
TB861DZ 10 29 27800.2 87 15, 170 14, 130 10, 91 12, 161 5, 145 9, 119 14, 170 7, 117 12, 171 9, 146 14, 137 8, 129 13, 167 11, 124 5, 169 15, 148 11, 189 6, 124 10, 84 6, 189 4.19577
YV898VY 22 27 27809.5 117 5, 122 15, 150 10, 174 11, 132 10, 147 10, 91 14, 171 3.5848
NR271KF 28 29 27816.2 100 7.8
DG481HJ 12 15 27823.4 128 5, 157 7, 152 12, 180 6, 139 2.85612
MJ099JG 14 18 27830.3 87 15, 106 7, 93 11, 85 15, 141 7.60993
AX425NL 17 22 27836.6 161 7, 125 7, 171 10, 186 7, 81 11, 90 10, 168 7.17262
JV900SH 11 29 27843.2 150 14, 173 12, 174 10, 174 11, 153 15, 134 11, 129 8, 178 10, 107 7, 184 14, 112 5, 134 12, 143 15, 83 12, 172 6, 121 6, 187 12, 183 7.28415
JN057JH 18 24 27851.4 139 12, 103 9, 180 8, 106 5, 170 7, 88 12, 133 10, 109 15, 87 7.21839
CE513CM 28 29 27856.7 111 7.02703
WT682LL 21 22 27865.9 143 5, 86 1.73256
VK360PD 20 23 27873.8 133 9, 87 8, 97 13, 188 8, 171 4.33918
LH072CX 12 18 27882.5 84 8, 85 6, 173 10, 183 15, 83 15, 129 14, 186 4.44086
BR047VW 3 8 27887.7 178 7, 97 11, 172 12, 115 13, 189 8, 173 7.01734
AT632VP 24 28 27897.4 131 6, 151 8, 103 13, 91 11, 108 14, 88 8, 122 2.27869
KG576ZP 15 20 27898.2 183 10, 156 7, 134 6, 100 12, 93 11, 147 10.1429
ZA028HT 11 15 27900.4 86 5, 115 7, 182 15, 117 6, 188 6.42021
NX041SP 16 29 27901.3 118 8, 184 14, 188 14, 96 6, 101 11, 174 12, 99 7, 171 10, 99 15, 155 12, 150 9, 96 10, 172 15, 120 2.125
MR453XJ 28 29 27906.8 172 4.53488
KC685KV 24 28 27916.3 158 5, 118 7, 173 6, 178 15, 131 11, 135 0.466667
SP019EN 4 11 27923.8 134 7, 160 7, 83 8, 180 6, 158 6, 104 9, 85 6, 128 15, 178 9, 185 4.45405
LW125AF 11 29 27925.3 171 11, 84 7, 164 5, 80 7, 84 6, 123 15, 167 14, 110 12, 187 10, 134 14, 146 14, 185 6, 123 8, 99 9, 107 6, 94 11, 105 12, 90 5, 147 12, 90 7, 86 11, 86 10, 151 9, 188 4.2766
RG578YC 7 9 27934.4 190 12, 138 6.17391
LS455HW 25 28 27943.4 123 10, 133 14, 149 7, 96 5.92708
VZ720MK 19 22 27946.5 86 6, 183 9, 106 9, 187 8, 116 7.35345
VY302TD 3 11 27952.2 147 8, 99 7, 179 15, 155 6, 181 8, 140 15, 141 6, 151 14.4901
SV025TF 24 28 27957.4 135 7, 182 6, 85 13, 145 13, 167 9, 111 2.68468
EA485YP 25 29 27958.2 97 13, 123 5, 116 9, 164 12, 129 4.62016
KN613LZ 21 22 27968.1 180 4.8
DH260DM 2 11 27977.4 113 9, 124 13, 101 7, 172 7, 86 7, 188 5, 179 12, 161 7, 167 15, 105 14, 117 10.4615
JX048AE 24 25 27984.3 125 9, 88 9, 173 1.19653
LZ618LR 7 10 27992.6 126 8, 178 14, 164 8, 105 1.6
CY336XF 17 29 27995.9 120 8, 179 12, 96 12, 140 15, 85 15, 189 8, 180 7, 121 10, 161 15, 125 11, 150 13, 95 11, 117 10, 100 3.06
KB768RT 27 29 28002.4 157 8, 126 0.84127
ZZ091GA 2 19 28011.8 174 13, 80 11, 127 11, 150 15, 165 11, 171 10, 121 12, 119 13, 89 12, 133 7, 94 13, 142 15, 125 9, 184 10, 141 8, 183 9, 112 10.6964
HE926TA 17 22 28018.6 181 8, 180 6, 180 8, 116 10, 174 15, 150 1.81333
HE209DE 21 29 28020.4 118 13, 156 15, 154 15, 95 10, 164 5, 83 7, 91 12, 153 15, 151 5.36424
DB832HL 3 23 28024.2 94 6, 94 13, 154 14, 104 10, 134 7, 115 12, 109 10, 124 8, 181 8, 91 13, 180 9, 176 7, 188 10, 152 6, 150 14, 122 10, 142 5, 132 8, 161 5, 174 13, 179 12, 101 5, 186 8, 180 4.60556
ES031RS 5 11 28028.9 103 12, 108 11, 171 11, 173 7, 131 10, 103 14, 128 11.2969
PR747EC 26 27 28030.4 156 11.1154
ZD787TL 19 20 28033.6 134 11, 95 8.35789
ZH774WX 22 26 28040.3 160 5, 161 7, 168 6, 175 8, 108 9, 178 14, 93 10.4624
DC016RS 22 25 28047.5 116 6, 102 7, 154 7, 108 9, 110 6, 143 15, 99 1.20202
CA021HN 13 25 28050.2 88 8, 158 5, 140 10, 170 11, 112 15, 124 5, 147 10, 137 12, 187 7, 160 10, 168 8, 89 14, 171 14, 106 15, 93 11.6237
JG178RN 12 24 28053 157 9, 126 13, 161 6, 101 6, 124 13, 146 7, 90 13, 183 5, 136 10, 181 13, 121 15, 150 5, 173 12, 159 10, 166 3.92771
SZ173ZR 23 27 28061.8 168 14, 149 15, 103 6, 93 8, 173 11, 113 4
KV248EK 9 14 28064.1 161 7, 143 10, 150 7, 169 15, 187 7.3262
DR337JZ 10 12 28069.2 138 7, 150 3.88
FV131DL 7 9 28077.4 185 6, 174 11.6207
HG703GY 25 28 28087.4 142 12, 131 7, 136 7, 117 8, 149 1.30872
WM545PB 2 24 28095.7 162 8, 189 14, 137 13, 126 15, 166 5, 142 7, 148 15, 96 15, 105 13, 93 5, 178 7, 137 9, 164 12, 138 15, 161 13, 151 8, 100 9, 145 7, 159 8, 127 8, 176 11, 82 15, 125 11, 152 5, 176 6.13068
WJ451NW 21 22 28099 118 5, 107 2.56075
CB351SN 9 24 28100.4 166 11, 122 15, 160 9, 85 7, 173 5, 171 8, 150 15, 185 11, 136 6, 164 6, 141 13, 141 14, 104 13, 156 7, 152 5, 185 12, 133 0.706767
VS368ES 6 20 28110 151 8, 175 8, 162 10, 189 15, 187 5, 120 12, 166 5, 162 6, 129 5, 115 9, 126 12, 134 7, 98 13, 125 8, 119 7, 129 7, 142 4.73239
FB737RS 18 29 28119.9 170 9, 141 14, 179 13, 126 14, 179 5, 110 13, 164 15, 96 6, 184 12, 139 15, 104 7.33654
GL593FV 3 15 28128.6 186 12, 92 11, 88 15, 180 10, 171 7, 184 13, 147 13, 183 12, 130 6, 188 14, 156 3
XH446GB 25 29 28135.6 130 12, 108 8, 86 14, 131 14, 144 0.152778
JB981ZC 4 21 28136.6 131 5, 171 10, 121 8, 172 9, 132 7, 129 8, 188 9, 84 11, 117 11, 124 6, 139 11, 137 9, 127 15, 171 14, 181 8, 131 5, 173 7, 103 9, 104 10, 164 14.4146
NF405CZ 19 28 28138.3 173 14, 89 10, 155 11, 172 8, 134 7, 87 13, 177 11, 143 8, 124 6, 189 13, 170 6, 187 4.17112
EE532LB 20 23 28147.6 132 14, 105 8, 98 7, 115 14, 116 3.58621
ZM720PK 21 29 28151.4 90 10, 190 7, 100 14, 121 9, 100 5, 117 11, 117 14, 174 14, 148 5, 162 8.71605
AD930EV 7 10 28155.5 107 11, 166 12, 96 12, 172 3.8314
NJ802XR 3 29 28164.6 145 12, 127 14, 177 5, 159 5, 81 8, 159 14, 89 8, 84 5, 84 15, 95 14, 151 14, 87 10, 142 6, 180 9, 131 14, 168 13, 181 6, 88 15, 186 10, 140 15, 105 8, 161 8, 187 13, 147 14, 140 8, 165 14, 151 14, 87 7.48276
BF505KT 21 28 28170.7 100 5, 184 13, 164 12, 152 11, 143 10, 170 11, 83 11, 118 10.2288
PK540BY 10 25 28176.6 125 9, 92 7, 112 6, 113 8, 90 12, 180 6, 145 12, 83 11, 102 12, 124 15, 117 10, 84 6, 126 14, 113 15, 127 8, 103 11, 100 15, 89 9, 182 15, 168 0.327381
SS049HC 1 4 28185.6 151 7, 129 15, 149 5, 121 9.13223
MJ554HK 12 20 28195.2 134 9, 108 11, 131 11, 89 6, 175 9, 111 8, 121 10, 180 6, 169 5, 92 8, 107 6, 149 6, 150 1.60667
FZ087SZ 26 28 28197.3 161 14.3851
VS322HM 1 14 28202.1 80 10, 80 13, 168 10, 88 13, 108 14, 102 11, 107 11, 126 11, 155 10, 162 11, 131 5, 93 12, 150 13, 146 7, 116 13, 172 5.17442
BJ042DT 27 29 28204.9 109 5, 173 4.72254
JS662XA 14 15 28208.7 180 5.13333
VF134XB 7 12 28214.4 107 8, 138 11, 90 8, 101 14, 126 6, 147 8.59864
VX169DB 27 28 28218.5 126 4.61905
WE918HY 2 24 28224.9 115 8, 80 8, 107 12, 184 6, 118 11, 113 9, 167 13, 100 14, 127 14, 144 12, 100 6, 167 8, 189 11, 139 15, 84 15, 146 9, 122 8, 137 10, 159 12, 162 14, 140 8, 173 13, 170 6, 152 5, 142 11.5704
MF014SB 4 18 28233.1 150 6, 172 12, 144 7, 142 9, 136 11, 168 10, 127 9, 162 7, 129 14, 164 7, 128 9, 184 13, 145 9, 159 11, 132 4.96212
FM923FR 12 26 28235.6 185 11, 117 12, 82 13, 183 14, 107 9, 82 7, 108 11, 135 5, 113 14, 140 6, 91 8, 130 12, 153 15, 88 13, 159 8, 182 6, 145 5, 141 15, 124 5.08065
ME704ZP 14 26 28238.3 128 14, 100 8, 173 5, 190 5, 114 13, 119 14, 90 11, 187 12, 106 6, 182 9, 152 6, 107 8, 136 6, 160 9, 189 12, 167 5.86228
GJ300XG 10 18 28246.1 143 15, 154 5, 100 10, 89 8, 161 5, 109 11, 163 7, 86 14, 184 10, 82 3.2439
BS612KY 5 11 28248.6 177 12, 160 5, 82 10, 168 11, 188 11, 110 7, 168 7.64286
VS753VV 1 11 28253.6 178 7, 81 11, 160 10, 98 12, 166 15, 127 14, 100 5, 174 15, 186 9, 110 9, 170 2.52353
NW956DL 16 25 28254.4 184 13, 107 10, 155 6, 151 15, 188 9, 182 10, 118 9, 85 6, 161 12, 178 9.3427
MT985CE 6 11 28256.4 127 10, 140 10, 134 13, 99 14, 149 6.30872
DH155ZY 1 21 28264.6 179 13, 84 12, 99 5, 87 9, 171 10, 151 12, 160 9, 117 9, 115 5, 139 14, 151 12, 136 5, 128 14, 168 5, 148 13, 153 13, 92 15, 179 12, 131 5, 101 7, 82 15, 157 9, 145 9, 140 0.0571429
AT203MJ 11 12 28266.2 87 9.58621
HT681WY 19 27 28270.3 117 11, 134 8, 141 13, 100 9, 152 12, 176 5, 156 9, 97 12, 101 9, 97 7, 160 6, 148 5, 141 10, 154 5.90909
ZC447BC 7 10 28274.8 93 10, 141 14, 156 7, 106 9.28302
NC853WT 6 23 28279.6 163 9, 185 15, 113 11, 111 11, 108 14, 110 15, 176 15, 167 13, 164 8, 114 15, 169 8, 107 7, 143 15, 165 11, 109 11, 120 4.09167
RC940NB 14 29 28285.7 80 5, 155 8, 105 7, 128 11, 110 5, 150 11, 111 9, 95 9, 114 10, 161 6, 129 11, 151 14, 107 6, 93 10, 165 7, 153 10, 143 12, 82 8, 137 15, 161 7.8882
VC714MK 26 28 28288.8 143 5, 141 7, 176 3.48864
VY982LK 22 26 28295.2 148 9, 160 10, 176 5, 186 7, 125 5, 174 10, 147 7, 115 2.29565
FF690LW 22 27 28298.1 95 15, 99 14, 143 11, 86 11, 145 12, 151 11, 172 10.3198
JF712YP 3 26 28305.7 180 6, 84 9, 93 10, 91 5, 120 8, 187 9, 188 8, 182 15, 171 7, 160 10, 165 13, 173 13, 190 7, 113 12, 165 10, 186 13, 103 11, 110 12, 151 5, 186 12, 163 13, 125 12, 127 14, 149 13, 102 5.22549
YV267NS 18 25 28310 158 7, 132 5, 158 6, 151 6, 165 5, 109 14, 135 13, 137 15, 157 13, 171 4.12865
RA581VK 14 25 28311.4 186 9, 162 5, 132 7, 168 14, 97 11, 124 5, 140 15, 189 6, 144 11, 141 8, 166 11, 167 12, 118 6.12712
SX426JB 16 27 28318.6 118 7, 179 7, 174 12, 126 14, 117 13, 176 12, 155 11, 82 11, 188 12, 171 6, 120 13, 161 10, 91 7, 174 1.13793
YN176PC 24 27 28324.6 99 12, 144 13, 100 13, 160 9, 115 3.87826
LV176WE 14 25 28328.4 85 5, 150 6, 184 5, 165 11, 186 9, 105 13, 104 12, 111 13, 84 13, 86 15, 159 6, 171 5, 186 5, 156 9, 163 7, 159 3.08176
ZK222MP 21 27 28330.1 181 7, 159 10, 108 14, 137 7, 85 11, 136 13, 100 7, 83 6, 82 9, 141 9, 173 0.774566
SH258LF 26 27 28333.8 185 9.37297
ZX941HH 7 15 28337.7 103 11, 114 11, 160 8, 172 10, 99 13, 179 13, 125 11, 152 7.84211
HA114DD 23 26 28345.5 92 8, 144 6, 179 5, 94 14, 116 9, 175 9.8
CF455DA 19 26 28347.9 150 11, 163 11, 168 8, 161 10, 153 12, 100 5, 166 15, 190 10, 122 5, 179 2.82123
JK226SG 7 21 28350.7 185 8, 146 8, 187 15, 190 8, 186 12, 137 5, 142 7, 139 7, 110 14, 173 13, 125 13, 151 12, 154 12, 89 4.61798
ZN048PE 8 17 28355.5 160 12, 160 8, 87 7, 156 6, 185 10, 117 7, 189 14, 182 10.4945
MX049WA 20 25 28362.3 166 11, 165 15, 190 13, 88 5, 141 8, 156 6, 80 3.8375
XY215NP 28 29 28372 114 6.84211
KJ760HS 7 28 28381.1 96 5, 136 11, 190 12, 96 10, 170 15, 150 10, 124 5, 154 15, 102 11, 182 12, 169 5, 171 14, 188 8, 142 9, 151 7, 168 13, 107 14, 163 15, 82 13, 177 8, 169 7, 102 9.03922
DX200EM 25 26 28386.2 154 8, 126 8, 185 0.8
JK371SZ 16 25 28390.5 157 6, 115 9, 173 5, 185 7, 176 13, 162 14, 130 6, 176 12, 83 10, 169 10, 128 9.61719
ZM898DZ 20 24 28396 155 14, 93 10, 119 14, 188 8, 143 8.30769
MA843ND 5 20 28398.8 141 9, 130 5, 159 5, 83 10, 139 10, 152 11, 92 5, 166 8, 101 14, 188 7, 107 15, 95 6, 84 13, 165 9, 143 14, 137 14, 172 6, 142 12, 167 2.97006
MT852LD 23 24 28403.6 104 7, 184 7.22826
TK172XC 16 24 28408.4 175 15, 87 9, 182 5, 149 13, 130 6, 136 10, 116 15, 189 10, 161 7.37267
SC620NA 25 28 28410 94 8, 161 6, 100 6, 152 15, 121 0.876033
AZ984GA 18 23 28413.1 160 10, 146 14, 124 11, 140 7, 93 9, 122 9, 156 2.71154
LC659FK 13 28 28419.9 172 9, 82 5, 100 11, 181 11, 140 8, 82 11, 80 15, 131 8, 188 7, 130 9, 189 5, 169 6, 176 6, 105 5, 140 10, 94 11, 164 14, 188 8, 126 7, 97 12, 115 10, 183 3.66667
MR183ZR 28 29 28429.3 141 5.53191
DL791GN 26 29 28437.9 85 8, 189 11, 179 1.88268
SK300XW 7 20 28440.6 170 15, 143 11, 179 8, 104 13, 155 8, 163 12, 167 7, 179 7, 98 8, 114 7, 167 9, 176 5, 83 10, 187 7, 107 3.54206
PN609DJ 23 24 28446 98 7, 106 12.9434
SC420WA 17 27 28451.5 144 13, 88 6, 94 6, 157 6, 97 7, 137 10, 115 9, 179 10, 112 9, 139 9, 176 9, 165 7, 113 5, 165 15, 177 5, 169 4.81065
YH428GP 25 29 28459.8 146 10, 174 13, 120 11, 124 3.56452
NW841XV 4 9 28461.7 113 7, 100 14, 159 12, 132 15, 90 9, 188 5.80319
KM831XP 21 25 28469.5 157 10, 168 8, 81 13, 88 14, 141 7, 108 9.83333
PW428CN 23 25 28476.1 92 11, 163 10, 130 11.8462
XF824HS 3 17 28477.8 114 15, 86 11, 112 12, 178 5, 162 5, 182 13, 172 9, 135 11, 142 12, 189 14, 81 12, 99 10, 174 12, 135 7.91852
VM775JN 14 24 28481.4 125 7, 164 6, 162 5, 130 15, 80 13, 157 12, 120 13, 95 9, 144 8, 82 11, 158 7, 106 10, 134 9, 148 2.95946
NX369LF 3 7 28485.3 183 14, 115 14, 85 7, 136 11, 85 1.28235
JJ447MA 21 29 28494.1 96 10, 163 8, 124 12, 166 11, 87 6, 93 9, 144 14, 129 13, 120 12, 180 3.67778
KA977LS 15 22 28499.2 171 10, 136 11, 182 9, 168 8, 167 9, 179 5, 94 15, 164 3.91463
BE247YY 3 22 28508.8 125 15, 134 14, 146 5, 171 14, 133 12, 159 10, 148 12, 183 12, 135 13, 186 10, 155 11, 101 15, 159 9, 85 14, 94 12, 186 9, 162 5, 91 7, 85 9.88235
BW865YJ 16 23 28518.6 161 8, 136 7, 93 12, 142 5, 146 6, 153 15, 190 7, 125 15, 121 5.8843
BR718ZS 16 28 28525.6 100 15, 107 12, 128 14, 90 9, 140 9, 178 5, 142 8, 108 13, 157 10, 132 5, 165 11, 141 13, 141 12, 102 9, 178 8.29213
PR195LP 21 22 28527.2 101 8.55446
PR500YS 13 27 28535.9 148 9, 108 13, 93 7, 164 7, 150 6, 189 9, 105 14, 94 8, 81 13, 161 12, 97 9, 143 15, 112 7, 81 10, 111 13, 108 10, 85 14, 138 10, 164 14, 117 4.44444
SV001NT 22 29 28539.9 162 12, 185 11, 134 11, 159 14, 172 5, 144 9, 108 12, 190 3.87895
XN285ET 10 25 28545.1 111 11, 99 12, 168 8, 157 14, 180 13, 156 14, 183 8, 187 12, 183 11, 104 10, 172 10, 162 7, 97 10, 152 6, 136 11, 121 1.17355
PL627ND 3 8 28550.3 101 10, 159 8, 116 10, 168 7, 95 11, 120 14, 167 7.51497
XY052TR 22 29 28559.5 98 11, 163 5, 148 13, 164 7, 135 8, 89 9, 148 14, 86 6, 174 6, 100 13.9
SC482AY 5 10 28561 82 6, 82 12, 110 5, 95 9, 86 10, 131 5, 156 15, 123 12, 174 4.52874
JY127DT 7 23 28567.3 131 13, 88 10, 186 15, 93 7, 127 11, 92 5, 137 9, 104 10, 165 15, 125 12, 159 6, 173 5, 120 14, 147 11, 107 13, 160 6, 173 15, 89 2.4382
PJ923AC 24 25 28570.6 116 7, 104 12.6154
DN206AW 17 27 28578.5 124 9, 87 13, 169 8, 143 13, 151 15, 170 8, 167 11, 123 8, 162 15, 117 5, 98 12, 149 12, 116 5.4569
VN028EA 25 26 28588.5 176 7, 177 6.53107
EV924CC 5 14 28589.1 173 9, 162 5, 89 15, 156 6, 163 15, 97 14, 140 9, 89 11, 167 13, 167 10.8563
RJ250NR 8 13 28592.4 129 7, 109 5, 136 15, 117 11, 161 5.26087
WJ365AD 27 28 28594.7 96 6.0625
AF330JA 24 27 28604 175 9, 85 10, 86 15, 154 11, 115 7.27826
DP713HR 24 25 28612.7 140 5, 80 7, 121 7.1405
VR446AP 8 29 28619.7 101 11, 147 5, 118 8, 117 15, 83 11, 143 12, 175 10, 177 8, 167 9, 125 13, 98 9, 131 14, 174 8, 175 14, 123 9, 189 14, 98 11, 157 11, 139 6, 117 14, 104 6, 152 9, 176 4.54545
GS207SJ 20 28 28627.5 160 14, 166 8, 162 5, 186 13, 105 13, 91 10, 104 7, 160 10, 89 15, 147 10.5578
MG094FW 26 27 28637.5 128 11, 131 2.48855
RW124RT 7 24 28644.7 121 15, 150 6, 160 9, 176 6, 183 9, 158 11, 138 7, 185 8, 94 11, 166 12, 144 5, 105 9, 182 13, 103 6, 83 10, 136 12, 166 15, 120 10, 130 7, 183 3.7541
MF802RM 7 12 28650.9 101 13, 125 6, 159 9, 140 15, 108 8.64815
FC840CV 6 16 28652.1 88 5, 186 13, 186 10, 189 12, 166 15, 130 7, 117 6, 158 15, 165 5.09091
XJ729LR 14 19 28654.4 183 15, 168 14, 86 5, 152 3.74342
MD957ZC 21 27 28660.8 175 7, 130 6, 94 6, 178 6, 142 12, 141 8, 173 6, 162 14, 122 13.0738
RG006KN 12 17 28669.4 167 6, 170 12, 154 5, 149 15, 106 11, 188 2.42021
WT404ND 27 28 28676.4 137 4.24818
TT320JY 24 28 28681.9 168 12, 165 10, 98 14, 128 11, 128 2.98437
XD955HF 22 26 28688.4 144 15, 82 10, 162 8, 186 11, 128 12, 174 5.25287
NY512MN 2 22 28688.9 108 7, 106 12, 113 5, 151 5, 105 8, 172 6, 92 7, 98 9, 95 15, 81 12, 149 7, 173 15, 89 9, 110 7, 128 9, 95 14, 187 11, 123 13, 99 12, 142 12, 153 13, 92 10, 83 10, 98 8, 135 9, 147 8, 146 5.28767
VE975ZK 11 13 28694.1 188 5, 164 7.40244
RX218YE 15 22 28699.9 150 14, 101 14, 118 9, 186 8, 107 9, 165 8, 190 10, 181 2.16022
SS784SW 28 29 28706.3 181 4.30939
GD836PL 7 13 28716.3 162 12, 181 7, 178 8, 152 13, 119 10, 81 0.580247
KR882EE 1 26 28717.9 111 5, 121 12, 127 11, 98 8, 188 10, 80 13, 190 7, 124 13, 186 8, 132 15, 127 14, 163 13, 135 14, 174 13, 85 8, 84 15, 184 8, 145 13, 82 15, 170 10, 151 5, 105 6, 81 12, 183 12, 142 13, 106 15, 186 15, 170 0.558824
KY867TK 24 25 28727.5 120 15, 174 1.86207
BX196HY 10 27 28730.4 98 14, 132 11, 113 13, 94 7, 150 14, 140 5, 136 14, 93 9, 110 5, 93 11, 183 11, 125 15, 87 12, 166 11, 103 8, 101 11, 89 8, 169 7, 143 7, 118 12, 181 11, 154 4.35714
PC819BY 12 16 28731.8 176 13, 119 5, 167 14, 118 12, 175 0.508571
JM076JH 22 27 28740.1 138 14, 143 8, 166 11, 175 7, 189 15, 187 8.25668
CA301VF 13 28 28749.4 150 14, 85 6, 91 11, 136 12, 88 11, 135 11, 176 13, 132 12, 119 6, 86 11, 174 15, 172 13, 86 9, 146 9, 94 15, 82 15, 83 8, 163 9, 182 2.81868
ES734MG 5 10 28756.7 190 5, 176 10, 131 10, 124 11, 97 12, 127 7, 110 12, 80 3.0375
LF204VK 11 16 28763.9 137 5, 118 14, 154 13, 180 12, 95 5, 159 3.68553
BF733DY 24 26 28773.2 115 5, 189 9, 164 5, 180 7.86667
CA491RZ 2 4 28778 86 15, 143 12, 126 6, 98 2.57143
SG732YH 26 28 28785.4 113 12, 94 10.2128
YH925WE 15 26 28793.1 104 7, 103 15, 89 15, 160 8, 91 10, 134 5, 166 14, 119 7, 81 11, 178 14, 102 7, 111 15, 177 7, 140 6, 141 7, 129 7.4186
AJ003WZ 9 23 28801.9 176 5, 121 14, 114 13, 105 10, 153 7, 168 10, 128 11, 103 12, 186 7, 169 5, 100 6, 165 10, 154 10, 169 6, 150 12, 88 5, 108 8, 112 6.42857
YS348HF 8 18 28804.9 181 5, 99 6, 146 9, 190 12, 112 9, 100 7, 82 14, 188 6, 107 15, 154 10, 89 6, 169 6.39053
VP806JL 3 25 28810.7 157 7, 174 8, 164 6, 156 10, 87 11, 100 15, 82 11, 133 9, 95 10, 152 10, 180 7, 94 14, 164 12, 180 8, 145 10, 168 11, 134 12, 160 9, 100 6, 179 13, 146 10, 127 9, 180 10, 125 5, 161 15, 141 1.42553
WH908CV 14 24 28818.8 151 9, 181 12, 187 7, 190 6, 108 10, 182 8, 117 15, 151 12, 133 11, 162 12, 168 1.97619
JE317BF 4 8 28825.4 141 11, 121 10, 101 12, 162 15, 117 5.73504
LB365RP 26 28 28831.1 97 6, 126 11, 175 1.98857
AN591EN 14 21 28833.5 170 15, 169 12, 140 8, 190 5, 167 11, 156 7, 102 10, 130 0.776923
SR682YR 17 24 28841.8 180 13, 105 15, 161 15, 154 8, 100 5, 179 15, 116 13.1293
ZS898NA 4 17 28845.4 167 10, 160 6, 93 10, 92 6, 135 5, 173 7, 97 14, 149 7, 91 9, 174 15, 170 14, 82 5, 183 5, 142 15, 176 7.84659
LX038EK 8 29 28847.5 90 13, 152 8, 175 14, 102 12, 105 6, 109 15, 117 7, 120 14, 134 14, 83 14, 90 14, 141 15, 163 14, 138 10, 82 6, 183 13, 181 7, 106 14, 121 6, 156 9, 82 11, 84 10, 142 8, 141 2.26241
LS788ZT 11 23 28850.7 142 5, 109 14, 188 12, 123 13, 151 11, 129 11, 152 14, 168 6, 136 15, 144 11, 117 12, 144 9.57639
SX060PH 22 25 28856.2 175 6, 107 7, 81 11, 134 13, 131 7, 84 7, 88 5, 126 0.0555556
LS006YZ 17 27 28857 152 5, 108 12, 164 9, 172 7, 139 14, 177 8, 108 9, 168 5, 88 8, 125 12, 93 13, 168 6, 148 7, 160 13, 178 6, 160 0.00625
DY480AF 15 24 28863.8 112 13, 81 7, 178 14, 186 13, 166 5, 173 12, 182 13, 118 7, 175 10, 154 0.75974
PN969LW 3 16 28865.3 152 15, 103 9, 112 13, 146 9, 94 5, 190 13, 168 14, 182 13, 115 14, 136 6, 106 11, 179 7, 91 12, 170 0.317647
VC519HA 14 23 28867.4 166 13, 155 5, 176 11, 82 9, 83 7, 171 8, 162 10, 141 5, 179 7, 162 8, 108 8, 154 3.05195
NF438YH 17 27 28876 89 11, 175 5, 100 7, 181 10, 119 10, 179 10, 124 8, 180 10, 184 8, 143 7, 141 14, 185 14, 149 9.01342
GD874VY 26 28 28883.5 126 12, 151 5.3245
KT027HD 4 23 28890.3 141 11, 96 8, 97 10, 122 13, 138 12, 109 13, 183 15, 145 5, 94 9, 124 8, 160 9, 126 12, 108 11, 89 6, 95 9, 81 6, 82 15, 100 12, 139 6, 189 7, 83 5, 188 11, 176 5, 123 15, 150 1.26667
SD271ES 10 11 28895.2 115 6.2087
RB609LB 26 27 28903.5 84 9, 150 6.52
XG952LE 22 27 28906.7 105 9, 119 5, 171 11, 146 12, 132 14, 146 5, 84 9, 88 15, 111 6.11712
DY502AN 26 27 28911.1 125 11, 112 3.20536
RW278AE 11 29 28920.7 174 10, 174 7, 101 8, 149 11, 135 9, 145 14, 103 6, 176 14, 187 9, 170 7, 116 13, 178 14, 166 14, 98 11, 111 10, 131 7, 179 13, 158 11, 103 2.72816
KP679HL 5 15 28928.5 141 8, 122 15, 148 5, 182 15, 145 8, 187 12, 104 8, 118 7, 134 5, 86 7, 112 8, 127 9, 141 5, 140 0.585714
HG500NP 16 27 28934.5 91 8, 88 10, 105 10, 188 12, 119 10, 165 9, 121 15, 101 15, 90 11, 81 11, 125 11, 111 11, 114 7, 159 9, 114 14, 82 2.89024
HM616XV 15 29 28940.5 118 14, 167 5, 136 10, 151 15, 88 10, 184 10, 170 7, 151 9, 133 9, 178 9, 114 5, 189 15, 129 14, 97 7, 133 8, 136 10.0882
YT337AS 23 25 28950.5 101 8, 87 7, 115 5, 189 6, 132 8
SC065AT 13 15 28954.2 146 15, 84 15, 129 2.09302
FT770CL 21 26 28958.4 163 10, 122 14, 104 14, 183 6, 173 14, 149 8.87248
PW940PN 5 26 28960.5 153 14, 117 5, 189 5, 158 14, 121 13, 97 14, 131 5, 163 9, 124 14, 154 9, 123 5, 99 11, 84 7, 190 13, 146 6, 169 10, 131 6, 179 11, 174 15, 189 14, 112 7, 186 15, 82 10, 155 7.78065
RM276NT 2 27 28963.8 148 13, 117 7, 190 7, 150 8, 169 15, 95 15, 80 5, 156 11, 175 8, 155 12, 151 5, 153 12, 148 11, 163 15, 157 9, 141 12, 81 8, 150 8, 108 13, 135 15, 185 6, 128 12, 158 8, 174 5, 116 8, 158 11, 94 5, 120 6, 114 10, 185 6, 84 12.2976
LF921JK 26 28 28966.1 108 9, 143 9.3986
LH763PN 25 28 28971.7 167 9, 185 10, 116 7, 166 3.24699
AC533GG 16 25 28974.3 84 13, 165 13, 124 6, 170 12, 113 10, 119 8, 108 7, 175 6, 116 12, 106 12, 140 6, 137 11, 85 4.89412
VJ153BM 15 23 28980.3 128 7, 95 7, 94 13, 125 7, 98 12, 113 15, 168 12, 132 10, 121 8, 181 10, 110 1.79091
WZ218GH 19 25 28986.6 178 5, 111 5, 118 5, 134 6, 95 15, 131 8, 185 15, 105 8, 165 7, 147 8, 153 3.86928
BB541DV 17 21 28990.2 106 7, 131 15, 169 14, 164 7, 186 4.97312
GR484YD 19 21 28995.1 128 10, 104 5, 97 13, 142 10.8521
WE597HK 2 6 29001.2 84 7, 131 12, 118 6, 112 10, 179 7, 174 5, 110 8, 110 7.51818
JH506MZ 28 29 29006.6 118 5, 189 1.00529
CL770ME 17 22 29015.8 140 12, 105 8, 125 13, 128 5, 100 14, 189 5, 108 8.14815
CV507RW 11 28 29018.2 137 15, 138 8, 82 7, 86 10, 147 15, 116 5, 116 7, 173 6, 135 9, 144 9, 100 15, 101 9, 123 12, 123 15, 123 8, 94 6, 174 11, 174 14, 152 14, 190 11.0789
VE933AF 21 26 29027.5 149 6, 128 15, 113 10, 179 12, 159 6, 83 12, 89 9, 173 4.58382
JD651JD 6 16 29035.5 162 9, 94 6, 115 14, 174 9, 190 15, 152 9, 127 9, 103 13, 122 11, 114 9.2807
BW324VH 14 20 29037 136 13, 190 15, 164 10, 133 12, 83 6, 93 0.129032
TE349JF 23 25 29046.3 139 11, 120 5, 100 12, 88 9.69318
AH999AK 19 20 29051.4 141 11, 134 5.35075
JT833NY 26 28 29052.3 188 5, 162 8.49383
CT163XN 28 29 29055.8 102 6, 129 1.30233
DM051XS 10 25 29060.4 174 11, 85 5, 161 15, 179 9, 142 6, 96 12, 163 12, 126 7, 179 10, 114 5, 175 10, 86 8, 94 9, 87 7, 152 8, 155 13, 114 10, 162 10.9815
TG804LN 14 26 29064 88 15, 152 13, 136 12, 153 13, 141 8, 176 13, 86 8, 82 5, 164 7, 159 8, 93 9, 116 8, 134 13, 137 5, 176 12, 141 1.2695
EW722NT 6 11 29064.8 97 12, 104 6, 143 13, 123 5, 149 13, 138 3.9058
VB244FG 26 29 29067 141 13, 190 6.64737
VW970YS 23 28 29076.8 140 13, 102 13, 97 12, 110 12, 175 12, 83 9, 103 3.97087
EG681BY 25 29 29083.1 81 13, 173 10, 170 7, 128 7, 169 3.63905
VM157KZ 3 5 29090.5 100 14, 176 5.40909
NN429SV 28 29 29095.3 146 5.34247
NT066FC 26 29 29100.6 142 10, 128 12, 123 1.13821
ER995YK 13 20 29102.3 182 7, 152 13, 110 5, 140 13, 157 10, 148 12, 120 15, 152 2.59211
YW747VK 13 28 29108.9 165 13, 96 8, 88 15, 146 5, 142 6, 133 13, 83 8, 111 6, 171 11, 159 13, 181 10, 172 11, 101 7, 86 6, 187 15, 149 9, 153 7, 95 6, 129 10, 107 5.81308
TM768NF 2 15 29117.7 178 12, 162 9, 104 14, 174 6, 146 10, 170 15, 107 9, 168 9, 116 13, 80 8, 185 12, 119 11, 106 14, 148 4.66216
VC883KX 8 28 29122.8 128 15, 136 12, 117 5, 106 10, 89 8, 114 12, 185 12, 80 13, 94 6, 95 13, 127 6, 84 15, 172 10, 146 14, 180 15, 120 8, 81 7, 89 11, 84 15, 158 7, 132 7, 112 11, 138 9, 96 5, 133 9, 175 1.70857
YV092GY 9 14 29131.6 100 13, 112 15, 106 9, 147 12, 172 10.5465
WJ085SK 20 27 29134.8 184 8, 109 12, 93 9, 144 9, 186 8, 124 10, 190 11, 123 14, 183 12.3005
SE332NC 13 22 29136.1 97 11, 188 6, 139 13, 164 8, 165 7, 190 7, 175 13, 124 7, 99 7, 88 13, 116 9, 141 3.79433
ZS927SW 17 18 29142.8 172 10.8488
YS620TN 14 20 29144.8 117 9, 141 13, 115 7, 83 6, 129 15, 183 12, 82 0.536585
DT078CD 19 25 29150.2 101 6, 118 6, 114 11, 145 9, 174 10, 145 6, 182 8, 152 6, 112 14, 127 11.2677
BS822LS 26 28 29157.7 168 11, 165 2.83636
HP281KX 1 4 29164.7 136 9, 151 12, 93 10, 158 5.5443
YT784YG 24 25 29165.8 141 6, 81 10, 131 3.57252
MD646AR 11 23 29169.5 179 9, 145 9, 107 6, 135 12, 82 14, 87 8, 125 5, 136 13, 80 12, 181 5, 139 8, 130 6, 137 14, 160 8, 97 13, 111 9.75676
RE561SG 14 20 29175.5 123 9, 83 10, 175 7, 176 15, 174 5, 95 9, 150 5.58
YT566PK 2 28 29183.5 143 13, 134 10, 139 15, 109 12, 146 13, 108 5, 149 8, 175 7, 130 14, 149 15, 174 15, 138 15, 165 14, 90 10, 97 8, 103 14, 183 7, 92 12, 87 5, 175 6, 189 15, 87 8, 83 10, 97 14, 98 8, 122 10, 122 15, 157 15, 123 6.2439
NJ099SL 14 22 29189.4 169 7, 96 15, 107 11, 87 15, 184 13, 117 6, 129 14, 149 8, 189 1.93122
PJ520NF 26 29 29197.8 120 5, 97 8, 100 7, 171 5.96491
MX238DM 27 28 29202.5 124 4.69355
HL377HV 17 28 29210.6 144 12, 170 8, 176 13, 176 11, 81 12, 146 5, 170 11, 89 15, 147 15, 91 7, 164 9, 138 8, 96 11, 125 3.208
PY202WA 17 25 29211.6 95 7, 134 14, 150 15, 89 7, 120 7, 146 10, 119 15, 146 6, 106 14, 109 11, 93 12, 100 2.2
SB238DV 9 16 29220.7 147 6, 86 13, 84 9, 132 8, 87 8, 181 11, 149 10, 162 5, 83 9, 147 3.91837
DZ480FS 7 15 29230 92 9, 100 14, 178 14, 124 6, 122 11, 159 6, 140 10, 144 9, 176 6.31818
LZ991GB 9 15 29235.9 99 14, 82 10, 112 5, 151 9, 169 5, 137 8, 94 12, 179 6.93855
TN963FL 20 21 29245.3 99 5, 179 8, 118 3.44915
YY030MD 17 18 29251.1 188 8, 116 3.12069
GB270WF 14 18 29258.2 180 12, 136 12, 168 8, 139 2.02878
JR197MS 19 21 29260.1 124 11, 110 12, 110 13, 154 3.16883
WE042RV 2 19 29262.7 157 11, 123 15, 81 14, 152 14, 140 11, 168 11, 105 12, 145 15, 105 9, 176 6, 112 10, 164 6, 180 11, 135 5, 158 15, 99 8, 168 10, 139 2.46763
NF651JE 12 16 29271.5 84 6, 138 5, 167 5, 139 10, 136 12, 120 13, 168 0.684524
YM006WL 1 8 29281.3 190 13, 185 11, 166 5, 136 13, 145 11, 157 14, 87 8, 97 3.34021
TV260XM 25 26 29287.2 159 10, 183 4.36066
LH188BE 25 28 29288.3 123 9, 136 8, 103 8, 136 6, 101 8.60396
JG265HK 4 19 29296.6 118 15, 80 7, 180 7, 173 11, 94 15, 137 8, 185 9, 163 12, 94 8, 124 8, 144 5, 106 9, 150 14, 101 10, 100 13, 181 8, 189 3.66138
DR587SX 22 26 29297.8 104 7, 172 9, 118 14, 84 11, 130 8, 86 13, 185 9.52432
TX322TA 22 29 29307.2 159 9, 80 11, 166 6, 130 5, 147 5, 169 10, 104 15, 132 9, 127 13, 118 5, 154 3.22727
AW827YY 9 27 29311.7 105 9, 91 13, 167 8, 88 7, 134 15, 94 11, 162 12, 143 10, 134 6, 82 14, 178 15, 103 8, 159 13, 162 9, 183 6, 114 13, 160 5, 123 10, 174 10, 136 10, 138 11, 113 7.81416
LR597HH 14 22 29316.9 127 7, 81 13, 139 8, 172 7, 109 6, 171 10, 160 10, 157 15, 182 5.41209
AK203KD 25 28 29317.6 118 10, 94 12, 188 6, 146 8.68493
BR041KR 5 28 29321.4 111 14, 178 12, 175 13, 150 13, 109 15, 134 14, 105 8, 188 7, 85 15, 120 9, 120 11, 147 6, 123 11, 112 7, 82 12, 155 13, 167 12, 127 12, 164 7, 159 6, 96 14, 104 7, 185 13, 160 8, 156 10, 137 7.9708
WY344YG 11 24 29327.6 95 6, 126 8, 122 15, 166 10, 174 14, 100 13, 160 11, 103 15, 106 11, 153 12, 121 15, 184 9, 127 15, 95 3
RB804AT 21 27 29334 132 6, 129 11, 136 8, 105 15, 167 15, 147 14, 146 5, 93 12.9355
FV780KH 25 27 29338.3 106 13, 188 11, 121 5.58678
LC790JV 2 17 29342 113 6, 101 8, 164 7, 80 12, 157 9, 143 13, 170 6, 110 9, 131 5, 150 12, 82 7, 152 8, 82 5, 109 10, 105 12, 105 10, 131 14, 136 11, 91 11, 143 8, 180 3.62222
PM508FW 13 26 29343 177 7, 166 8, 185 13, 92 14, 88 11, 163 14, 105 14, 110 5, 102 5, 104 12, 96 11, 187 15, 102 7, 96 7, 128 12, 109 8, 180 6, 86 12.8721
FT875BK 12 29 29344.8 106 6, 185 5, 103 8, 130 6, 190 7, 171 5, 152 9, 161 13, 114 11, 111 13, 122 6, 157 9, 112 13, 88 6, 117 15, 157 10, 141 9, 81 15, 173 11, 134 15, 146 10, 153 4.75163
HD634PD 28 29 29349.8 169 4.61538
MW600TJ 2 10 29353.3 118 5, 171 9, 182 5, 179 12, 168 8, 135 5, 89 8, 95 6, 99 7, 101 5, 122 12, 123 7, 105 15, 102 2.5098
DD112LV 8 22 29358.9 99 13, 161 7, 92 14, 81 7, 143 11, 167 10, 165 7, 174 13, 177 9, 164 10, 94 11, 106 7, 134 8, 190 10, 88 10, 171 1.11111
RX989GN 25 29 29361 185 11, 187 13, 108 9.42593
BM275FS 10 13 29363.8 179 7, 181 7, 142 2.4507
PT908PW 28 29 29364.6 144 5.41667
CA412JA 3 23 29372.9 116 14, 111 6, 168 15, 83 11, 131 5, 104 12, 126 9, 185 14, 123 11, 126 13, 171 9, 110 11, 180 7, 156 11, 141 15, 125 11, 126 9, 107 12, 186 13, 111 7, 182 8.85165
SE364YX 21 24 29378.5 104 8, 176 15, 120 8, 113 6.12389
VJ974RH 17 29 29382.5 162 11, 144 8, 82 7, 142 12, 165 15, 137 10, 95 11, 165 10, 108 5, 187 5, 173 7, 104 8, 142 8, 116 12, 169 11, 97 2.27835
CA974GL 15 19 29390.5 167 12, 88 7, 133 8, 119 6, 176 4.39773
BK081XB 22 27 29399.9 149 5, 109 12, 111 10, 90 6, 166 10, 153 13, 164 9, 168 9.9881
CN451NW 20 21 29401.2 172 11, 138 3.2029
VP148CN 19 27 29402.9 119 15, 143 7, 104 14, 163 15, 187 7, 148 7, 165 9, 165 9, 182 10, 166 11, 131 2.47328
DL776VY 14 25 29411 171 5, 139 13, 93 5, 141 6, 133 6, 137 12, 170 6, 135 9, 187 14, 105 9, 90 8, 82 8, 187 6, 107 11, 166 12.3976
PA142RT 3 24 29419.1 87 12, 146 14, 132 13, 127 5, 125 5, 169 6, 91 10, 159 14, 145 15, 100 15, 184 13, 165 15, 106 13, 158 9, 118 11, 162 14, 129 5, 179 14, 84 7, 164 11, 96 8, 163 8.61963
HP260SS 11 17 29424.7 160 8, 99 15, 144 6, 98 15, 139 11, 100 14, 110 4.30909
CD716SH 15 24 29429.1 80 11, 187 6, 180 5, 183 15, 140 11, 165 14, 88 5, 103 14, 88 8, 87 8, 190 11.1526
HZ504ZA 24 28 29435.7 135 14, 111 6, 107 11, 84 10, 92 15, 176 4.97159
CK344LJ 25 28 29437.9 126 12, 91 5, 103 11, 116 13.8276
JL024YR 2 26 29443.4 93 11, 97 10, 162 8, 91 15, 180 14, 118 5, 98 10, 100 11, 154 15, 96 6, 148 5, 148 14, 118 15, 82 12, 113 7, 111 9, 157 6, 139 11, 147 15, 171 15, 148 14, 150 15, 91 8, 133 12, 155 13, 104 9, 106 9, 145 7, 186 5.0914
TZ021CA 17 29 29453.2 172 9, 121 14, 185 7, 132 10, 98 14, 185 14, 111 12, 86 11, 165 6, 114 5, 159 11, 177 8, 161 9, 128 10, 96 3.40625
SJ984BJ 9 24 29457 188 14, 173 13, 176 9, 162 15, 152 6, 113 15, 91 7, 189 15, 162 12, 148 10, 102 6, 179 13, 150 13.3133
SB926PC 3 29 29463.2 173 9, 98 5, 113 13, 182 15, 84 11, 139 8, 102 9, 124 14, 97 11, 81 6, 112 6, 165 15, 108 7, 134 6, 143 8, 93 13, 84 7, 129 7, 121 9, 159 5, 108 10, 170 14, 167 15, 171 8, 87 12, 139 14, 176 7, 140 15, 149 6, 132 9, 89 7, 141 8, 161 0.21118
KH323YE 2 14 29465.5 100 8, 159 5, 102 7, 136 13, 155 15, 150 12, 130 12, 170 14, 150 5, 161 7, 145 15, 120 6, 105 5, 134 5, 86 8, 95 7.46316
WR880AY 27 28 29467.1 100 5.82
SW490XZ 17 28 29476.9 142 11, 129 6, 183 12, 174 13, 131 6, 158 9, 89 8, 143 7, 164 13, 136 8, 140 12, 179 13, 114 5, 160 3.6625
ZZ733TJ 18 20 29479.1 140 11, 153 7, 164 2.04268
FN687MP 5 6 29488.9 190 9, 105 12.0571
BS529AG 19 24 29494.9 178 7, 125 9, 137 6, 153 7, 84 15, 141 13, 117 15, 112 5.48214
LV017NW 4 24 29500.7 140 7, 128 8, 94 8, 82 11, 162 9, 88 7, 80 9, 81 10, 168 14, 179 12, 83 13, 173 5, 94 13, 184 7, 140 7, 110 11, 149 8, 180 12, 117 13, 83 13, 130 13, 143 14, 87 10, 179 6, 170 6, 142 2.11268
DJ268CN 22 28 29501.4 99 15, 136 5, 111 11, 145 6, 181 9, 90 14, 110 8, 91 15, 139 6, 155 5.57419
JH040BE 23 29 29511.4 172 7, 109 11, 176 13, 179 13, 166 14, 85 3.81176
AK793KD 17 21 29521.3 167 9, 161 13, 140 8, 141 8, 110 11, 168 0.547619
CV407PG 3 18 29529.8 148 15, 187 8, 180 13, 113 8, 128 12, 177 12, 87 5, 115 13, 102 8, 107 14, 132 11, 183 7, 186 8, 142 11, 104 8, 144 6.63194
PK297TK 25 29 29538.9 141 13, 80 13, 132 11, 154 7.52597
RR862SE 9 11 29540.9 100 5, 91 15, 141 4.94326
SV568CN 21 22 29548.5 117 7.38462
PR638NC 28 29 29556.7 132 5.90909
PJ771PL 1 8 29557.6 92 5, 90 13, 165 12, 103 9, 152 5, 134 11, 155 8, 149 11, 105 13, 120 5, 98 3.07143
PZ713VP 7 17 29561.5 110 8, 125 10, 175 10, 139 15, 102 8, 189 8, 80 10, 125 7, 97 7, 188 12, 80 13, 177 1.42938
CR693YZ 7 9 29562.2 186 11, 104 8, 91 2.79121
DS461MC 7 19 29570.8 110 9, 173 6, 158 7, 131 11, 107 8, 147 6, 176 15, 184 7, 145 10, 90 7, 99 7, 96 6, 153 11, 99 9, 80 7.2
EH807ZP 25 29 29578.9 112 12, 106 6, 145 10, 171 6, 184 5.58696
KR631SB 8 21 29584.3 125 6, 145 15, 112 12, 186 9, 190 8, 188 15, 111 10, 100 5, 173 12, 97 8, 90 9, 115 5, 82 11, 179 11.6425
EV230PT 28 29 29592.6 127 6.14173
KS581EF 2 10 29595.3 132 9, 139 5, 113 7, 190 15, 99 11, 115 13, 129 14, 127 5, 82 15, 105 12, 134 5.99254
TP291YG 22 24 29598.2 186 10, 82 15, 127 7, 126 2.23016
EX326BG 3 12 29606.7 160 12, 134 6, 92 7, 86 8, 92 15, 144 13, 127 8, 170 9, 156 9, 157 5, 131 6.54198
KP918DT 4 21 29616.7 114 15, 171 7, 113 12, 167 7, 168 7, 168 8, 141 9, 172 14, 180 10, 179 7, 92 14, 127 13, 138 14, 155 12, 97 10, 159 11, 177 11.6271
HA173SD 19 24 29620.4 105 11, 176 6, 90 12, 129 10, 120 7, 101 13, 139 11, 155 9, 155 0.43871
DZ448KC 9 25 29628.3 128 15, 113 13, 90 14, 169 7, 132 14, 125 11, 151 8, 104 11, 131 14, 164 13, 160 5, 158 13, 106 8, 82 7, 145 11, 149 5, 162 13, 135 10, 176 0.0738636
SY782ZT 27 28 29632.9 125 4.656
YF188JZ 15 26 29636 109 14, 171 11, 132 5, 174 6, 176 14, 163 14, 172 7, 127 14, 186 15, 107 7, 138 11, 131 9, 155 2.16129
WA885MB 6 8 29643.4 176 14, 119 6.77311
LS359MV 18 19 29650.3 160 4.2375
ZA117HX 8 16 29657 175 9, 96 10, 166 8, 168 7, 87 8, 168 9, 116 10, 158 12, 177 4.09605
VW586RP 5 26 29659.3 84 5, 114 13, 188 12, 102 5, 156 7, 119 7, 175 13, 111 9, 173 14, 116 6, 171 6, 80 5, 157 11, 120 12, 135 10, 97 9, 143 15, 166 5, 104 8, 109 6, 164 11, 154 14, 169 12, 163 15, 101 9, 127 6, 102 6.19608
WC460JP 1 28 29660.7 135 13, 174 13, 166 10, 131 14, 151 14, 110 7, 83 11, 151 10, 171 7, 146 13, 81 5, 103 7, 82 9, 166 8, 101 14, 98 14, 179 13, 85 7, 157 14, 134 5, 190 9, 141 14, 155 5, 84 12, 190 8, 112 11, 92 6, 133 14, 122 12, 88 10, 119 11, 98 10.3776
EF869RN 27 29 29668.7 113 7, 181 3.1547
ZH706YY 18 20 29673.9 125 8, 121 6, 91 10, 156 1.98718
WA975NX 12 25 29678.9 94 12, 93 9, 163 7, 124 10, 84 9, 87 9, 189 5, 103 15, 125 12, 128 10, 123 13, 123 11, 130 14, 183 5, 141 6, 174 11, 91 9, 139 11.8058
KW963DC 13 18 29684.8 141 15, 94 6, 122 9, 115 8, 135 9, 99 8, 183 6, 148 2.78378
AV965AW 13 16 29694.8 100 8, 187 13, 147 9, 102 5, 93 3.67742
XK699BD 9 29 29698.7 132 13, 180 9, 141 10, 115 6, 133 13, 159 9, 137 8, 154 10, 158 6, 99 6, 125 12, 141 15, 86 15, 135 10, 133 11, 108 6, 102 14, 100 12, 129 8, 154 10, 84 8, 175 7, 173 12, 111 5, 90 0.822222
LV932KM 3 19 29708.6 149 9, 188 12, 178 8, 155 15, 137 9, 182 10, 139 15, 94 13, 188 6, 103 10, 121 14, 143 9, 100 15, 140 15, 157 4.24841
EN502BS 27 29 29714 115 9, 172 1.90116
XX635JB 24 26 29723.6 95 10, 82 14, 154 8, 124 8, 169 1.12426
NN361LZ 10 28 29724.6 164 11, 123 5, 168 9, 167 12, 106 13, 164 6, 109 11, 171 9, 91 15, 105 9, 109 12, 88 7, 149 7, 175 10, 189 14, 165 13, 158 8, 144 5, 124 11, 102 6, 160 6, 147 3.68027
GL516TM 1 27 29731.2 159 12, 164 8, 84 13, 103 11, 132 8, 87 12, 97 7, 166 7, 110 8, 107 6, 171 7, 120 7, 91 15, 119 13, 130 6, 140 5, 146 15, 105 11, 148 11, 81 10, 130 6, 158 11, 87 12, 155 11, 161 10, 80 6, 94 11, 85 10, 182 11, 174 11, 168 6, 160 8, 99 7, 190 7, 151 12.0132
XV360ZX 7 20 29736 118 10, 138 8, 113 14, 119 7, 145 5, 149 13, 121 7, 189 11, 113 15, 150 5, 101 5, 183 14, 85 14, 156 7, 117 5, 182 1.87912
WC271MR 17 27 29741.4 144 14, 136 15, 187 13, 111 8, 120 13, 96 10, 114 14, 117 13, 128 11, 188 7, 91 6, 115 6, 162 9.53086
MK340WL 12 14 29742 160 5, 104 7, 126 7, 105 12, 187 2.38503
MD766BJ 18 28 29744.4 91 6, 84 11, 167 12, 167 10, 146 10, 184 14, 118 5, 175 7, 108 12, 144 8, 145 13, 161 11.8261
AK873FY 26 27 29745.9 132 12, 178 0.842697
LW334VC 23 26 29755.2 120 12, 142 9, 90 8, 131 11, 134 8, 87 7.11494
YS806BZ 15 29 29757.1 125 8, 169 12, 113 6, 125 7, 136 10, 85 14, 167 12, 127 8, 109 14, 155 11, 98 11, 143 11, 112 5, 117 11, 88 13, 129 9, 123 11, 160 6.05
EW421JD 28 29 29758.3 140 5.57143
ZM889ZS 11 26 29765.7 111 9, 109 12, 83 10, 167 11, 120 8, 166 15, 138 15, 86 11, 115 5, 81 12, 106 14, 125 13, 172 12, 90 8, 166 7, 137 13, 178 7, 175 12, 95 1.21053
TM800CF 12 21 29768.8 175 12, 162 15, 182 12, 121 14, 120 5, 161 8, 178 9, 147 14, 163 5, 173 0.248555
SL577GS 5 28 29772.5 138 13, 153 7, 115 12, 151 13, 105 10, 109 5, 133 13, 128 11, 117 8, 136 15, 168 10, 110 14, 177 8, 148 11, 111 14, 111 15, 88 6, 143 10, 175 12, 84 9, 144 12, 156 11, 172 12, 137 11, 118 15, 101 3.12871
FM618TP 27 29 29773 161 7, 163 1.44172
SK600HG 20 26 29774.4 174 14, 82 7, 132 6, 179 5, 82 15, 142 15, 145 10, 172 14.3198
SK454GL 18 22 29784 134 11, 160 12, 188 12, 90 5.48889
ZD515KY 5 17 29787.3 116 10, 169 11, 136 7, 185 9, 116 11, 111 13, 91 9, 146 10, 145 12, 152 8, 179 13, 188 7, 127 7.74016
FV174FE 7 16 29797.3 147 7, 123 13, 85 10, 176 11, 171 15, 90 7, 110 11, 109 7, 127 5, 140 11, 179 2.77654
LK986HX 12 24 29801.4 105 10, 105 13, 113 5, 138 5, 178 10, 99 15, 154 12, 156 11, 179 8, 142 15, 95 12, 175 7, 92 13, 105 14, 186 4.54839
NE162HC 5 10 29802.3 118 8, 107 9, 180 13, 190 10, 138 10, 85 11, 141 3.8156
RN483VM 14 15 29802.8 128 7.21875
DC242BM 7 22 29809.8 136 5, 137 11, 142 5, 129 11, 116 14, 102 14, 175 7, 103 6, 187 14, 182 15, 96 9, 161 5, 146 9, 190 7, 134 7, 99 8, 176 7, 189 1.96825
HS907RV 18 25 29818.5 186 8, 145 13, 155 6, 140 6, 133 13, 176 15, 144 7, 83 7, 188 7.59043
HX822ZH 9 17 29826.8 174 11, 156 9, 167 13, 157 6, 96 7, 110 12, 92 7, 128 8, 146 6.66438
YJ137GV 21 23 29836.5 114 6, 172 12, 80 3.975
YF242JZ 5 10 29837.6 120 5, 180 8, 142 13, 157 7, 80 7, 96 13, 113 5, 172 7, 91 4.81319
AM012NF 25 27 29846.1 153 10, 128 6, 166 10.988
LA427BW 20 22 29850.6 112 15, 182 8.34066
SL941PP 22 24 29851.9 117 10, 101 11, 127 15, 141 0.524823
TL698PZ 25 26 29860.4 93 8, 173 6, 145 4.17931
LZ239HD 22 23 29862 101 14, 126 6.25397
HX973GE 3 13 29865.7 185 15, 89 14, 104 6, 181 11, 102 7, 137 10, 96 8, 123 5, 164 6, 166 14, 99 8.17172
NG180WD 17 18 29868.4 154 12, 155 0.116129
ED239AA 26 29 29869 134 8, 148 13, 154 0.649351
KN744VW 20 24 29878.8 153 11, 103 14, 176 11, 163 5, 162 9.76543
VJ194AA 28 29 29888.8 128 6.09375
LE042DD 13 24 29893.2 96 14, 97 5, 146 10, 132 12, 168 11, 183 15, 99 5, 190 7, 154 10, 156 5, 173 9, 89 10, 128 13, 85 7, 180 1.67222
VG026FS 8 26 29900.2 114 6, 149 11, 162 6, 101 15, 189 9, 183 11, 113 11, 158 14, 186 11, 115 6, 147 5, 131 10, 98 15, 106 14, 92 8, 111 10, 105 6, 87 6, 91 12, 117 11, 188 8, 158 9, 172 4.27326
TJ312VP 19 24 29901.3 147 13, 110 12, 185 9, 179 8, 137 13, 189 5, 80 5, 142 1.91549
RD631LR 28 29 29910.9 177 4.40678
KW935SZ 14 24 29913.2 83 14, 141 9, 137 14, 126 13, 128 14, 159 10, 132 6, 187 8, 170 5, 130 11, 155 6, 141 6.77305
ZG397NE 1 18 29921 166 14, 176 5, 141 8, 136 12, 111 9, 89 11, 96 14, 179 11, 156 9, 148 13, 98 11, 143 5, 103 12, 81 5, 87 11, 101 15, 128 11, 103 15, 170 13, 147 0.680272
EB350TX 25 29 29927.2 167 14, 150 14, 135 7.74815
ZX358VM 3 16 29929.1 100 7, 152 6, 120 12, 112 11, 134 7, 148 12, 188 10, 108 8, 183 11, 104 10, 89 14, 173 15, 107 5, 143 12, 110 6.71818
ND573YG 2 26 29935.5 87 10, 148 12, 143 5, 100 9, 105 5, 102 5, 156 9, 122 6, 137 12, 111 14, 112 11, 165 11, 110 15, 190 6, 153 10, 96 13, 124 7, 124 12, 159 7, 106 7, 175 9, 157 5, 113 11, 143 5, 97 6, 101 8, 164 14, 177 5, 121 7, 93 6, 147 12, 166 14, 128 11, 80 5, 152 1.27632
VG992TR 3 26 29937.3 103 12, 139 14, 151 9, 125 9, 175 5, 132 12, 120 15, 165 8, 189 10, 130 10, 111 14, 80 14, 82 5, 145 10, 131 7, 190 5, 190 13, 100 5, 185 6, 119 13, 111 14, 82 15, 114 11, 159 8, 83 6, 153 14, 138 5, 156 9, 106 7, 182 0.554945
GT067DH 18 21 29938.2 96 12, 172 13, 119 9, 81 10.1358
RN481DR 10 26 29946.9 126 10, 177 7, 127 6, 115 12, 172 6, 98 15, 163 7, 105 9, 92 7, 114 12, 178 11, 170 11, 125 5, 95 7, 189 7, 86 15, 174 11, 152 9, 155 6, 117 11, 102 14, 98 1.0102
AG811NH 19 21 29952 179 12, 110 8, 112 14.0536
AV231JC 18 28 29961.4 143 13, 95 14, 99 9, 107 9, 116 9, 121 13, 89 5, 132 13, 123 9, 94 15, 141 9, 105 14, 152 11, 134 3.60448
KH972CV 20 25 29968.4 138 10, 144 14, 90 6, 132 12, 94 8, 172 9, 137 12, 118 1
TS919GL 21 27 29974.5 139 15, 102 5, 106 10, 94 12, 139 13, 101 10, 105 14, 82 8, 164 7, 100 4.96
CX262CR 17 21 29983.5 130 12, 187 5, 129 8, 141 15, 131 11, 144 0.4375
DC569NS 15 28 29984.3 167 8, 185 15, 161 5, 181 14, 135 13, 116 6, 82 9, 109 7, 102 14, 181 5, 180 5, 178 5, 148 15, 110 5, 148 6, 182 13, 188 0.941489
MM808PC 15 18 29993.9 179 13, 81 11, 177 7.20904
FZ386LX 12 15 29996.1 187 13, 174 10, 97 5, 156 2.46154
JZ653VT 8 22 29997.8 127 11, 112 11, 87 13, 88 7, 122 10, 96 14, 98 6, 154 10, 118 8, 129 9, 104 9, 112 5, 99 8, 116 6, 106 12, 92 6, 154 15, 122 9, 114 5.18421
EF725VS 20 28 30001 178 13, 100 14, 84 5, 130 12, 109 5, 98 11, 137 15, 125 11, 117 13, 183 5, 180 6.12778
CK702HC 9 12 30010.6 122 13, 99 5, 141 7, 183 1.79235
XD041XX 11 29 30019.8 181 11, 101 12, 128 8, 97 11, 132 5, 133 5, 94 11, 188 10, 126 8, 80 6, 85 11, 99 13, 129 10, 167 14, 94 5, 176 14, 142 7, 116 8, 114 13, 83 10, 182 6, 179 5, 126 13, 128 5.59375
VC556ME 11 16 30022.4 124 8, 175 10, 108 14, 113 13, 87 9, 116 9.08621
DT121TE 27 29 30027.2 121 11.2562
PF452ZK 24 25 30037.1 125 14, 158 2.36709
PL953XP 25 27 30041.5 124 14, 138 6, 176 8.85227
NV619LN 27 29 30046.7 144 8, 168 1.25
HE496SG 12 15 30054.8 133 11, 174 8, 143 9, 88 10.2045
NT056MX 24 27 30056.9 115 9, 130 13, 135 12, 160 5, 175 6.29143
MJ888BJ 13 19 30062.1 106 10, 145 7, 113 8, 115 8, 152 9, 188 6, 134 13, 174 4.33908
VW945FS 17 29 30063.5 188 5, 162 6, 177 14, 147 6, 145 13, 116 10, 112 11, 162 7, 172 13, 153 7, 177 14, 95 7, 93 5, 187 5, 125 10.76
MV462RD 6 29 30068.4 188 13, 129 11, 183 5, 106 8, 150 8, 121 8, 151 13, 82 13, 95 6, 105 7, 151 8, 189 12, 136 9, 127 14, 118 13, 113 15, 94 13, 90 7, 121 5, 162 11, 156 13, 107 14, 88 10, 155 6, 129 5, 127 6, 179 8, 146 5.95205
KK103WF 10 23 30074.5 183 7, 122 13, 130 15, 118 5, 177 6, 187 5, 143 11, 111 15, 117 15, 185 6, 97 13, 119 5, 130 11, 152 8, 136 10.4338
DK993VJ 9 21 30081.3 115 15, 154 15, 101 15, 182 10, 162 15, 146 14, 149 7, 108 14, 126 8, 184 13, 161 2.5528
MP650RP 10 24 30088.6 174 14, 128 10, 110 10, 107 9, 89 6, 108 10, 144 6, 124 10, 166 12, 116 7, 147 7, 158 10, 168 6, 181 15, 187 8, 169 8, 184 0.0271739
YN249YT 5 18 30093.5 127 8, 103 14, 139 8, 110 13, 145 15, 90 5, 160 6, 128 6, 188 5, 178 15, 160 12, 174 9, 126 8, 109 7, 166 11.2169
HK783CH 10 13 30101.4 98 12, 170 9.95294
LW031DF 12 28 30105.4 131 14, 85 11, 109 13, 136 11, 90 9, 91 5, 130 9, 147 12, 122 11, 151 14, 173 7, 170 7, 141 5, 162 15, 133 9, 186 7, 172 9, 153 11, 165 13, 136 0.132353
VG747ZS 8 18 30110.8 119 9, 166 7, 126 9, 167 7, 107 8, 145 6, 187 5, 155 15, 159 5, 102 5, 184 10, 124 9.42742
MJ910PV 23 24 30119.7 152 7, 126 7.88889
PP361WB 19 28 30126.8 111 5, 145 13, 189 13, 185 11, 186 13, 169 15, 159 15, 165 10, 186 3.4086
CA771TC 3 18 30132.1 131 13, 115 5, 151 15, 81 5, 104 11, 163 8, 165 15, 89 10, 147 13, 96 9, 106 12, 89 8, 184 14, 97 13, 163 7, 151 12.8212
MX601AW 9 23 30141.4 83 10, 167 9, 156 6, 107 8, 163 12, 183 10, 169 7, 182 12, 130 5, 94 8, 93 7, 156 7, 99 13, 179 9, 119 12, 148 5, 82 11, 103 8.59223
XE699WD 4 16 30142.4 189 7, 119 14, 130 14, 165 5, 129 13, 125 12, 114 9, 138 12, 157 9, 168 12, 109 9, 80 8, 189 8, 128 0.367188
YK283CM 3 10 30152.4 84 8, 154 6, 133 5, 96 5, 151 11, 173 12, 108 9, 102 7, 127 15, 100 6, 90 7.58889
JT552SV 7 18 30161.9 105 7, 163 10, 114 14, 175 11, 91 13, 162 11, 159 9, 136 5, 103 9, 89 9, 182 12, 88 7, 154 3.71429
EA019VM 13 29 30164.1 127 12, 133 6, 115 13, 99 14, 92 13, 111 15, 156 7, 126 7, 176 6, 130 12, 115 10, 123 14, 161 8, 138 7, 171 12, 84 12, 146 14, 177 10, 183 8.59016
SN241EV 27 29 30172.4 93 9, 189 2.77778
LA580LJ 21 27 30173.3 115 13, 127 10, 96 15, 170 12, 93 10, 174 5, 119 8, 138 9, 111 10.1892
HY495LK 17 23 30179.2 118 9, 115 8, 97 5, 181 9, 103 9, 107 5, 110 6, 80 15, 189 13, 174 1.93678
LH374VE 1 15 30189.2 127 9, 100 8, 129 14, 175 11, 155 7, 104 14, 119 11, 145 14, 94 7, 164 9, 126 15, 160 15, 146 9, 156 12.6026
NY442CG 1 25 30195.6 184 10, 171 15, 184 6, 88 7, 96 7, 157 13, 110 15, 153 9, 103 6, 135 11, 185 12, 111 13, 127 8, 184 7, 89 11, 101 8, 118 11, 126 14, 98 8, 166 14, 130 13, 169 5, 146 11, 130 14, 155 12, 97 12, 174 8.06322
ZH818GN 12 21 30201 107 14, 121 9, 94 6, 151 10, 82 5, 99 6, 80 5, 179 10, 169 14, 178 6, 117 13, 112 7, 186 6, 152 0.684211
AH720ZG 10 21 30206 92 10, 148 11, 184 8, 102 7, 114 11, 91 8, 107 5, 119 10, 100 13, 98 12, 89 11, 98 9, 178 9, 160 7, 183 4.71038
TW994DY 28 29 30215.4 107 7.28972
VN553CJ 26 28 30218.8 183 12.6557
KY672TD 3 27 30220.4 101 6, 99 6, 122 10, 178 12, 87 5, 183 9, 80 7, 119 8, 84 10, 132 5, 146 12, 121 11, 151 8, 124 7, 140 6, 168 15, 121 11, 120 15, 132 7, 92 9, 100 6, 102 11, 102 11, 188 10, 100 10, 105 11, 138 10, 126 11, 86 11, 141 13, 179 10, 81 8, 86 13.6047
KX185TR 9 16 30226.3 179 13, 171 8, 90 9, 107 6, 120 10, 86 15, 170 5, 161 6, 169 3.95858
SY705DY 14 29 30234.1 148 10, 135 7, 141 10, 166 15, 117 7, 95 12, 80 12, 126 8, 164 6, 155 6, 98 11, 123 10, 162 5, 152 7, 174 11, 145 14, 151 12, 80 14, 175 1.17714
MD355DY 27 28 30241 145 4.01379
DH669TV 22 25 30250.3 122 5, 176 7, 80 8, 114 15, 120 15, 173 2.2659
EL654RP 26 28 30259.9 188 12, 186 0.322581
JM821PM 25 26 30266.8 104 8, 94 7, 103 5, 108 3.5463
CY710RP 8 17 30268.8 118 9, 177 8, 96 15, 135 8, 98 11, 147 12, 153 10, 172 5, 124 6, 164 6.07317
TA503CE 21 24 30274.2 145 14, 156 6, 176 12.2614
WF166KS 2 25 30281.8 105 12, 153 8, 82 6, 142 14, 169 13, 147 6, 183 8, 115 7, 134 14, 91 11, 115 10, 124 7, 131 9, 175 10, 96 14, 83 15, 102 5, 157 5, 83 14, 135 5, 85 13, 190 10, 86 10, 119 12, 155 14, 154 5, 156 15, 101 9, 101 11, 82 12.2195
YM525HS 7 15 30284.3 82 10, 146 6, 85 11, 109 7, 190 6, 189 13, 180 6, 129 6, 105 7, 124 10, 126 5.93651
RX782NB 6 26 30293.6 148 15, 147 9, 165 6, 82 8, 166 12, 131 5, 185 7, 152 10, 181 7, 86 8, 185 9, 154 11, 154 15, 156 13, 86 13, 183 11, 168 12, 108 13, 140 10, 172 14, 110 7, 103 5.72816
NP570XF 1 28 30300.6 85 9, 99 15, 172 7, 114 6, 175 13, 180 14, 184 9, 150 8, 107 7, 130 8, 138 5, 167 5, 186 5, 185 11, 112 14, 95 10, 183 6, 136 13, 180 15, 105 8, 150 9, 88 11, 91 13, 133 15, 125 6, 142 10, 119 10, 189 10, 184 12, 171 13, 161 5.06211
YN157XH 15 26 30309.4 150 15, 159 14, 168 10, 101 5, 135 5, 103 8, 107 6, 105 10, 190 12, 143 8, 184 10, 155 14, 164 11, 100 3.2
GY349RT 4 28 30319.3 87 13, 161 8, 134 9, 145 10, 187 7, 161 14, 139 9, 147 5, 86 6, 93 14, 109 11, 188 9, 182 7, 183 7, 104 15, 135 13, 107 11, 138 15, 88 15, 125 14, 91 14, 190 15, 173 9, 172 10, 133 5, 83 6, 150 7, 94 10.7234
GP656LZ 24 29 30320.9 120 9, 155 13, 137 6, 186 13, 84 12, 178 1.48876
PY553JC 26 29 30323.6 176 12, 84 11.7143
KE005SZ 17 23 30331.3 101 8, 154 6, 97 6, 129 10, 80 8, 149 12, 190 8, 185 11, 157 3.98089
SP197PS 9 19 30340.4 108 12, 140 5, 181 9, 126 5, 130 6, 184 15, 91 7, 99 7, 86 10, 151 9, 155 9, 91 9.54945
MH938YF 22 28 30342.6 120 9, 145 5, 165 13, 112 10, 128 14, 133 5, 81 8, 91 5, 157 13, 155 2.69032
VA926JD 6 14 30347.8 123 6, 92 8, 141 12, 121 6, 80 11, 167 5, 101 12, 117 5, 156 14, 81 9, 85 7, 165 4.70303
BM246XZ 26 28 30351.4 127 14, 121 4.44628
RV243LX 2 4 30359.5 148 13, 163 9, 120 5.19167
KL893CP 8 14 30365.5 113 5, 123 13, 105 11, 112 10, 177 11, 110 5, 91 12, 85 4.58824
JZ887LL 6 18 30372.6 150 8, 85 11, 111 7, 83 5, 89 12, 161 7, 120 11, 90 5, 133 12, 158 12, 158 7, 101 12, 131 12, 83 9, 183 9.20765
FK117YS 5 11 30374.3 103 9, 137 12, 146 11, 113 13, 133 12, 129 14, 144 4.625
HS324HC 12 18 30377.1 167 8, 188 14, 160 5, 139 7, 138 11, 174 10, 95 5.63158
MJ736TN 4 18 30381 94 15, 98 6, 163 11, 94 7, 180 10, 80 5, 82 14, 157 9, 101 13, 125 12, 97 14, 153 13, 156 10, 87 13, 86 5, 93 13, 144 7, 85 2.37647
EC753GL 9 21 30386.7 187 12, 190 12, 114 9, 128 15, 132 5, 118 5, 185 14, 136 6, 144 6, 157 9, 107 7, 164 10, 140 10.1286
AG898DV 18 19 30387.6 132 5, 168 0.107143
RK808PP 24 27 30393.4 147 6, 133 12, 82 10, 170 12, 83 10, 114 0.684211
LD505HD 21 26 30396.3 165 6, 120 7, 131 15, 117 13, 91 9, 176 11, 96 12, 91 4.53846
GT743FJ 28 29 30398.4 93 8.3871
MH798WX 6 10 30406.5 140 6, 189 10, 130 15, 173 5, 125 3.832
GM395ED 18 25 30414.2 177 8, 186 7, 96 12, 90 9, 124 11, 178 12, 123 14, 137 11, 98 9, 187 1.26738
DV647KW 15 26 30416.5 182 10, 113 8, 133 10, 160 14, 115 12, 161 11, 179 15, 119 6, 123 6, 171 8, 124 13, 136 14, 89 10, 136 0.397059
PT781MK 25 26 30417.2 130 7, 83 14, 159 1.98742
PN063SN 19 22 30421.5 189 9, 175 11, 160 8, 124 4.51613
SG542JS 19 22 30429.6 96 9, 101 10, 183 15, 177 4.78531
GA314SA 22 27 30437.5 165 11, 164 6, 98 11, 164 6, 88 9, 99 10, 175 6, 169 7, 123 11, 188 1.4734
ZC200JF 23 29 30443.8 170 12, 101 15, 101 13, 104 15, 132 10, 102 15, 170 2.28235
TA076YR 26 28 30452.8 176 7, 112 9, 153 0.496732
EE123VZ 22 29 30459 168 8, 118 10, 154 10, 147 9, 104 11, 113 12, 137 8, 166 9, 182 7.64286
PC305CT 26 28 30464.1 159 14.566
BB316SM 14 20 30473.5 144 14, 148 14, 98 12, 172 9, 131 11.8473
PE789YC 8 18 30475.9 122 13, 179 13, 93 5, 142 7, 146 6, 118 9, 133 9, 179 12, 155 12, 150 8.80667
KV581CG 18 21 30482.7 127 6, 156 11, 133 14, 147 6, 172 0.337209
KD767MF 22 23 30485.8 152 11, 118 4.49153
JR417ZZ 19 20 30489.7 190 5, 113 5, 155 4.85806
JP551DA 19 25 30492.8 138 10, 167 6, 87 12, 99 12, 176 14, 164 8, 118 12, 162 6, 175 6.12571
AE639FB 10 11 30499.7 126 5.66667
CT078DJ 1 21 30505.3 164 9, 103 7, 81 5, 148 12, 113 8, 95 6, 149 7, 179 6, 134 14, 164 12, 189 8, 176 14, 177 11, 183 11, 155 12, 164 6, 92 7, 92 5, 98 9, 130 12, 118 13, 152 5, 145 10, 164 7.0061
LM458VG 17 26 30514.6 86 12, 177 7, 141 10, 111 7, 100 7, 165 11, 106 6, 108 6, 124 6, 159 10, 152 6, 127 11, 139 7, 84 5, 144 14, 141 3.35461
JP270NY 16 26 30519.1 149 13, 120 7, 157 11, 179 13, 81 7, 130 14, 189 7, 170 14, 161 6, 169 13, 116 14, 105 0.152381
EV398KV 23 27 30522.4 89 12, 188 15, 87 9, 115 12, 173 12, 183 0.967213
FG794PP 6 15 30523.9 108 6, 121 8, 96 15, 175 15, 82 15, 129 11, 173 11, 135 8, 155 8.38065
LC473BX 16 23 30530.4 160 14, 188 6, 160 7, 155 8, 142 6, 80 13, 157 6, 137 15, 148 3.62838
HA610SC 15 26 30536.6 102 14, 81 6, 108 11, 171 10, 118 5, 150 12, 180 12, 96 6, 178 5, 150 10, 112 6, 86 9, 94 11, 81 14, 83 14, 105 10, 188 6.68085
KV338ZF 14 18 30544.5 156 5, 142 5, 90 12, 182 6, 111 13, 151 2.07285
PG692YG 8 25 30550.2 88 7, 95 8, 153 6, 91 12, 127 15, 103 11, 142 13, 90 10, 117 14, 125 8, 144 7, 118 13, 115 15, 94 6, 153 14, 99 7, 188 5, 163 12, 100 12, 119 11, 158 9.39873
PG770RL 6 14 30551.2 162 5, 184 13, 138 6, 109 14, 185 6, 117 13, 92 14, 90 5, 164 10.75
EM374SD 12 28 30555.8 157 6, 136 9, 107 10, 87 9, 153 7, 122 15, 143 15, 104 7, 126 11, 152 11, 82 14, 126 13, 95 11, 159 5, 179 11, 155 14, 134 6, 110 9, 150 5, 118 11, 168 7, 109 1.21101
MF382GX 12 24 30564.9 110 10, 156 8, 122 5, 145 11, 105 13, 136 7, 160 8, 131 10, 174 11, 88 10, 121 8, 169 5, 139 9, 159 12, 92 8, 149 13.2617
SL762SC 4 24 30572.3 125 13, 174 6, 181 6, 129 12, 124 5, 97 14, 111 7, 159 10, 131 15, 137 7, 95 5, 146 6, 146 6, 81 15, 177 15, 165 15, 115 13, 169 9, 103 15, 152 12, 165 7, 89 7, 125 11, 93 6.7957
RN218TK 6 18 30579.7 185 15, 147 6, 101 11, 187 10, 169 5, 101 13, 80 6, 118 15, 112 11, 166 8, 134 9, 113 5, 88 6, 124 9.68548
KJ291BP 26 27 30588.1 93 12, 154 4.01299
ET923LA 5 20 30597.6 123 6, 158 12, 153 6, 111 11, 104 13, 83 12, 175 13, 124 13, 133 15, 140 12, 175 14, 173 15, 120 11, 109 11, 134 5.82836
PT389WP 27 29 30606.5 150 9.08
LK323ZS 6 17 30607.4 151 12, 93 5, 144 8, 112 10, 104 13, 178 12, 140 11, 141 12, 82 7, 159 15, 157 6.44586
TM026CZ 1 13 30615 118 13, 177 5, 113 6, 97 6, 92 13, 156 7, 130 9, 108 12, 168 10, 119 7, 107 12, 110 5, 175 9, 169 9, 165 9, 117 1.51282
YE197NV 26 28 30619.7 131 14, 145 3.32414
DM360WK 21 25 30621.1 137 6, 165 8, 178 13, 104 15, 190 6.48421
SK204RR 20 22 30624.3 108 14, 116 14, 84 0.738095
BN403XP 20 29 30630.4 137 13, 90 6, 179 10, 161 14, 90 10, 169 9, 172 8, 145 6, 96 14, 156 7, 176 9.07955
TJ879PY 24 29 30637.4 80 14, 87 14, 119 7, 175 11, 137 11, 167 6.01796
PW304CR 17 22 30637.9 153 9, 144 8, 182 8, 112 14, 183 12, 156 1.67308
GY372VF 28 29 30640.1 158 4.93671
VX692SA 17 26 30642.7 96 5, 84 9, 148 13, 106 9, 185 15, 170 8, 96 9, 190 9, 158 8, 97 15, 122 9, 88 12, 117 9.28205
EW684HR 5 17 30645.9 190 10, 156 9, 168 5, 98 13, 147 15, 80 13, 131 5, 175 7, 190 10, 176 9, 80 13, 157 9, 119 7, 170 5.31176
RM001BV 11 18 30652.1 104 12, 158 10, 179 15, 157 11, 80 11, 163 9, 99 7.88889
GX319KR 10 12 30658 127 6, 176 4.46591
RF413MH 15 17 30665.9 108 13, 136 8, 178 0.764045
GS151XZ 18 19 30668.9 171 3.96491
VW849KY 9 29 30678.8 141 14, 97 8, 174 8, 161 11, 175 14, 127 15, 137 13, 134 15, 156 7, 172 10, 89 11, 124 7, 100 12, 91 9, 149 14, 85 6, 152 11, 181 11, 163 8, 103 9, 143 6, 89 9, 142 0.394366
YT576HS 23 29 30686.4 126 5, 187 11, 172 5, 158 13, 129 14, 97 15, 136 5.91176
FV749SX 9 19 30691.4 140 9, 160 5, 129 11, 118 13, 151 12, 152 13, 186 6, 82 13, 99 6, 94 13, 111 7.28829
LK133LT 9 19 30699.4 89 12, 190 6, 86 12, 84 11, 127 9, 89 7, 186 12, 162 8, 91 5, 158 11, 107 8, 160 6.88125
NP144KA 22 24 30704.2 149 12, 172 14.3721
SG691MD 14 28 30711.9 156 11, 126 14, 148 7, 151 10, 147 6, 169 9, 179 13, 97 5, 162 15, 125 11, 164 12, 101 14, 118 7, 173 12, 153 8.62745
HY245BE 12 19 30721.2 135 15, 100 15, 137 6, 165 9, 175 7, 126 14, 157 8.85987
EB425LG 5 16 30731.1 181 13, 169 8, 136 14, 147 14, 162 9, 151 14, 168 11, 110 11, 119 11, 115 5, 92 6, 100 5.41
GC953EE 24 25 30735 172 5, 166 7.61446
EG185CZ 7 10 30743.8 101 9, 103 6, 114 13, 107 13, 109 5.3211
XV395GT 1 22 30750.2 94 14, 157 14, 146 8, 146 12, 153 5, 184 9, 142 14, 83 14, 101 10, 181 6, 150 5, 177 13, 188 9, 125 10, 121 7, 145 5, 134 9, 143 6, 123 9, 174 13, 180 14, 122 8, 177 7.35028
XW947VE 15 22 30758.4 125 5, 161 15, 128 13, 149 14, 170 6, 96 9, 139 8, 157 5.42675
TP896TS 10 12 30766.7 114 9, 99 5.27273
KL791BB 2 3 30774.2 135 15, 108 4.30556
MM646JF 19 25 30781.4 166 10, 166 5, 116 7, 87 6, 127 10, 127 14, 188 11, 190 14, 152 1.64474
LG607LP 17 25 30782.7 129 6, 156 13, 80 5, 118 6, 135 13, 120 8, 128 14, 174 10, 161 7, 134 14, 133 9.2782
GP324CC 5 22 30785.5 107 10, 109 15, 140 11, 165 11, 107 8, 111 14, 134 8, 96 8, 188 14, 80 8, 96 6, 108 11, 142 9, 109 11, 98 13, 117 5, 103 6, 176 10, 110 14, 161 9, 101 8, 131 2.81679
TA483DG 25 28 30794.2 154 12, 180 5, 178 10.9888
HC770DC 22 27 30801.7 182 15, 167 6, 169 12, 174 13, 133 12, 137 6.48175
AN507ZM 5 25 30811.1 81 8, 185 14, 148 15, 121 5, 181 11, 131 11, 159 7, 121 13, 89 10, 184 10, 108 12, 129 14, 107 10, 185 11, 160 9, 138 12, 133 7, 132 15, 161 14, 134 9, 179 11.3128
JS371EB 9 21 30818.3 98 8, 112 14, 138 14, 113 10, 103 6, 144 15, 146 14, 141 6, 117 9, 83 6, 126 6, 170 8, 144 7, 143 15, 83 3.71084
JR804KW 20 25 30824.1 84 7, 94 10, 146 14, 190 6, 95 11, 109 15, 155 8, 166 5.72289
MR219MJ 18 27 30830.5 105 6, 190 9, 95 15, 157 13, 98 7, 165 6, 167 10, 150 14, 111 5, 91 7, 171 14, 92 13, 185 3.32973
LR875GB 22 26 30840.4 131 14, 131 12, 112 6, 122 8, 144 12, 80 8, 102 9, 94 4.59574
PK841RB 21 25 30850.3 85 6, 185 11, 115 11, 80 11, 175 6, 163 8, 97 2.10309
PM236MM 18 23 30857.3 172 11, 165 9, 111 10, 162 8, 159 6, 92 10, 102 6.7549
WZ091EW 2 26 30865.2 80 12, 182 6, 139 8, 148 13, 138 11, 90 5, 180 12, 107 15, 172 11, 144 10, 179 10, 151 13, 92 10, 180 14, 83 13, 137 12, 87 14, 89 15, 162 12, 89 6, 109 14, 183 13, 155 10, 170 10, 162 9, 96 15, 173 3.9711
NC574CJ 22 23 30872.1 104 13, 153 5.55556
AN995BJ 18 20 30882 83 13, 102 7, 107 10.7757
NE924MM 23 29 30885.5 127 11, 182 11, 179 5, 112 13, 130 14, 182 11, 94 1
WF761CC 6 27 30893.5 182 13, 146 15, 162 11, 91 5, 171 15, 179 6, 109 6, 104 14, 180 12, 94 6, 166 9, 178 12, 132 11, 183 10, 156 14, 164 8, 91 9, 142 10, 158 9, 99 10, 145 5, 152 14, 106 5.45283
ES068GR 25 28 30901.8 117 12, 84 10, 170 13, 146 1.71233
NJ224GX 2 13 30902.8 117 6, 162 5, 110 6, 134 11, 96 13, 127 9, 187 10, 110 12, 144 11, 84 13, 85 5, 150 7, 169 10, 135 12, 118 0.186441
DF623YG 22 24 30910.6 103 13, 111 8, 138 10, 189 3.45503
XZ386XS 16 17 30916.9 105 8.97143
SY205BG 2 25 30923.3 181 9, 141 12, 129 6, 158 15, 141 6, 183 12, 149 14, 164 8, 99 5, 149 9, 102 15, 187 10, 87 14, 143 12, 102 14, 105 12, 119 12, 177 9, 170 7, 98 5, 115 15, 100 6, 144 5, 154 10, 114 8, 175 14, 185 5.62703
EA546KH 9 26 30927.6 149 15, 131 13, 183 8, 151 9, 81 8, 141 15, 168 14, 157 6, 135 12, 150 14, 125 9, 157 12, 124 10, 92 10, 135 11, 140 11, 109 9, 152 12, 159 1.9434
MB504RG 10 27 30928.4 90 12, 104 9, 182 9, 80 15, 172 12, 126 9, 107 5, 178 7, 155 14, 189 13, 141 13, 183 11, 141 8, 81 5, 176 10, 152 8, 94 10, 109 9, 178 6, 119 13, 126 3.02381
SY462PK 22 23 30929.1 173 12.7283
XT354PV 24 26 30932.5 128 9, 129 5, 113 6, 174 8, 105 6.14286
NN648JF 13 22 30933.3 80 7, 113 14, 178 8, 88 11, 189 9, 125 14, 86 11, 92 5, 104 7, 170 15, 137 9, 88 5.18182
ZH173EW 26 28 30942.2 83 6, 127 6, 135 7.82222
VH895TT 16 22 30949.4 99 12, 143 8, 121 15, 82 12, 81 10, 178 7, 144 11, 141 1.28369
FA608AJ 3 28 30952.9 106 7, 148 6, 123 13, 92 12, 158 12, 174 11, 105 6, 130 5, 167 9, 84 9, 116 10, 85 10, 138 5, 87 7, 130 9, 172 14, 82 10, 104 15, 174 13, 125 7, 153 6, 120 6, 92 5, 96 8, 140 6, 112 8, 180 13, 160 15, 165 7, 114 6, 85 11, 143 5, 80 7, 168 11, 190 1.79474
CV698HN 27 28 30956.2 186 3.12903
JP033AG 4 9 30964.1 112 9, 136 11, 121 13, 102 5, 188 8, 101 15, 113 3.30973
SK344JZ 12 19 30970.4 183 10, 152 15, 184 9, 171 12, 177 7, 163 7.08589
KT418SJ 28 29 30975.8 117 6.66667
HG988NN 24 28 30976.8 84 10, 133 15, 95 12, 156 15, 173 2.96532
AC859MH 6 14 30980.7 162 9, 156 6, 86 12, 110 6, 94 11, 136 14, 108 5, 116 9, 149 12, 176 7.34091
EF445JY 2 17 30982.1 180 11, 100 15, 136 11, 114 12, 106 11, 185 8, 111 12, 136 11, 141 5, 121 5, 99 15, 81 9, 81 6, 172 10, 132 14, 125 6, 177 12, 154 5.11688
EV305DM 14 16 30987.8 154 5, 174 9, 90 3.04444
RC088RK 12 18 30997.4 187 13, 183 11, 80 5, 108 6, 161 5, 153 15, 109 5, 163 2.43558
PB905GM 17 20 30998.1 147 6, 117 12, 190 10, 94 6.65957
CK939EB 5 21 31006.2 162 15, 176 9, 86 6, 148 12, 100 15, 158 8, 151 10, 153 7, 110 10, 179 8, 93 5, 134 6, 129 11, 111 15, 98 11, 126 5, 108 15, 150 15, 181 6.89503
VX925CD 12 17 31010.3 107 7, 126 13, 122 8, 162 12, 94 5, 168 9, 152 2.49342
BH806ZP 12 26 31020 111 13, 80 11, 121 12, 147 15, 116 8, 141 12, 190 9, 123 14, 80 5, 83 5, 133 15, 143 15, 105 5, 170 12, 117 13, 80 9, 118 12, 109 11.3853
JF671LM 20 29 31022.9 177 6, 126 12, 156 8, 158 13, 120 5, 133 11, 85 14, 157 8, 90 9, 184 6, 103 9, 89 5, 91 13, 122 1.7377
ZD153HT 22 28 31031.1 189 8, 99 12, 182 8, 121 11, 85 8, 154 6, 100 6, 125 10, 149 7, 123 6, 169 2.16568
JC398YN 16 18 31038.8 128 11, 158 7, 171 1.7193
FM144EE 26 29 31040.4 142 8, 91 7, 151 8.76159
CP268WD 13 17 31043.5 165 5, 111 9, 152 15, 146 10, 143 5.48252
PP353YG 22 24 31049.4 89 10, 156 11, 104 15, 116 0.810345
MX905YM 26 27 31052.3 115 9, 140 4.99286
LH179VP 24 27 31053.9 118 14, 124 12, 134 11, 102 11, 125 4.08
EV609TS 14 17 31058.9 177 9, 147 13.3265
AR615PR 22 27 31067.9 161 6, 177 11, 154 11, 93 6, 121 8, 117 12, 127 10, 153 11.1046
ST959YW 22 28 31069.8 104 15, 86 14, 135 6, 174 9, 84 10, 139 11, 134 7, 147 7, 188 8.57447
BG588YF 23 25 31078 106 10, 181 12, 124 7.66129
SH497GJ 11 25 31083.3 110 8, 91 7, 113 8, 158 8, 124 13, 115 10, 119 5, 112 11, 115 8, 113 9, 188 6, 137 8, 95 10, 96 14, 183 7, 174 11, 127 14, 104 9, 144 14, 173 1.39884
NJ851AL 28 29 31086.1 109 7.15596
NR067EK 23 24 31089.5 84 13, 164 5.89024
FL723WD 3 11 31090.5 97 14, 119 10, 124 12, 168 15, 113 6, 159 14, 109 10, 134 11.3134
RR110ZT 9 27 31099 120 9, 156 7, 98 13, 127 14, 108 10, 83 13, 158 14, 134 5, 172 7, 98 13, 129 8, 100 5, 88 7, 176 11, 97 5, 137 12, 170 11, 157 6, 140 7, 89 5, 138 6, 86 7, 80 5, 121 6, 104 8, 92 6, 83 11, 90 5, 171 6.33918
CA529EZ 12 20 31100.8 117 10, 174 12, 163 13, 89 15, 186 8, 171 14, 108 10, 95 8.48421
ZN598FX 8 9 31107.4 142 6.38028
MR473DG 11 20 31109.5 90 7, 106 7, 121 12, 165 6, 179 10, 100 6, 108 15, 92 10, 134 8, 106 5, 99 6, 85 15, 173 6.3526
XD588AP 25 29 31114.7 97 5, 142 6, 135 12, 95 8, 155 8, 180 2.92778
AZ305LW 17 24 31120.1 150 6, 113 13, 126 9, 86 11, 151 9, 116 7, 94 7, 129 14, 138 14, 184 6.81522
SF000BT 9 10 31124.7 143 9, 85 6.6
CZ702JS 27 29 31127.3 114 11.9474
XJ695BM 5 13 31130.8 139 10, 80 11, 89 12, 85 9, 167 13, 133 10, 185 8, 116 5, 138 5, 169 6, 108 4.62963
EH915KG 22 28 31140.1 122 11, 178 12, 167 15, 179 8, 163 10, 153 10, 161 3.18634
NH938AY 28 29 31146.1 140 5, 116 0.689655
FM864TA 10 29 31155.3 103 11, 175 7, 144 11, 147 14, 88 8, 130 14, 82 5, 136 5, 111 10, 88 8, 127 15, 152 12, 168 11, 118 9, 158 14, 132 8, 116 14, 108 10, 140 12, 161 6, 166 5, 120 13.1583
ZC270XL 4 12 31161.8 183 8, 174 6, 100 14, 82 7, 170 13, 124 9, 160 10, 137 14.365
PZ204YM 22 24 31164.6 83 6, 109 9, 183 6, 126 12, 114 1.5
JL186HC 28 29 31173.2 90 7, 166 0.903614
XT159BS 3 18 31175.8 159 10, 112 11, 187 7, 182 15, 101 8, 145 5, 190 5, 140 9, 111 7, 109 11, 187 6, 131 9, 115 13, 104 9, 82 14, 169 8, 120 14, 94 8, 82 2.31707
RY305TS 26 29 31183 105 13, 86 6, 165 7.36364
VY947LT 22 28 31187.5 156 8, 147 6, 90 9, 133 12, 137 5, 166 6, 146 8, 185 12, 123 5, 163 5.32515
VR501KY 24 29 31188.4 173 10, 119 12, 110 6, 89 13, 108 5, 172 10, 165 2.26061
HC850FX 25 26 31190 162 14.7407
FV118TR 10 25 31191.1 183 15, 138 11, 170 8, 123 6, 134 14, 156 10, 162 10, 163 13, 160 6, 98 13, 123 12, 158 7, 176 14, 162 14, 97 5.42268
GW980ME 21 22 31194.9 136 5, 84 2.19048
ZK444CC 9 24 31199.1 106 6, 82 13, 155 9, 177 14, 117 9, 182 14, 87 14, 147 12, 104 7, 83 5, 92 7, 106 9, 152 7, 117 14, 137 11, 153 7, 99 13, 153 7, 101 6, 100 1.91
TT036LS 16 23 31202.1 176 7, 138 13, 111 15, 104 11, 142 6, 165 11, 160 15, 124 2.03226
TL121PR 16 27 31206.7 182 12, 136 12, 154 7, 176 5, 139 9, 143 9, 141 15, 115 7, 108 7, 82 6, 86 12, 184 6, 182 13, 138 14, 121 4.49587
LE730TH 22 25 31215.2 101 10, 118 7, 114 14, 175 14, 153 3.28105
WL619MD 5 21 31222.9 169 5, 154 6, 181 7, 102 15, 185 13, 161 11, 103 10, 85 5, 141 13, 172 14, 177 12, 85 15, 137 6, 94 8, 133 5, 146 9, 122 5, 188 10, 161 9.20497
ML244JW 26 27 31225 167 10.3832
CJ822FL 1 19 31228.9 133 5, 176 14, 125 8, 136 13, 83 15, 139 11, 158 15, 179 5, 168 11, 168 10, 139 8, 149 15, 157 6, 137 12, 85 8, 125 15, 171 14, 107 0.785047
FC472HJ 2 26 31236.7 100 7, 133 15, 87 6, 117 7, 88 10, 82 8, 113 15, 132 11, 174 5, 113 7, 163 8, 98 6, 102 6, 89 5, 125 8, 98 5, 153 9, 141 8, 182 7, 121 11, 171 10, 105 13, 190 12, 149 10, 121 13, 159 12, 153 14, 106 11, 108 8, 152 13, 124 10, 131 11, 186 4.06452
ZB892DP 11 29 31242.6 148 14, 80 8, 181 14, 135 8, 87 14, 175 6, 121 11, 134 14, 155 7, 186 9, 94 14, 183 9, 165 7, 187 14, 189 12, 120 5, 84 6, 96 11, 104 15, 181 6, 178 0.0561798
RW057MT 4 25 31251.7 83 7, 98 6, 166 5, 122 14, 172 12, 128 7, 140 6, 102 7, 134 10, 150 15, 107 8, 131 8, 88 5, 151 13, 171 15, 115 8, 188 7, 102 11, 151 5, 100 8, 130 7, 105 14, 128 8, 97 5, 118 7, 121 14, 117 15, 168 9.9881
NE532SX 16 23 31261.4 143 11, 106 10, 84 14, 95 13, 176 15, 85 12, 148 9, 147 7.60544
FH639FB 5 17 31263.5 156 10, 179 15, 137 14, 81 13, 154 15, 158 8, 188 10, 114 10, 186 10, 168 12, 95 5.57895
AR497CE 26 28 31267.1 111 12, 100 9.84
MP444DL 25 26 31270 94 13, 181 6.44199
TG582XG 13 29 31270.8 154 5, 109 6, 99 12, 90 14, 150 13, 149 9, 186 7, 148 14, 135 7, 161 5, 164 15, 168 15, 81 7, 114 15, 187 15, 95 8, 136 5, 187 10, 154 3.68182
CA078KF 27 29 31278.1 92 12, 162 1.59259
LL596DS 3 17 31285.7 105 7, 152 14, 162 7, 183 9, 98 5, 106 14, 135 11, 151 5, 169 8, 163 12, 102 5, 82 12, 178 14, 118 5, 135 10, 147 10.0408
ZC275XG 3 19 31289.8 185 12, 142 14, 130 9, 186 5, 87 6, 124 11, 189 14, 127 8, 152 12, 153 6, 102 11, 184 11, 140 8, 169 10, 173 8, 184 5, 125 2.032
ZR342XP 15 22 31291.1 92 7, 167 14, 94 13, 100 13, 140 8, 91 7, 124 7, 90 7, 136 11, 82 4.67073
CD741RX 25 26 31292.6 125 11, 161 6.29193
PT771CP 9 23 31299.9 101 12, 86 11, 143 11, 129 13, 85 12, 152 6, 153 5, 118 14, 178 6, 158 6, 169 11, 152 11, 121 11, 160 12, 146 6, 103 7, 93 12.086
RV806MF 1 26 31304.2 138 12, 170 8, 109 12, 156 7, 114 7, 171 9, 89 14, 176 11, 188 15, 84 6, 173 5, 93 11, 167 14, 138 14, 108 7, 151 15, 105 14, 154 8, 151 7, 141 12, 131 9, 168 12, 175 6, 110 10, 124 10, 187 5, 171 14, 148 5, 98 6, 94 5.71277
YK337HC 18 23 31305.7 161 8, 90 8, 153 7, 152 14, 119 14, 120 12.275
GV129TT 14 18 31315.7 158 12, 161 9, 111 9, 145 7.4069
EC090AY 8 10 31318.4 100 7, 143 8, 166 5.48193
VR764PG 27 28 31321.7 155 3.75484
AE760ZF 9 27 31328 85 9, 181 9, 172 11, 121 14, 117 6, 96 8, 178 13, 143 7, 90 5, 182 12, 186 13, 182 8, 102 15, 155 13, 122 6, 121 5, 134 5, 188 9, 148 6, 138 15, 146 13, 183 1.13115
MP728JT 19 29 31335.9 97 13, 159 8, 84 5, 98 6, 186 6, 90 8, 130 13, 109 6, 105 8, 85 13, 178 12, 124 13, 133 6, 154 11, 123 11.6098
SY754JS 15 17 31342.7 142 10, 135 8.94815
NH183RF 20 27 31350.3 153 14, 91 8, 86 13, 108 10, 132 13, 100 12, 120 5, 128 15, 188 13, 188 4.02128
BT076ED 21 27 31352.3 169 9, 163 13, 186 9, 139 12, 146 10, 91 9, 152 10, 148 3.97973
AC351XY 19 26 31353.7 179 11, 109 5, 107 6, 112 9, 91 14, 98 6, 101 6, 107 5, 180 6, 152 10, 119 14, 127 11, 189 7.44974
DC247CH 8 24 31356 156 6, 187 6, 96 10, 111 8, 184 8, 85 9, 182 15, 101 11, 124 7, 147 5, 155 12, 87 7, 157 8, 92 14, 108 10, 134 14, 128 13, 142 7, 96 12, 152 5.75
NZ523ZM 25 26 31357.6 94 6, 158 11.5443
MF867TR 20 21 31366.2 144 10, 124 7.20968
RA349MH 13 15 31369.3 102 6, 123 13, 178 8.47753
AC651LM 2 17 31372.2 144 8, 167 13, 132 11, 168 5, 85 9, 133 5, 84 9, 115 14, 125 14, 183 8, 160 15, 152 8, 127 13, 151 7, 149 10, 135 11, 133 6, 120 2.8
KC241NF 9 14 31375.2 142 10, 169 7, 113 12, 97 5, 83 12, 161 9, 84 7.41667
DT165RV 7 16 31382 108 9, 168 5, 179 13, 128 15, 126 6, 116 10, 131 14, 138 7, 159 15, 170 0.552941
ZX639FD 8 10 31390 88 13, 174 6, 188 3.01064
KB426EW 20 24 31392.3 165 6, 113 11, 111 5, 109 6, 83 12, 157 12, 108 10.5185
ZH625KS 25 26 31402.1 95 8, 146 11, 142 0.15493
EC461PF 2 12 31404.9 159 11, 116 14, 125 7, 120 11, 147 13, 91 7, 165 14, 179 11, 140 11, 122 11.9262
FW634TA 28 29 31406.5 167 4.67066
YC247BH 19 28 31407.1 172 10, 112 7, 174 9, 88 12, 113 15, 108 8, 151 10, 165 9, 152 11, 86 7, 161 11, 185 8, 153 2.28105
KA544WG 1 13 31412.9 173 6, 127 12, 176 15, 143 6, 130 15, 81 6, 163 7, 85 10, 158 15, 90 8, 185 8, 126 11, 164 6.67683
FM335LG 7 25 31414.2 124 10, 114 10, 153 9, 157 15, 184 7, 130 15, 137 10, 127 13, 102 7, 89 9, 162 9, 179 8, 83 8, 100 6, 181 14, 114 8, 150 6, 164 15, 101 11, 115 5, 142 9, 148 5.27027
ZN124VW 27 28 31422.5 186 3.12903
LP743NA 6 12 31423.6 129 13, 125 10, 149 14, 167 6, 161 9.67081
GV260WH 10 17 31425.3 95 7, 161 13, 97 5, 163 10, 181 11, 138 15, 161 1.75155
HY063NG 6 27 31428.5 95 15, 187 5, 109 10, 115 11, 92 13, 189 14, 161 8, 178 9, 184 12, 168 12, 190 10, 119 11, 113 14, 113 12, 175 14, 170 9, 137 10, 121 13, 110 15, 118 15, 166 5, 118 6.48305
MS804YZ 15 22 31430.3 138 13, 153 9, 131 6, 97 13, 182 14, 130 11, 145 9.94483
WH821NM 20 25 31432.1 165 10, 135 13, 124 8, 130 9, 102 13, 109 13, 145 7, 124 2.07258
TZ148FH 11 20 31441.1 85 13, 109 11, 101 13, 106 15, 81 6, 136 15, 118 10, 132 12, 121 15, 99 6, 110 3.70909
SZ699PZ 16 29 31446.8 99 13, 150 7, 107 9, 119 11, 97 10, 83 5, 98 14, 171 14, 131 7, 163 10, 138 5, 128 11, 97 13, 90 10, 116 9, 131 6, 103 14, 158 6.21519
CM168CM 18 23 31456 122 12, 151 12, 109 15, 136 15, 128 10.8984
MV465GD 19 24 31459.4 108 8, 154 9, 152 10, 103 7, 95 13, 174 12, 135 5, 129 7, 157 2.12739
PY002RV 2 18 31467 95 11, 90 7, 155 10, 190 13, 140 9, 132 6, 112 5, 189 6, 140 13, 148 6, 153 9, 107 5, 84 13, 88 7, 103 6, 80 7, 93 13, 175 9, 99 14, 178 8, 115 9, 139 9.69784
BZ430CB 8 20 31476.8 150 12, 150 8, 91 5, 151 9, 104 6, 184 11, 164 6, 100 14, 112 6, 110 13, 150 10, 155 5, 118 14, 106 8.5566
CN565MA 6 19 31477.8 174 6, 98 6, 82 11, 158 7, 166 15, 188 15, 98 7, 174 10, 171 12, 145 15, 185 7, 94 9.42553
LR531LV 10 21 31478.4 188 14, 173 8, 129 11, 84 14, 162 5, 142 11, 133 6, 183 6, 170 12, 184 10, 130 9, 118 3.66949
LZ137FH 22 25 31481.3 110 14, 184 6, 88 9, 169 14, 152 3.82895
XZ031SR 11 15 31487 99 8, 140 10, 134 13, 115 5, 110 11, 158 0.981013
LL000YZ 16 17 31491.7 112 8.41071
WN390VV 13 23 31500.4 181 8, 177 6, 82 8, 107 6, 127 15, 86 15, 103 11, 155 12, 128 13, 144 15, 146 5, 159 12.6415
LM578SY 25 29 31508.7 106 6, 174 14, 86 6, 83 9, 91 11, 130 1.13846
SE469YE 2 23 31515.5 190 10, 161 9, 175 14, 90 11, 94 13, 154 5, 182 12, 137 8, 165 8, 141 14, 143 7, 124 10, 97 5, 147 15, 150 8, 156 6, 186 12, 129 11, 184 7, 177 10, 126 9, 86 10, 166 9, 106 6, 185 0.0810811
FC107YR 26 28 31518.5 82 6, 115 15, 94 1.05319
JJ912GR 26 27 31526.1 98 6, 180 6.36667
XK528PF 26 28 31528.9 140 15, 127 1.70079
RM315SH 26 27 31530.9 84 14, 130 4.29231
SS812XA 26 28 31532 127 10, 90 11.6222
YB072JT 27 29 31540.4 166 8.20482
VX583VE 12 18 31549 190 8, 126 12, 115 10, 169 12, 116 12, 174 8, 88 6.13636
KH902PC 23 27 31558 126 10, 189 12, 127 15, 105 5, 116 10, 120 7, 140 2.47143
NT123BH 20 27 31563.6 117 9, 146 6, 95 15, 149 13, 94 8, 148 10, 159 7, 112 11, 92 9, 185 13, 101 5.9703
EV950KF 4 24 31571.5 159 6, 159 12, 82 12, 109 15, 114 15, 121 7, 94 8, 162 12, 80 12, 95 15, 158 9, 101 14, 172 6, 126 7, 137 15, 151 8, 151 13, 94 11, 165 7, 105 8, 96 5, 114 12, 145 13, 145 10.0483
NJ787GK 21 26 31577.6 85 8, 139 7, 123 7, 135 9, 173 10, 121 5, 164 15, 157 7.0828
PL224ZM 23 24 31579.9 80 11, 154 7.64935
KS707YA 4 7 31588.5 131 7, 104 13, 180 12, 168 2.49405
CT025GK 5 25 31597.8 145 10, 121 13, 128 5, 102 6, 138 6, 130 5, 175 12, 129 6, 185 13, 94 7, 119 5, 129 6, 91 10, 102 15, 132 6, 108 11, 154 9, 97 14, 119 9, 108 9, 89 14, 97 7, 128 15, 154 8, 126 10, 96 13, 107 7, 129 13, 139 2.39568
TG086PC 4 11 31598.8 181 9, 153 9, 142 14, 151 6, 180 5, 104 9, 92 7, 154 8, 105 8.85714
KA422JD 6 11 31600.3 144 9, 173 12, 120 9, 105 15, 93 5, 110 2.23636
NR909FC 17 22 31608 164 6, 123 14, 131 13, 113 6, 142 12, 81 6, 86 8.52326
ZV481KS 20 24 31617 151 10, 167 10, 113 13, 115 15, 142 7.6338
AF629AD 5 27 31619.7 164 7, 150 11, 113 12, 145 6, 106 10, 128 7, 173 11, 176 11, 99 6, 169 5, 133 7, 188 14, 139 8, 167 9, 185 14, 87 10, 120 13, 153 7, 96 14, 116 14, 167 10, 186 15, 147 5, 118 5, 138 15, 144 9, 83 1.03614
FP648LH 20 26 31621.4 181 7, 171 5, 111 5, 189 9, 158 11, 138 6, 143 8, 81 6, 166 15, 109 8.31193
HK046KA 4 18 31622.1 81 8, 108 15, 110 15, 151 6, 152 12, 108 14, 145 11, 144 9, 181 5, 172 7, 144 11, 163 8, 91 10, 177 8, 95 12, 141 5, 114 6.0614
SD066JM 15 17 31629.5 100 13, 159 7, 179 1.20112
EE555ZS 22 29 31635.3 98 9, 121 14, 90 15, 139 10, 176 7, 99 15, 168 13, 133 11, 168 1.11905
JE902CD 24 28 31638.8 103 6, 156 9, 89 7, 132 15, 99 11, 115 9.68696
WL242FD 10 19 31640.6 185 13, 174 5, 90 8, 124 8, 169 7, 166 10, 157 6, 136 11, 189 7.89418
GG213VB 4 6 31643.8 135 7, 136 13, 116 9.40517
CP644RT 14 21 31647.7 148 11, 176 12, 153 9, 179 9, 169 5, 133 14, 131 9.64122
LR993XS 18 26 31652.2 127 7, 124 7, 155 13, 167 9, 86 5, 172 5, 135 12, 130 14, 157 5, 156 9, 102 5, 160 8, 145 6.42759
WD997XP 24 28 31661.7 146 5, 87 5, 151 15, 113 11, 91 15, 93 7, 118 1.17797
AJ113GG 14 27 31666.2 149 8, 125 8, 155 11, 80 5, 81 13, 133 14, 83 14, 122 11, 91 13, 104 11, 102 6, 153 10, 98 8, 91 10, 190 7, 175 8, 160 8, 128 7, 83 9, 106 5.0566
XB284BJ 20 22 31669.5 112 14, 164 9.93902
WM982BZ 6 9 31670.1 149 11, 134 9, 98 6, 164 4.53049
KA706JZ 16 18 31677.5 113 15, 182 6.11538
DY442MZ 14 18 31687.3 150 7, 153 12, 151 8, 136 7, 154 2.41558
AM075SX 25 26 31694.5 106 10, 171 7.76608
CZ806FG 1 6 31703.2 150 5, 102 8, 130 7, 85 7, 163 10, 176 15, 146 8, 182 0.752747
EY673FV 11 12 31705.8 189 4.4127
KX924VK 7 28 31714.6 115 14, 136 6, 149 12, 118 9, 162 7, 151 14, 170 12, 156 10, 150 5, 163 13, 115 7, 86 8, 189 15, 190 15, 110 6, 105 14, 190 5, 91 11, 107 7, 136 13, 135 13, 102 12, 176 8.78409
ND391SR 20 26 31719.1 86 14, 114 6, 105 6, 183 11, 98 9, 175 5, 99 15, 123 14, 103 9, 92 10, 110 5.70909
RH950XZ 8 19 31722.2 158 10, 114 10, 159 6, 135 11, 96 13, 162 6, 109 6, 159 15, 112 9, 136 14, 135 8.77037
LW726PE 17 29 31726.7 97 8, 105 12, 103 14, 147 5, 136 8, 183 15, 125 11, 125 14, 172 7, 159 11, 151 12, 164 10, 109 14, 84 6, 190 1.43158
YC447KW 16 26 31733.4 150 6, 129 5, 112 15, 150 11, 112 12, 137 8, 101 13, 133 15, 93 13, 115 13, 169 12, 153 8, 104 5, 154 4.05844
FH497BF 13 23 31740.2 190 12, 146 9, 112 10, 181 6, 158 9, 84 13, 96 6, 139 8, 102 14, 128 13, 166 14, 155 7.36774
HV946AR 10 23 31741.7 110 12, 131 15, 185 13, 179 6, 132 7, 116 9, 184 15, 104 12, 115 8, 188 14, 88 8, 122 12, 180 5.37778
WE687HB 26 27 31751.2 91 7, 163 6.73006
LW967KM 11 19 31755.5 171 13, 83 7, 169 10, 117 6, 152 15, 147 9, 181 12.4144
WL835FV 28 29 31757.9 159 4.90566
BJ173MA 12 27 31763.6 103 13, 169 15, 150 12, 117 5, 122 14, 180 8, 117 15, 103 10, 121 15, 85 6, 102 14, 158 15, 174 10, 137 8, 125 7, 99 14, 174 14, 171 1.96491
SP754GV 8 11 31764.9 154 6, 174 8, 174 6.62069
PB875BK 13 19 31771.3 155 5, 126 11, 163 14, 119 7, 174 6, 148 7, 147 10.449
ZH409SY 8 12 31777.7 108 9, 82 12, 82 9, 154 6, 125 5.472
GH963EF 18 23 31786.2 145 6, 84 6, 86 9, 140 11, 95 13, 101 13, 91 7, 128 7, 115 5.01739
CD364JZ 12 23 31791.4 172 7, 92 15, 123 5, 103 6, 149 7, 103 8, 172 14, 138 6, 93 7, 115 8, 80 13, 142 14, 173 15, 133 11, 160 1.89375
TK743GY 16 28 31800.2 117 6, 115 13, 155 12, 89 6, 154 9, 81 5, 105 8, 102 14, 89 12, 155 14, 184 10, 112 15, 106 14, 111 14, 149 10.698
ET277WT 26 28 31803 119 13, 175 4.39429
LA211RH 7 15 31805 137 14, 104 14, 139 9, 81 8, 98 15, 181 5, 154 15, 178 9.04494
ZE647AG 23 26 31813 102 5, 132 7, 106 7, 156 11, 105 9, 97 6, 180 6, 88 0.806818
EM922KN 23 26 31820.4 98 12, 98 6, 82 14, 164 7, 142 6, 185 8.96216
LJ308HK 25 26 31823.1 168 10, 132 5.36364
VJ463GZ 9 18 31828.6 147 5, 96 10, 139 7, 158 10, 166 15, 186 6, 117 10, 147 14, 93 14, 111 4.91892
RY524MZ 9 11 31835.2 92 10, 109 7, 152 5.78289
GD267EJ 6 8 31843.4 98 15, 143 6, 124 7.59677
WT438WY 7 18 31850.8 174 15, 109 12, 104 14, 173 5, 91 12, 141 10, 189 10, 175 15, 161 10, 135 8.85926
ZB060TK 1 4 31858.1 185 5, 175 6, 159 9, 123 7, 131 4.38931
MD337KF 19 23 31864.1 92 15, 183 13, 107 14, 115 12, 158 6.52532
MN179VR 25 28 31866.6 97 12, 161 7, 103 15, 175 4.96
TH501NA 13 20 31876.2 110 6, 94 15, 128 12, 111 7, 92 15, 137 7, 108 6, 118 5, 113 13, 101 11, 82 6, 90 1.42222
AN863JK 16 24 31884.7 92 10, 168 7, 161 9, 115 13, 103 7, 167 9, 152 6, 141 9, 139 5, 119 10, 103 14, 137 3.21168
DT748ZN 3 22 31886.6 104 9, 174 13, 118 9, 104 12, 144 10, 95 5, 127 9, 99 9, 183 9, 127 14, 106 11, 156 8, 122 9, 82 9, 108 6, 185 10, 187 5, 108 15, 172 9, 190 11, 135 9, 156 7, 155 2.89032
AB632XD 13 16 31891.6 172 5, 180 5, 164 7, 100 5, 183 10, 189 0.888889
KA379TE 8 28 31895.6 165 15, 184 7, 160 15, 117 8, 81 11, 183 14, 108 8, 148 13, 137 8, 84 5, 118 14, 157 15, 129 8, 188 6, 175 6, 85 13, 121 6, 148 11, 141 7, 160 11, 108 7, 103 6, 137 9, 151 1.2053
YW171ML 20 29 31904.2 102 12, 163 6, 169 14, 166 10, 80 9, 146 7, 150 5, 105 5, 106 5, 163 15, 179 10, 92 6, 109 4.62385
YH334XW 1 14 31907 190 13, 111 11, 135 14, 88 15, 104 6, 145 13, 167 11, 177 13, 103 15, 117 10, 118 5, 85 5, 188 9, 100 11, 116 2.27586
YB758XE 28 29 31915.1 133 5.86466
NG258GE 2 21 31919.9 158 15, 94 13, 149 10, 116 8, 107 12, 148 5, 108 15, 130 9, 82 13, 175 9, 82 13, 137 6, 100 5, 151 8, 133 9, 123 9, 188 5, 102 7, 98 9, 184 7, 94 7, 154 14, 163 12, 103 14, 95 5, 187 1.75401
PM415NJ 23 28 31921.3 160 10, 149 13, 177 13, 85 9, 85 5, 129 8, 98 8.42857
VN611RJ 21 23 31922.5 113 7, 81 11, 157 8.81529
PF757DM 11 21 31931.3 137 10, 115 11, 123 8, 129 11, 149 11, 182 12, 158 6, 169 12, 87 14, 185 7, 137 6, 153 3.11111
NZ884WN 9 29 31935.3 152 8, 114 14, 128 9, 93 11, 171 5, 156 5, 177 9, 190 11, 131 11, 181 8, 108 13, 114 8, 139 8, 123 12, 148 12, 153 12, 80 12, 86 6, 184 8, 149 7, 169 8, 113 5, 129 7, 156 6, 118 9, 141 3
DC796YL 18 25 31944 188 12, 163 5, 127 7, 171 8, 81 7, 105 6, 121 15, 155 6, 148 5, 120 8, 185 8.42162
HL654HE 21 23 31949.2 161 13, 180 5.40556
TV132PS 22 29 31953.1 100 15, 105 13, 184 12, 125 14, 189 5, 180 12, 169 9, 96 4.36458
PN093ND 20 29 31954.7 163 6, 136 10, 169 7, 183 9, 83 15, 159 9, 156 11, 86 11, 106 10, 145 11, 183 8, 181 2.43646
GB949PP 1 5 31956.9 174 7, 97 7, 101 10, 116 14, 139 8, 186 0.145161
AD864DD 7 28 31965 110 11, 112 8, 108 5, 129 12, 114 7, 82 13, 122 14, 147 9, 132 7, 114 13, 146 11, 95 12, 189 11, 164 9, 139 7, 114 7, 100 9, 138 13, 119 8, 134 8, 139 11, 161 13, 153 14, 153 10, 83 7, 163 5, 84 3.79762
AK474LX 3 27 31968.6 178 10, 96 15, 159 10, 186 14, 179 14, 116 7, 142 12, 132 10, 190 7, 144 15, 161 15, 183 14, 160 9, 188 13, 145 10, 92 13, 132 6, 89 10, 132 5, 133 5, 131 11, 162 14, 113 7, 188 8, 189 6.98413
CH565ZJ 18 21 31973.7 122 14, 96 7, 176 14, 182 2.3956
SK307ZH 20 25 31974.2 160 15, 150 5, 181 6, 167 6, 153 12, 141 13, 112 6.02679
DF860PE 20 25 31975.2 182 15, 163 15, 83 13, 159 13, 114 11.0614
JV014AF 20 24 31985 81 15, 175 11, 161 9, 122 8, 141 13.4255
HJ422NX 17 19 31994.6 118 9, 130 11.4
EB999FN 25 28 32000.7 94 10, 112 7, 110 10, 169 5, 83 9, 185 1.55676
DH583TY 24 27 32010.2 180 15, 183 15, 176 4.55114
ST462FW 7 15 32017.5 138 6, 133 11, 85 15, 120 13, 97 10, 187 12, 137 15, 133 8.81955
BZ414KW 27 29 32023.2 174 5, 105 4.68571
CY861WR 8 11 32028.3 153 15, 90 10, 102 2.67647
FB014NV 15 29 32032.8 104 7, 84 14, 187 8, 162 12, 96 8, 142 10, 159 12, 125 11, 102 9, 154 12, 82 5, 165 13, 150 12, 112 12, 166 12, 87 9, 172 2.62209
VT076HN 4 9 32034.4 159 9, 167 5, 161 11, 114 5, 114 13, 103 8, 146 7.30822
ZA143CD 24 29 32038.6 190 5, 177 8, 139 11, 101 5, 185 10, 85 14, 127 1.32283
LS092PT 20 24 32041.5 165 8, 120 5, 182 9, 170 5, 80 10, 130 8, 163 6, 152 1.52632
MT764CW 9 28 32048.7 134 5, 151 13, 94 9, 149 5, 136 7, 149 5, 167 15, 95 8, 93 15, 80 13, 93 8, 112 10, 112 15, 190 5, 96 7, 186 6, 113 6, 118 13, 94 14, 176 13, 127 13, 147 6, 90 7, 148 13, 156 6, 162 2.59259
DX984EX 24 26 32053.3 190 5, 180 9, 117 11, 152 4.30921
FK694GE 15 16 32059.8 169 9.97633
MK914AV 28 29 32065.5 142 5.49296
HE875BF 5 9 32066 140 11, 185 9, 131 6, 103 7, 91 13, 126 7, 130 2.88462
AV631KH 22 23 32070.8 88 5, 91 6, 113 10.7611
ZS366GP 5 11 32079.4 89 7, 143 13, 121 10, 103 7, 140 6, 186 5, 93 9, 172 11, 148 5.41892
YL459SM 24 28 32081.5 85 12, 155 9, 129 12, 155 11, 128 5, 118 4.40678
HZ176SC 18 29 32087.1 118 12, 160 12, 133 15, 86 12, 96 13, 143 9, 156 12, 113 8, 91 11, 128 7, 86 13, 186 10, 133 9, 129 2.06202
VG591ET 18 23 32089.1 92 5, 189 12, 186 10, 91 10, 127 12, 84 10, 121 4
KJ020CJ 4 24 32096.3 137 9, 112 6, 80 8, 99 8, 102 8, 161 14, 126 12, 182 12, 102 11, 182 15, 156 13, 95 6, 117 13, 121 11, 119 5, 88 5, 176 7, 109 11, 115 11, 180 10, 142 14, 82 7, 116 12, 187 7.61497
KG190WA 10 15 32097.4 138 13, 85 6, 135 9, 87 14, 182 10.1703
FG705KB 20 25 32105.1 89 9, 116 5, 186 5, 134 13, 101 6, 90 12, 190 8, 154 8, 128 8.52344
AB869NL 7 19 32109 182 6, 154 14, 140 15, 120 5, 178 7, 99 11, 130 14, 112 7, 155 13, 168 14, 142 10.4648
CG690EC 5 24 32114 186 6, 127 6, 131 11, 149 8, 159 12, 104 9, 163 12, 104 12, 180 10, 125 7, 100 9, 173 7, 189 7, 102 15, 187 13, 86 13, 187 11, 180 14, 116 14, 102 11, 168 8, 144 0.5
VW767LP 21 29 32119.4 153 11, 158 5, 180 14, 102 12, 150 5, 92 8, 172 8, 94 11, 128 8, 157 5, 107 7.57009
JR105SY 3 9 32121.3 179 15, 190 6, 128 12, 177 13, 114 6, 168 5, 141 2.25532
MG017DX 25 29 32126.1 177 13, 142 7, 154 9, 142 5.65493
AE145MB 2 10 32128.7 173 5, 175 7, 99 15, 159 11, 147 12, 184 7, 111 6, 97 9, 123 5, 107 11, 80 9, 154 9.18831
YF227LF 3 26 32134.1 117 9, 85 5, 118 5, 157 13, 87 14, 171 6, 161 6, 170 13, 173 11, 176 6, 82 12, 121 9, 116 15, 80 5, 133 11, 102 15, 149 9, 178 14, 103 5, 98 15, 89 7, 161 12, 120 11, 113 6, 167 14, 83 6, 124 13, 95 7, 150 14.48
BD016SX 3 28 32136 140 5, 137 10, 134 12, 168 14, 178 8, 119 6, 175 9, 187 14, 121 5, 146 6, 148 14, 166 7, 178 14, 130 10, 86 8, 95 6, 107 10, 155 10, 126 15, 148 11, 116 13, 138 6, 83 9, 145 14, 183 5, 112 15, 96 7, 92 15, 184 8.92391
AX472TG 17 28 32139.7 151 10, 171 12, 95 9, 163 5, 140 14, 84 5, 157 6, 165 8, 87 7, 86 11, 189 7, 174 8, 89 12, 103 6, 167 12, 172 7.34884
TE947EY 6 19 32140.3 153 10, 136 10, 106 12, 156 7, 132 9, 83 11, 173 5, 156 15, 104 13, 137 6, 82 6, 181 14, 127 7, 134 8, 162 0.388889
SG125ER 27 28 32146.8 85 6, 91 0.791209
ZV268CT 20 26 32154.1 147 12, 103 12, 132 7, 119 15, 183 7, 82 11, 189 8, 123 5, 139 5, 116 7, 172 2.5814
KR542AE 22 29 32160.1 109 12, 162 7, 161 5, 90 8, 123 11, 147 11, 174 6, 166 8, 88 6, 81 14, 136 6.59559
WX438TA 17 20 32167 101 12, 166 11, 173 5, 176 5.16477
DZ198SD 18 23 32170.5 91 14, 127 8, 117 7, 132 14, 135 7, 186 8, 146 6.54795
CD682WE 23 25 32177.7 154 7, 122 5, 82 7, 167 6, 186 4.93548
VL970JL 14 15 32182.5 185 4.99459
SF064KF 6 23 32183.5 119 9, 101 6, 95 9, 104 6, 106 8, 159 10, 97 11, 123 9, 135 8, 145 5, 164 12, 137 12, 108 6, 85 13, 137 14, 119 9, 173 11, 86 5, 107 15, 137 5, 118 15, 148 7.64865
JB237EC 17 22 32184 168 8, 164 14, 168 5, 113 13, 123 6, 112 11.8125
MN494CL 1 5 32187.4 105 15, 88 13, 173 14, 105 5.0381
PV756AN 23 28 32196.8 89 6, 90 14, 95 14, 174 8, 164 7, 99 10, 156 10, 153 4.39216
RP953AJ 5 21 32204 82 6, 142 12, 94 12, 92 9, 152 5, 93 15, 101 10, 119 9, 114 5, 141 13, 104 9, 153 6, 126 8, 170 10, 120 15, 117 6, 81 11, 109 7, 176 12, 190 11, 169 9.76923
HX181SE 22 27 32211.2 141 13, 103 8, 154 10, 176 11, 86 11, 94 11, 85 15, 84 9, 100 3.62
SP009DH 4 17 32220.3 115 6, 90 5, 121 7, 176 15, 92 11, 90 7, 150 10, 109 6, 135 11, 154 8, 123 15, 115 5, 98 5, 157 8, 150 14, 126 10, 185 2.04324
ZL839ZP 13 24 32222.9 84 7, 109 5, 120 8, 105 14, 81 11, 159 12, 187 9, 182 14, 149 15, 93 15, 103 5, 115 15, 120 12, 125 5.72
FN296PA 21 26 32224.8 95 5, 171 13, 176 10, 142 9, 153 11, 128 7, 188 7.0266
PB199GF 26 28 32225.5 162 14, 139 0.345324
ZT147FE 21 28 32234.9 179 6, 94 11, 150 10, 153 15, 84 11, 113 8, 130 7, 169 15, 98 7, 137 0.656934
TL360ST 19 24 32237.3 88 10, 187 15, 102 10, 129 9, 181 14, 185 7.16757
DK450TN 12 21 32245.8 87 15, 182 14, 81 15, 138 5, 151 9, 177 10, 99 6, 122 15, 114 8, 131 11, 148 7.77027
WX952BS 7 14 32250.1 96 15, 142 9, 117 12, 174 15, 150 6, 162 13, 187 4.84492
ZA349ZE 4 20 32256.9 171 12, 92 13, 130 10, 152 14, 139 6, 145 8, 171 7, 83 6, 164 14, 106 14, 101 11, 117 13, 129 7, 103 12, 189 12, 186 10, 136 5.97059
EE908AD 28 29 32263.2 152 5.13158
ZE825FS 21 28 32268.9 161 11, 147 7, 173 15, 83 6, 85 13, 113 10, 89 12, 132 12, 84 13, 114 0.701754
VH367AB 8 18 32278.7 173 10, 155 5, 186 7, 187 15, 171 11, 124 9, 185 9, 145 6, 101 8, 173 5.10983
XV739FH 27 29 32283.1 135 10.0889
VM455JK 28 29 32291.8 137 5.69343
CK885JG 16 25 32296.6 105 6, 158 12, 188 11, 174 6, 166 13, 183 15, 101 12, 189 14, 147 6.37415
MZ345XZ 11 13 32301.7 148 6, 169 7.49112
TX592DC 21 26 32302.5 138 9, 143 13, 155 11, 177 15, 156 6, 90 6, 112 6.24107
BS645LH 17 23 32306.5 88 11, 101 12, 160 14, 91 7, 131 11, 147 13, 119 13, 184 1.3913
JL822RS 16 23 32315.3 186 11, 107 15, 169 12, 165 12, 135 7, 119 11, 146 8.5
TF981BB 22 23 32318.8 81 10, 161 7, 128 2.07031
YW320ND 2 29 32325.7 157 13, 148 10, 113 9, 177 7, 139 9, 162 10, 145 5, 113 8, 82 6, 118 15, 158 15, 163 7, 98 7, 189 11, 112 8, 183 6, 91 13, 134 7, 160 9, 175 13, 148 11, 111 14, 95 9, 137 7, 96 10, 120 8, 129 5, 131 10, 153 14, 135 12, 109 5, 85 10, 128 7, 162 6, 186 2.12366
MX915VJ 22 28 32331.3 117 5, 114 14, 186 8, 149 13, 141 8, 168 5, 163 12, 94 14, 87 2.78161
RZ809WT 21 29 32338.4 166 12, 161 13, 97 14, 157 13, 147 14, 186 5, 81 8, 172 8, 170 1.38824
TR429WM 7 28 32343.2 93 14, 175 9, 99 14, 159 8, 81 15, 179 8, 97 15, 150 13, 127 15, 84 14, 181 8, 94 12, 143 6, 162 5, 83 7, 102 9, 161 11, 120 14, 154 13, 156 7, 180 15, 110 13, 147 12, 127 3.49606
SZ991BX 23 24 32350.1 187 11.0053
CK490PS 5 6 32359 114 8, 156 6, 83 9, 99 3.84848
EH534EJ 3 22 32368.7 163 6, 92 11, 189 7, 173 14, 125 12, 135 13, 107 11, 153 11, 149 9, 146 7, 181 11, 125 7, 154 8, 155 12, 91 8, 105 12, 156 12, 181 12, 107 6, 109 7, 172 5.63953
EA578BH 15 21 32371.1 180 12, 111 5, 109 12, 138 7, 135 10, 188 14, 100 8.03
SP257CG 8 19 32376 95 7, 186 12, 124 10, 167 10, 127 8, 151 8, 102 11, 96 8, 181 13, 103 11, 165 6.70909
TC673GP 1 2 32384.3 166 4.98795
ZH921WP 22 27 32386.5 173 8, 158 7, 122 7, 124 6, 170 5, 105 8, 102 6, 175 5, 130 14, 133 7, 123 3.98374
NC859VJ 18 22 32387 141 7, 123 7, 163 9, 129 12, 111 10, 141 1.21277
NX662XN 4 20 32396 149 10, 96 9, 109 8, 147 15, 109 6, 139 6, 103 11, 113 15, 128 8, 80 15, 81 15, 83 15, 95 11, 105 8, 110 5, 103 7, 112 7, 93 8, 153 15, 189 12.9418
KV369TP 6 17 32405.2 123 6, 91 13, 121 12, 178 9, 103 9, 132 12, 84 10, 134 5, 84 14, 164 7, 142 6, 100 13, 108 11, 146 3.9726
VZ902MG 4 6 32409.9 190 9, 93 13, 119 7.43697
SP757ET 23 29 32419.5 100 6, 182 12, 115 5, 126 12, 129 9, 172 15, 104 10.1346
KB709ZD 16 21 32423.4 86 7, 148 15, 102 12, 163 13, 183 5, 181 5.56906
ZW431MY 15 28 32431.8 151 12, 131 9, 117 6, 125 15, 118 14, 129 11, 91 7, 109 9, 116 14, 137 9, 187 9, 117 15, 136 5, 102 10, 190 5, 94 14, 119 10.1513
NF082RD 1 8 32436.5 165 12, 113 9, 87 8, 85 7, 126 14, 161 6, 125 13, 155 14, 135 8.17037
VX142BE 3 6 32437.8 94 6, 165 13, 187 5, 81 9, 133 7.18045
PY126DV 18 20 32442 146 6, 130 8, 112 5, 160 2.9375
HT122VV 14 26 32446.9 121 7, 99 13, 153 5, 108 6, 148 13, 80 5, 154 12, 114 10, 159 14, 109 7, 106 8, 165 7, 156 9, 103 11, 145 11, 172 9, 119 6.7479
XB339FG 5 26 32449.2 103 5, 172 6, 103 5, 136 15, 84 7, 91 7, 135 8, 170 12, 138 12, 118 10, 164 15, 99 10, 162 15, 164 12, 87 13, 92 13, 82 11, 86 9, 110 7, 132 13, 106 6, 101 7, 108 14, 151 5, 123 5, 95 9, 126 8, 187 9, 105 8, 99 7.74747
TE843HX 26 27 32450.4 146 5, 166 6.04819
AD155EP 7 20 32454.7 164 9, 97 12, 81 10, 104 12, 153 11, 84 7, 185 15, 92 11, 86 6, 99 8, 83 10, 188 8, 155 7, 86 11, 133 12, 164 5.9939
NC731TF 12 15 32460.9 183 9, 116 11, 100 10, 94 11.883
CL088TA 12 28 32466.5 99 10, 85 10, 115 8, 122 13, 150 15, 97 10, 187 6, 184 11, 85 8, 172 15, 154 11, 99 7, 109 11, 93 5, 147 7, 112 8, 96 12, 184 5, 162 10, 179 12, 157 6.2293
FW956BG 6 14 32473.8 160 8, 156 5, 137 5, 186 14, 147 7, 105 6, 188 9, 150 14, 183 4.85246
DN821XN 6 26 32483.8 158 7, 143 14, 140 5, 106 5, 190 5, 106 15, 116 9, 164 8, 89 12, 163 14, 108 13, 164 14, 117 13, 135 11, 101 13, 160 14, 135 11, 159 6, 105 6, 130 13, 125 7, 80 7, 157 8, 170 10.1706
TW100TH 6 7 32492 133 5, 146 2.59589
LJ657HS 16 19 32500.6 175 6, 182 10, 136 4.52941
GZ068XK 3 9 32507 150 6, 181 5, 85 5, 109 7, 101 11, 147 15, 176 10, 104 13.7981
PY668GD 20 23 32510.9 144 13, 127 6, 82 15, 105 13, 178 0.960674
HD192FP 27 28 32514.2 158 3.68354
FZ501AN 14 26 32522.5 131 6, 101 15, 158 8, 139 14, 138 5, 187 12, 180 7, 111 5, 109 6, 110 14, 119 5, 86 9, 169 8, 166 13, 163 5, 119 14, 174 2.98851
ZZ226VV 1 29 32529.8 132 6, 103 5, 91 10, 91 8, 133 7, 143 13, 110 7, 137 8, 168 11, 113 9, 133 11, 152 14, 96 12, 122 7, 84 10, 135 9, 185 8, 121 7, 174 8, 129 12, 108 9, 157 11, 121 12, 91 13, 165 12, 168 12, 167 14, 83 10, 105 12, 169 15, 179 13, 161 9, 168 1.84524
WA576AP 15 22 32532.5 95 12, 89 8, 143 12, 134 14, 187 14, 132 8, 163 9.32515
RH640WS 25 27 32534.5 115 10, 83 7, 157 9, 90 10.8667
EN005KN 2 22 32540 99 9, 160 12, 96 7, 139 14, 134 9, 112 9, 177 7, 94 13, 130 8, 103 10, 166 12, 170 14, 123 13, 143 6, 149 11, 97 11, 119 14, 146 5, 92 5, 106 14, 97 9, 147 6, 160 12, 171 7.85965
CX814EM 24 29 32544.6 131 11, 85 15, 161 6, 134 7, 84 12, 153 7, 190 4.78421
VE999YX 16 20 32550.8 161 13, 145 5, 136 14, 158 5, 169 1.43195
NH069RM 26 27 32555.6 94 9, 168 5.28571
FX150WG 20 26 32564.5 112 13, 83 8, 112 5, 170 9, 150 11, 130 13, 94 7, 89 9, 132 9, 123 9, 88 7.56818
NL123SB 19 27 32569.9 148 7, 127 13, 158 14, 115 8, 138 6, 137 5, 174 15, 163 13, 122 12, 97 10, 163 5, 117 5.65812
WH607CX 4 21 32577.3 87 8, 108 13, 124 14, 176 14, 155 12, 122 12, 138 12, 96 12, 149 8, 107 10, 155 9, 153 6, 82 6, 99 5, 103 8, 135 6, 188 12, 175 12, 184 8, 156 4.70513
CT516YV 17 24 32580.2 123 12, 107 10, 101 14, 97 12, 93 15, 117 8, 169 8, 101 9, 108 12, 86 14, 127 0.425197
KH985MX 23 24 32583.8 84 9, 119 10, 186 0.602151
CP275NX 15 21 32591.6 126 9, 91 10, 165 10, 81 6, 178 6, 108 9, 163 9, 175 5, 88 7, 98 6.08163
LE096FG 20 29 32592.2 102 11, 141 5, 83 5, 126 5, 156 10, 107 7, 138 10, 149 8, 175 5, 126 15, 176 9, 122 8, 179 11, 171 0.111111
DL521RG 28 29 32602.1 179 4.35754
XY716WE 18 20 32605.2 189 5, 128 9, 133 5, 155 1.1871
SM185YN 6 8 32609.7 95 7, 139 5, 122 5, 113 11.5044
ZP238KY 2 24 32616 115 8, 179 5, 85 12, 85 8, 134 11, 135 6, 179 8, 189 15, 116 9, 181 13, 83 5, 168 5, 123 7, 170 5, 178 13, 166 13, 98 12, 139 6, 113 13, 94 9, 88 13, 95 7, 120 12, 82 8, 109 7, 103 13, 88 8, 115 14, 175 10, 142 0.21831
FP243JE 13 26 32618.8 81 10, 149 5, 108 10, 140 13, 186 7, 99 5, 91 7, 126 7, 85 15, 182 12, 118 11, 162 14, 161 13, 125 5, 139 15, 167 10, 90 13, 174 3.97126
HB357CX 13 25 32624.5 86 12, 146 8, 99 9, 150 5, 163 7, 132 7, 90 12, 189 8, 150 7, 148 9, 129 13, 110 10, 91 11, 148 15, 96 10, 133 6, 173 6, 170 6.28235
NS921HA 4 25 32627.7 84 10, 153 7, 150 13, 188 11, 161 13, 149 11, 83 15, 166 5, 137 9, 102 8, 188 13, 170 9, 100 11, 99 9, 148 8, 161 6, 168 8, 83 10, 85 13, 189 9, 122 11, 148 5, 187 11, 182 13, 155 0.341935
AG139YA 21 24 32635.6 169 12, 161 8, 146 12.3836
NA793HJ 25 26 32637.3 84 6, 140 13, 181 0.353591
SF215YP 17 18 32647 152 12.2763
GT896WB 17 24 32655.3 143 9, 100 6, 132 13, 80 11, 100 6, 90 12, 167 7, 182 7, 180 14, 166 6, 101 1.46535
LJ035RB 1 17 32657 88 13, 160 12, 139 6, 159 6, 177 12, 125 14, 94 12, 108 6, 190 9, 89 6, 137 5, 88 6, 141 12, 182 12, 161 15, 82 10, 87 10, 175 5, 117 5, 155 3.13548
TW154DJ 13 28 32664.4 122 10, 93 12, 103 12, 184 12, 141 8, 84 8, 113 11, 119 14, 183 11, 188 6, 187 8, 154 11, 92 6, 89 12, 185 14, 131 15, 182 8, 183 5.43716
PB648SK 5 20 32665.7 174 9, 114 12, 125 14, 85 6, 88 15, 139 6, 120 8, 116 12, 165 11, 102 12, 159 13, 185 6, 172 13, 163 6, 142 13, 156 12, 147 1.22449
EM162YM 18 19 32669.8 109 6.22018
YK354TP 10 23 32678.5 160 12, 103 10, 118 11, 113 11, 141 15, 104 11, 92 12, 125 10, 190 9, 163 5, 157 7, 108 9, 151 14, 146 11.0548
TZ512FM 16 25 32682.7 107 14, 148 14, 81 5, 168 7, 164 6, 120 13, 161 12, 164 14, 167 6, 111 9, 103 7, 166 4.16265
LV810ZM 9 25 32692.3 186 6, 174 10, 134 7, 86 15, 172 10, 161 5, 82 10, 175 5, 118 15, 185 8, 132 14, 146 5, 128 11, 103 9, 181 15, 128 7, 101 7, 150 9, 85 5, 89 15, 122 4.61475
RF930NT 12 20 32702.3 176 8, 92 15, 98 9, 155 7, 114 14, 100 14, 157 6, 177 13, 98 15, 88 0.181818
RX447ET 5 28 32707.8 149 12, 156 12, 179 14, 155 9, 181 13, 157 6, 177 5, 140 11, 139 5, 186 14, 156 14, 131 10, 150 12, 169 11, 148 12, 84 5, 86 15, 85 6, 90 6, 170 5, 149 14, 132 9, 131 5, 166 5, 187 7, 166 10, 188 2.48404
JW011YV 14 15 32717.2 101 9.14851
MH679FJ 25 26 32725 107 5, 156 11.8782
BA071GJ 14 28 32730.9 116 11, 178 14, 123 9, 140 14, 152 11, 139 5, 142 5, 176 8, 116 8, 171 8, 145 14, 101 8, 186 6, 174 11, 130 8, 106 11, 173 5.54913
AY428JP 11 15 32735.6 147 9, 165 10, 122 9, 187 9.64171
FV304KL 25 26 32740.6 144 11, 134 6
PR410AJ 13 27 32744.9 185 9, 85 12, 129 13, 93 15, 97 12, 148 15, 140 13, 167 15, 97 8, 108 11, 80 6, 93 7, 82 5, 90 11, 91 15, 151 5, 124 10, 142 12, 154 7, 158 4.81646
YM045AJ 23 27 32754.2 127 15, 121 7, 177 11, 144 9, 87 5, 130 14, 121 0.446281
CA683YV 12 23 32758.8 115 8, 97 10, 88 7, 109 5, 173 8, 167 6, 176 15, 180 6, 98 5, 162 7, 141 7, 173 7, 185 7, 118 12, 178 12.3034
PA118AA 3 14 32764.5 94 13, 154 8, 134 6, 106 10, 131 11, 92 15, 142 8, 138 6, 107 5, 107 10, 111 14, 165 12, 187 9, 128 8, 105 0.638095
CM153RH 27 29 32766.1 148 7, 114 2.85965
EP500GC 12 21 32770.5 135 10, 109 15, 93 7, 166 12, 97 5, 105 12, 129 5, 143 5, 177 9, 186 13, 160 11, 145 2.13793
SH504BY 23 28 32778.5 105 11, 81 9, 117 10, 120 14, 122 14, 115 10, 186 6.95699
FX802TM 6 17 32787 106 7, 128 13, 188 5, 180 6, 158 8, 183 14, 173 5, 80 13, 85 11, 102 15, 153 10, 124 8.77419
SK781RS 27 29 32794.5 96 10, 161 2.49689
JS869EH 12 23 32798.4 187 14, 106 14, 145 15, 128 7, 115 11, 146 9, 129 6, 166 13, 166 11, 146 15, 188 6.2766
KT950PL 5 22 32799.9 135 8, 125 14, 180 9, 160 14, 97 15, 96 15, 119 5, 170 6, 88 8, 189 15, 120 11, 179 7, 111 6, 101 5, 188 14, 167 10, 102 11, 114 5, 146 11.9795
XF230GJ 15 17 32805.8 123 5, 135 9, 147 5.42857
HP720SE 19 27 32807 179 11, 141 9, 109 14, 164 14, 126 12, 149 5, 155 10, 150 15, 171 6, 168 10.8869
GL701CA 1 27 32808.1 149 15, 124 14, 168 8, 95 7, 150 6, 186 14, 172 11, 129 13, 140 11, 136 5, 114 15, 137 12, 161 5, 141 8, 179 8, 156 14, 184 12, 120 8, 160 9, 154 13, 103 9, 108 13, 99 7, 104 8, 146 8, 105 7, 119 8, 112 5, 96 8, 127 14, 143 12.5804
SY843GK 27 29 32815.4 80 5, 84 11.4524
AN631JE 19 27 32825 118 11, 181 11, 135 5, 180 7, 136 9, 167 13, 105 6, 123 10, 176 8, 189 5, 153 9, 97 9, 166 5.36145
VR811ZJ 26 28 32830.2 82 8, 162 6, 153 4.49673
ZN828HM 16 20 32839.9 181 11, 108 10, 136 13, 86 5, 96 5.05208
EF187WJ 2 16 32847.1 151 12, 183 7, 82 15, 85 10, 104 7, 166 10, 190 15, 155 15, 118 7, 151 11, 137 11, 155 14, 124 13, 85 11, 108 6.19444
CR916KH 9 14 32849.9 187 15, 150 13, 163 10, 158 6, 128 1.39844
HG223BH 15 27 32856.4 149 10, 150 11, 81 7, 104 15, 105 13, 188 5, 85 5, 182 10, 128 10, 177 12, 138 7, 105 13, 129 8, 80 14, 114 13, 117 8, 145 7.04828
HR523NW 19 29 32865.9 87 15, 180 9, 116 5, 164 9, 148 5, 98 14, 109 6, 164 5, 82 10, 112 15, 117 5, 82 10, 134 13, 160 12, 146 8.21918
PH452EB 4 27 32875.1 136 10, 124 5, 137 15, 80 9, 85 13, 108 11, 136 9, 183 12, 131 9, 183 9, 84 14, 104 10, 149 7, 149 12, 147 11, 162 8, 85 5, 110 6, 126 7, 132 12, 145 5, 99 10, 93 15, 117 9, 188 12, 90 7, 84 12, 121 14, 184 7, 106 14, 157 1.47771
MN426MX 23 25 32875.8 86 12, 126 15, 153 6, 133 2.57143
FE828TW 21 29 32880.9 136 13, 121 15, 145 10, 182 6, 117 10, 101 10, 102 12, 136 5, 120 10, 128 6, 104 5.33654
AP132BX 25 26 32887 106 11, 87 6, 94 7, 153 0.27451
WW620ZM 2 23 32890.9 140 5, 107 10, 177 11, 117 11, 173 5, 86 11, 133 14, 85 9, 167 8, 127 8, 84 6, 140 6, 83 7, 160 11, 170 13, 87 9, 119 9, 178 5, 143 12, 154 8, 150 10, 128 13, 116 6, 169 12, 170 10, 123 7, 149 9.66443
AH740EN 19 23 32893.1 171 5, 111 11, 184 13, 130 9, 132 11, 166 3.48193
XL597JL 4 16 32902.8 85 12, 93 6, 104 11, 165 6, 153 9, 95 10, 189 8, 154 13, 168 10, 82 5, 140 7, 98 5, 152 13, 114 5, 125 10, 165 7.2303
NW049LC 26 27 32904.2 140 11, 169 1.14793
AZ052RZ 21 26 32905.9 143 10, 106 7, 128 12, 144 13, 145 8, 158 7, 133 5, 168 6.69643
VM517LT 3 21 32907.2 120 9, 127 9, 120 13, 155 10, 162 5, 91 5, 179 5, 80 13, 101 15, 116 5, 121 14, 153 10, 169 9, 175 14, 151 14, 170 10, 168 10, 170 12, 180 9, 163 4.52147
LL229ZD 5 25 32909.2 154 8, 165 6, 107 9, 149 6, 168 15, 184 15, 145 14, 101 6, 98 10, 176 5, 123 12, 109 5, 103 6, 168 8, 102 5, 122 14, 90 7, 85 10, 97 14, 153 14, 175 6, 155 11, 186 14, 94 14, 112 5, 105 3.22857
WP984ZX 19 25 32917.5 82 9, 145 14, 92 5, 172 6, 175 10, 98 13, 114 7, 99 12, 125 5, 127 13, 126 2.4127
KL610AN 7 17 32925.3 174 13, 148 15, 176 11, 117 10, 189 14, 175 14, 135 11, 158 0.170886
RB955EL 6 10 32934.8 173 14, 89 12, 155 8, 146 8.86301
BT221KM 1 4 32940.7 163 7, 129 8, 118 15, 91 8, 120 1.425
MH931ZC 11 12 32949.9 128 5, 89 2.17978
SC722KV 26 27 32957.1 92 15, 183 1.93443
EJ254GB 26 29 32957.7 163 14, 100 8.14
YZ757MA 24 25 32964.1 104 12, 186 4.70968
JE386ZC 23 24 32966.3 113 11, 93 8, 90 0.788889
JM489KW 16 19 32976.1 138 11, 164 12
XV782AR 1 18 32978.2 117 12, 138 6, 81 7, 149 6, 117 14, 154 5, 159 15, 127 7, 134 12, 165 6, 120 5, 151 7, 126 15, 173 6, 127 10, 80 12, 164 14, 113 14, 80 7, 107 5, 162 12.2901
EK619CE 27 29 32980.4 93 6, 166 4.84337
GS605BS 5 23 32985.7 152 5, 103 5, 91 12, 155 10, 170 10, 97 13, 137 11, 157 5, 151 8, 186 9, 90 8, 108 9, 174 5, 174 11, 169 7, 120 8, 85 6, 120 9, 96 15, 145 9, 150 12, 148 8, 137 15, 183 2.0929
BP032JY 22 26 32990.2 94 6, 109 14, 154 9, 121 11, 81 9, 188 12, 143 6.85315
TC491RC 9 10 32991.4 129 7, 169 5.59172
AC324PE 18 26 32996.5 181 13, 94 7, 124 11, 138 11, 152 6, 180 14, 97 11, 89 9, 116 10, 153 7, 171 7, 165 1.78788
EC571SY 1 13 33004.5 161 8, 129 10, 166 15, 148 7, 183 10, 163 6, 131 7, 99 5, 109 9, 109 6, 178 15, 189 7, 147 10.7891
VD579ZN 14 16 33013.8 178 8, 178 6.66292
LF766HN 4 25 33022.3 160 7, 112 13, 186 8, 189 6, 134 11, 142 10, 170 14, 181 11, 181 7, 151 9, 158 7, 106 5, 166 12, 148 11, 97 7, 171 13, 189 14, 146 12, 95 5, 181 6, 83 15, 150 13, 155 6.69032
SW305MK 5 15 33024.1 94 13, 102 6, 138 6, 162 6, 155 7, 103 14, 115 12, 99 8, 175 8, 91 10, 134 13, 89 7, 185 7, 184 6.9837
WM332KN 24 26 33026.1 121 5, 151 8, 189 14, 154 0.344156
NW333SY 14 24 33031.1 122 8, 187 6, 175 7, 88 11, 97 6, 144 6, 119 11, 85 15, 121 7, 190 15, 172 10, 130 5, 109 13.156
PY348CH 20 26 33039.5 189 12, 122 11, 180 9, 116 14, 120 7, 185 15, 118 5, 115 5, 132 2.54545
BW837KC 2 6 33048.9 98 14, 101 11, 85 13, 115 8, 96 13, 94 14, 176 4.23864
YN461SB 7 18 33051.4 174 6, 88 7, 80 10, 184 8, 121 7, 106 5, 82 14, 101 8, 177 12, 181 8, 180 11, 98 11, 190 11, 84 0.916667
BS960CG 12 19 33054.6 165 14, 110 5, 113 5, 138 14, 184 10, 94 12, 151 12.4967
LA064GK 11 18 33060.4 123 14, 164 14, 183 14, 143 9, 177 9, 185 4.90811
CP032XR 17 27 33070.1 114 5, 111 8, 153 11, 125 11, 167 7, 134 11, 82 8, 91 12, 134 9, 144 5, 181 13, 83 13, 160 9, 96 14, 120 10, 161 1.65839
PM922HD 26 27 33072.3 126 13.7619
NL578HE 1 23 33081.3 117 14, 186 13, 190 15, 180 5, 117 10, 151 9, 91 8, 109 11, 90 10, 163 10, 146 5, 134 9, 83 14, 139 15, 161 12, 107 5, 184 14, 129 15, 114 15, 111 11, 190 7, 96 8, 154 10, 135 4.26667
HH053PP 26 28 33090.3 81 9, 110 11, 100 3.77
RE565GJ 27 29 33095.9 122 10, 133 1.06767
TJ799PF 14 26 33096.4 165 8, 176 13, 119 8, 157 12, 101 11, 182 6, 149 10, 118 9, 131 6, 188 13, 95 6, 162 13, 185 11, 190 6, 126 0.428571
YY644LR 7 20 33098.8 111 8, 132 14, 124 11, 167 15, 114 13, 144 9, 152 9, 127 15, 125 9, 155 11, 181 7, 123 13, 104 6.30769
XV342AL 10 24 33103.5 107 13, 144 7, 160 7, 131 8, 86 14, 92 13, 111 14, 108 9, 140 6, 96 8, 163 5, 92 6, 126 6, 129 15, 144 8, 131 8, 92 14, 122 5, 88 10, 137 9.84672
GN505KE 2 8 33110.9 158 15, 88 15, 106 12, 97 10, 181 10, 121 15, 104 10, 122 4.02459
VM384JR 19 29 33114.8 88 8, 184 5, 140 9, 152 12, 172 12, 152 11, 135 10, 169 11, 142 8, 93 12, 154 5, 111 13, 158 7.6962
DL339DW 28 29 33124.1 138 5.65217
HF074EV 21 27 33125.5 169 15, 110 5, 147 14, 124 10, 132 8, 133 13, 98 6, 97 11, 100 5.47
NS755JV 11 29 33134.6 187 7, 91 7, 145 14, 151 12, 131 6, 183 5, 190 7, 90 9, 165 8, 158 9, 118 10, 188 6, 179 7, 80 15, 89 9, 143 14, 82 13, 114 12, 170 5, 143 14, 180 12, 108 5, 122 3.7623
LT482DH 13 23 33144.3 86 5, 102 9, 135 9, 145 8, 98 11, 117 6, 103 5, 131 10, 175 14, 164 8, 98 14, 111 10, 145 8, 176 10.3864
CA742MT 1 7 33148.5 106 13, 169 12, 128 9, 164 6, 183 15, 153 9.16993
ZT658GP 20 28 33150.9 145 15, 150 12, 185 6, 162 9, 113 9, 137 10, 147 7, 180 8, 80 9, 190 11.4053
GT097TX 19 24 33151.9 106 8, 97 13, 93 13, 146 14, 98 9, 153 15, 104 9, 85 2.95294
WF352VB 4 23 33156.7 90 15, 143 11, 162 11, 166 6, 125 6, 119 6, 84 10, 91 11, 96 11, 167 10, 172 6, 124 8, 159 9, 109 15, 85 6, 144 6, 142 12, 121 12, 115 12, 112 9, 100 13, 117 12, 155 5, 168 11, 105 1.8
AA688DM 1 27 33163.5 132 12, 122 10, 114 13, 153 7, 107 9, 128 7, 164 6, 179 15, 168 5, 174 6, 141 5, 141 5, 167 7, 149 5, 158 8, 90 8, 145 7, 153 14, 170 12, 82 8, 178 11, 116 15, 173 12, 155 12, 107 15, 94 13, 108 9, 97 7, 110 15, 89 7, 119 6, 136 8, 178 11, 98 3.33673
NB153NP 1 25 33166.8 120 7, 93 12, 159 8, 129 12, 124 7, 121 11, 186 5, 139 10, 112 8, 89 10, 114 8, 164 15, 114 12, 158 12, 84 6, 101 11, 175 11, 119 5, 93 8, 86 12, 152 14, 182 14, 180 10, 146 7, 88 10, 179 5, 157 9, 182 6, 141 6, 95 15, 122 4.94262
YH581RR 28 29 33171.3 157 4.96815
MV070WJ 21 28 33178.3 166 5, 105 10, 180 8, 146 8, 160 5, 177 5, 124 15, 158 9, 156 6, 96 6, 161 6, 143 0.132867
SV455HW 9 27 33181.7 160 5, 178 10, 189 11, 110 14, 139 6, 167 6, 168 9, 124 14, 106 5, 147 9, 130 5, 188 13, 136 9, 113 5, 83 13, 91 13, 127 15, 108 9, 147 12, 112 12, 188 5, 128 5, 144 8, 169 3.44379
AC399DR 1 7 33186.1 114 5, 102 13, 98 14, 146 14, 122 7, 103 11, 150 13, 110 4.00909
EH386WC 10 26 33187.8 169 5, 174 6, 167 14, 141 11, 152 10, 117 7, 96 8, 130 11, 142 6, 148 7, 138 6, 110 7, 85 15, 101 11, 166 13, 94 6, 124 8, 160 9, 92 9, 81 12, 175 7, 123 11, 121 2.30579
TL147ER 17 25 33197.7 180 9, 160 7, 101 11, 165 12, 117 15, 126 9, 93 6, 130 10, 96 13, 138 15, 125 3.984
YH416VH 15 19 33202.1 103 11, 81 8, 185 8, 166 8, 84 6.94048
HW768XL 5 22 33210.2 149 9, 160 11, 160 15, 95 14, 183 14, 161 8, 90 10, 189 14, 127 8, 141 12, 165 9, 88 13, 178 12, 85 8, 158 9, 159 12, 104 4.96154
CS235YY 6 11 33219.4 161 8, 80 7, 83 13, 134 6, 104 12, 152 11.5724
PS562SN 20 26 33225 159 9, 111 7, 155 10, 98 14, 160 7, 138 10, 173 13, 122 12, 150 4.18
TK361ZP 15 19 33232.3 184 14, 144 13, 171 4.23392
JR882GV 25 28 33240.8 114 12, 161 12, 128 10.9687
AY313NV 23 24 33241.8 149 13, 108 1.12037
BM335VJ 26 27 33248.7 181 9.58011
ZX971SW 24 27 33258.6 115 14, 94 14, 183 7, 131 10, 113 6.45133
BE145EP 12 16 33260.3 103 10, 155 10, 164 14, 190 9.73684
YX893XC 14 24 33265.4 150 6, 107 8, 89 13, 186 15, 168 10, 182 11, 120 8, 158 10, 115 11, 131 15, 189 3.5291
WS588JM 8 9 33266.5 182 4.97802
KZ738JG 26 28 33270.1 115 6, 183 8, 87 1.86207
VX213KH 7 27 33271.1 166 11, 81 7, 162 13, 140 14, 146 11, 117 10, 187 11, 142 9, 85 11, 172 10, 128 15, 169 10, 166 6, 141 10, 169 11, 95 11, 120 13, 123 12, 163 15, 110 8, 179 7, 118 5, 104 3.49038
YA381TD 9 17 33274.6 144 13, 111 11, 162 14, 152 5, 134 11, 115 10, 103 8, 190 7.86842
AW758MY 1 15 33275.7 161 7, 137 13, 90 12, 119 14, 164 6, 132 13, 145 14, 84 14, 101 15, 170 15, 116 9, 97 5, 150 15, 123 15, 96 0.09375
DW801GS 28 29 33281.1 114 6, 121 0.793388
CX068FL 20 22 33290.8 108 5, 165 8, 104 12.8654
MB775EV 3 14 33296.5 134 15, 133 13, 81 6, 147 13, 115 9, 96 12, 95 5, 167 7, 128 14, 116 7, 111 8, 176 12, 162 5, 150 4.23333
LN337FY 9 23 33303 88 15, 96 15, 99 13, 166 7, 90 12, 138 5, 88 12, 178 9, 151 8, 168 9, 107 9, 80 12, 118 13, 117 12, 174 11, 126 7, 98 9, 81 4.69136
EB516WM 3 26 33309.6 168 10, 164 8, 83 6, 130 10, 142 6, 165 8, 120 5, 88 9, 155 8, 80 11, 183 13, 133 15, 143 9, 122 5, 87 10, 178 14, 121 14, 188 8, 96 13, 81 14, 157 7, 116 10, 133 12, 145 8, 178 15, 101 10, 185 8, 175 8.50286
ZW717ZN 11 23 33317.9 135 11, 93 9, 157 15, 98 12, 104 6, 136 9, 88 11, 184 7, 140 14, 138 7, 96 13, 180 5, 127 15, 95 12, 151 4.22517
DN942RR 18 26 33324.9 177 10, 89 8, 129 15, 101 14, 154 6, 185 9, 189 7, 168 9, 123 11, 189 12, 187 0.213904
ET627ZY 20 25 33332.1 118 14, 175 8, 104 7, 169 14, 108 9, 138 15, 98 4.02041
HW581SJ 14 24 33337.1 163 9, 172 6, 147 14, 156 5, 159 15, 159 9, 162 8, 186 13, 98 14, 148 10.6959
NT710FG 3 27 33343 84 5, 114 9, 149 5, 81 14, 184 10, 154 10, 187 7, 147 11, 154 13, 90 15, 144 11, 115 8, 139 6, 128 5, 184 12, 113 5, 182 15, 159 11, 102 7, 123 10, 111 14, 118 12, 141 15, 103 10, 187 9, 80 14, 101 10, 109 7, 170 13.1529
LP499KV 13 14 33347.1 109 7, 151 13, 82 0.853659
BF733FL 7 23 33350.4 90 6, 99 8, 161 7, 82 8, 171 12, 154 10, 152 5, 109 12, 140 10, 118 14, 110 15, 156 10, 97 14, 123 7, 126 9, 142 14, 113 7, 146 13, 115 10, 103 1.85437
EJ137AJ 3 11 33354.1 129 9, 147 12, 137 10, 144 10, 113 15, 142 6, 102 5, 155 13, 138 7, 151 1.9404
KY024ZM 8 10 33363.5 188 8, 96 13.0208
FR934BE 16 24 33370.1 168 14, 161 6, 187 10, 124 8, 150 8, 100 8, 94 7, 139 9, 99 12, 138 12, 89 3.13483
SN176CF 26 28 33377.7 189 6, 122 9.68852
YK333LC 25 27 33382.5 158 9, 120 8, 151 7, 135 5.05926
HW345FP 2 10 33389.8 87 10, 117 6, 141 13, 138 8, 93 11, 171 6, 175 13, 112 5, 119 5, 168 12, 130 9, 137 4.87591
DZ502BT 18 28 33393.9 190 14, 174 8, 101 6, 165 12, 127 6, 183 9, 148 7, 128 13, 129 15, 175 5, 107 11, 187 8.0107
RT746LN 25 26 33395.8 96 15, 93 10.1935
KF097CH 2 16 33397.6 92 12, 105 7, 160 7, 179 9, 123 6, 114 8, 186 5, 190 5, 163 12, 122 11, 161 10, 99 5, 187 10, 166 13, 114 10, 160 6, 114 5, 182 6, 154 5.34416
XP045TL 26 29 33407.4 158 15, 181 4.01105
CN008WE 24 29 33411.7 179 5, 190 8, 157 13, 106 12, 149 12.6174
PH166NF 7 12 33417.5 140 8, 185 11, 125 8, 126 10, 83 11, 133 1.50376
WT378DA 14 20 33426.9 160 13, 99 7, 134 10, 107 10, 93 11, 175 7, 95 9, 167 0.467066
YY403YG 20 23 33431.2 118 9, 144 5, 134 5, 115 6, 187 12.0749
JJ518PE 13 28 33436.8 111 6, 83 6, 159 12, 105 15, 124 9, 157 15, 178 14, 190 10, 84 5, 117 5, 123 14, 88 12, 171 7, 165 15, 186 5, 151 13, 165 9, 133 5, 184 2.38043
ME642VZ 21 23 33446.5 125 9, 134 13, 82 2.42683
BR261XX 2 26 33451.3 100 5, 109 13, 132 6, 86 14, 114 8, 131 5, 185 10, 148 7, 114 13, 115 15, 108 10, 176 15, 105 7, 89 5, 188 7, 80 9, 174 11, 149 15, 114 14, 120 11, 107 8, 111 15, 135 10, 101 12, 111 12, 120 8, 181 9, 157 13, 169 7, 103 5, 124 7, 152 4.30921
RW615CA 25 29 33452.4 187 12, 107 14, 188 8, 160 1.4875
LA336SJ 20 23 33456.3 115 14, 154 14, 84 13, 96 5.64583
DN648ET 26 27 33462.5 94 6, 172 6.80233
HF505JW 1 28 33464.9 135 8, 115 15, 163 7, 162 5, 136 9, 155 10, 139 6, 116 8, 130 10, 107 7, 105 10, 129 9, 81 9, 152 12, 116 9, 101 5, 164 12, 112 14, 94 9, 139 8, 113 10, 182 13, 174 13, 124 5, 140 9, 180 10, 96 5, 179 14, 171 7, 166 8, 117 11, 126 15, 138 11, 158 1.21519
XG481XB 2 11 33473.2 133 11, 87 13, 163 15, 91 9, 139 6, 122 9, 84 9, 184 7, 148 11, 110 12, 91 5, 96 13, 173 0.410405
MA496FE 6 7 33477.9 129 8.09302
NC870WB 23 28 33486.4 162 7, 177 14, 175 8, 100 11, 122 5, 81 12, 139 7, 127 1.72441
RR364ND 16 23 33487.9 138 8, 81 7, 148 14, 168 13, 86 9, 97 5, 111 8, 142 11, 147 10.3265
TX313AF 11 25 33492.1 163 12, 130 9, 183 11, 105 14, 187 15, 165 10, 184 11, 104 7, 103 6, 152 11, 101 11, 162 11, 100 12, 168 15, 148 1.19595
ZL581RL 7 15 33498.3 135 5, 116 5, 178 5, 134 11, 97 5, 185 6, 84 13, 104 13, 130 6, 108 13, 162 10.6543
DJ867WF 24 28 33499.7 148 7, 160 5, 156 11, 85 15, 183 9, 143 2.47552
GD749BJ 8 23 33500.6 149 7, 110 8, 164 10, 173 9, 135 7, 141 14, 129 14, 185 7, 98 5, 188 11, 88 9, 180 8, 154 8, 133 11, 134 7, 187 11, 94 5.97872
ZA954KB 5 8 33501.2 148 13, 158 6, 166 13, 184 6.6087
EE122DS 18 24 33508.9 140 11, 143 12, 184 7, 153 10, 111 10, 125 5, 160 15, 166 1.1747
FN802PA 16 29 33511.7 186 15, 123 5, 111 9, 160 9, 146 12, 186 11, 119 13, 182 7, 164 11, 97 15, 155 8, 100 7, 130 5, 87 10, 154 6, 86 8, 143 0.181818
JE430ZR 13 20 33519.5 88 14, 172 6, 111 11, 100 8, 94 10, 157 14, 155 7, 109 15, 83 12.253
BH603LV 4 18 33528.1 121 7, 145 12, 186 9, 129 5, 173 14, 143 9, 183 8, 90 5, 137 7, 179 9, 143 11, 90 14, 115 15, 188 9, 115 7, 116 6.51724
LA388TA 3 29 33534.7 90 13, 117 9, 117 6, 148 5, 141 8, 146 15, 148 5, 81 9, 134 9, 135 8, 115 6, 121 12, 164 15, 167 9, 104 10, 129 13, 119 6, 123 11, 171 11, 128 15, 107 7, 126 6, 160 8, 155 9, 125 11, 180 15, 107 15, 174 11, 89 12, 166 10, 186 2.77419
ED737CT 21 28 33542.3 170 15, 167 15, 184 13, 166 8, 122 11, 96 13, 95 6.17895
BN687CF 20 21 33545 110 12, 87 11.6552
NE255WT 13 21 33554.5 98 5, 133 13, 173 14, 171 5, 186 5, 110 13, 168 10, 147 9, 133 12, 130 7.99231
RK802AJ 3 27 33557.3 85 14, 97 11, 167 5, 129 15, 146 12, 156 11, 115 15, 148 5, 151 15, 164 14, 176 14, 124 7, 110 10, 118 11, 117 7, 148 11, 92 10, 153 6, 84 6, 106 7, 140 6, 150 7, 103 14, 83 15, 155 8, 123 10, 128 15, 170 12, 122 5, 177 3.87006
GZ846RH 12 19 33566.6 182 6, 168 7, 178 6, 115 5, 187 15, 98 6, 86 15, 93 7, 80 7, 120 3.39167
FJ682SN 22 29 33568.9 140 12, 82 13, 178 12, 124 14, 147 6, 83 11, 182 5, 85 14, 156 8.6859
FY041HW 5 18 33572.2 189 14, 118 9, 164 6, 134 12, 170 15, 92 11, 89 6, 105 7, 175 12, 130 10, 164 6, 111 13, 102 11, 165 7, 190 4.45789
BC219VK 2 20 33576.4 185 8, 81 12, 98 7, 189 11, 154 10, 128 9, 121 8, 95 5, 130 6, 133 9, 185 13, 101 10, 133 7, 96 5, 85 7, 88 13, 182 9, 90 7, 158 14, 121 14, 110 11, 118 12, 143 8.22378
WA942LH 18 20 33579.2 121 14, 124 5, 104 6.07692
CS871YV 3 5 33588.3 150 11, 187 3.75401
TC861VX 6 24 33593.6 119 10, 180 6, 140 9, 131 12, 168 14, 149 11, 102 14, 93 5, 165 6, 139 7, 159 8, 136 7, 80 12, 152 15, 86 7, 112 7, 138 12, 132 11, 91 13, 181 11, 88 10, 159 3.45283
SH810KN 24 26 33599 132 8, 95 12, 126 8, 129 9, 110 1.33636
JC201PP 22 26 33608.9 123 15, 165 11, 82 7, 101 7, 187 9, 120 11, 180 4.6
XE628HE 26 27 33611.4 100 7, 135 7.65926
AS983TF 7 28 33619.8 152 9, 124 11, 104 14, 190 9, 128 6, 177 9, 95 15, 98 15, 154 5, 108 8, 158 7, 121 12, 138 6, 136 10, 182 8, 91 7, 103 12, 93 11, 112 6, 96 5, 180 7, 180 7, 166 9, 178 7, 166 7, 143 5, 111 14, 178 8.79213
PN380PC 28 29 33624.2 108 7.22222
ZD249KR 19 25 33632.6 179 11, 121 7, 108 5, 132 14, 165 15, 99 13, 108 13, 173 8.55491
PY167FG 26 27 33635.7 94 11, 106 6.60377
CD944CL 3 24 33642.6 134 5, 95 6, 143 10, 149 9, 148 12, 119 5, 154 8, 163 6, 146 6, 95 8, 106 14, 148 7, 87 6, 138 7, 158 10, 170 11, 184 9, 173 12, 93 10, 107 10, 178 6, 181 11, 90 8, 96 9, 186 11, 165 14, 83 5, 89 0.0674157
KY490VN 15 28 33649.9 122 14, 148 12, 165 13, 172 13, 188 8, 101 11, 179 6, 189 9, 123 14, 92 15, 133 7, 156 14, 126 5, 85 11, 127 5.4252
LJ363BG 28 29 33653.6 160 4.875
NN728TK 2 28 33656.5 148 8, 81 7, 136 5, 122 5, 158 7, 124 7, 143 7, 97 15, 97 15, 165 11, 162 9, 94 15, 163 10, 92 7, 117 9, 142 10, 118 6, 188 14, 90 6, 158 5, 171 7, 82 13, 92 5, 182 7, 93 10, 94 11, 171 6, 92 11, 107 5, 146 15, 118 15, 153 10, 140 11, 169 8, 89 12, 138 8.30435
WL051FR 25 27 33658.7 94 14, 148 14, 128 5.73438
WF620JE 24 25 33665 160 13, 84 0.52381
CR159BX 28 29 33670.5 156 5
GD892RV 8 9 33676.3 139 6.51799
CC851WA 25 27 33683.2 139 5, 122 7, 111 13, 172 6.56977
JM270NG 12 14 33690.1 169 10, 120 14, 91 8.1978
WZ894AJ 21 25 33696.4 112 12, 89 11, 120 12, 115 7, 180 13, 116 2.93103
EB814GC 25 29 33705.3 137 15, 175 8, 109 10, 113 8.30973
CM376VG 13 25 33709.5 98 15, 165 6, 129 8, 91 12, 111 14, 90 12, 97 9, 134 5, 153 7, 147 11, 121 10, 140 15, 167 11, 84 12, 151 12, 99 12, 119 1.15966
WL153KS 17 21 33719.5 85 10, 108 12, 139 9, 169 15, 147 5, 144 3.32639
MF763TJ 25 27 33722.6 80 15, 149 9, 161 5, 161 4.81988
KD933VT 16 22 33728.7 87 7, 142 12, 170 8, 117 14, 95 10, 101 6, 176 10, 166 1.95783
TZ487VZ 13 20 33737.9 143 8, 131 10, 170 8, 150 11, 134 10, 187 12, 142 8, 111 8.79279
XR994ZA 25 29 33743.9 180 15, 178 10, 121 8.29752
WV019WT 4 25 33748.6 169 14, 89 6, 137 15, 182 6, 116 9, 169 7, 131 10, 147 6, 87 6, 168 12, 145 6, 155 14, 83 13, 140 10, 148 11, 106 11, 124 7, 98 10, 135 8, 187 14, 160 6, 81 14, 168 15, 175 11.2057
FT203RP 8 27 33749.2 102 12, 94 10, 105 15, 84 13, 171 6, 177 12, 181 8, 154 6, 184 7, 152 12, 104 13, 182 9, 84 15, 184 12, 174 15, 87 7, 155 15, 166 15, 182 12, 85 4.05882
JW199VA 27 29 33754.8 173 5, 139 3.57554
DA506ZG 22 24 33757.7 82 14, 166 12, 87 12, 98 0.77551
DD473PY 23 26 33758.7 147 8, 130 11, 163 5, 88 9, 99 5, 161 11.5652
TG068SR 19 20 33764.3 175 12, 125 1.344
TN515ZL 11 18 33772.6 186 6, 137 11, 108 15, 142 14, 115 14, 102 8, 102 9, 128 6, 106 0.235849
YA853TG 27 29 33773.6 87 5, 114 5, 181 1.97238
NK829GE 11 18 33776.4 124 5, 134 12, 147 13, 167 11, 109 9, 177 9, 119 6, 150 7.36
BC212SY 21 24 33781.1 188 5, 112 11, 124 7, 86 12, 84 5, 182 3.47253
VB685ST 6 20 33784.8 98 12, 144 11, 141 10, 81 5, 153 6, 141 11, 103 13, 170 11, 93 14, 187 6, 85 9, 110 13, 130 9, 133 7, 148 6, 165 13.2788
HX660VJ 3 5 33786.6 85 12, 102 13.0588
AF191FV 14 26 33790.5 185 13, 118 5, 135 13, 127 15, 105 12, 131 13, 172 11, 95 11, 132 15, 124 10, 165 13, 154 11, 186 3.87097
FT234KC 3 24 33798.7 167 15, 182 9, 133 15, 135 7, 127 7, 81 7, 180 7, 172 5, 129 7, 121 7, 117 11, 113 7, 163 12, 145 13, 84 12, 168 10, 81 7, 190 6, 147 12, 95 6, 138 12, 119 6, 115 5, 95 11, 126 10, 154 5, 162 8, 187 2.48663
RD606JK 11 13 33801.2 174 12.3793
VT513HC 13 26 33803.2 120 6, 174 13, 132 6, 173 12, 186 15, 147 6, 183 10, 124 8, 165 5, 84 13, 111 9, 171 10, 82 15, 120 14, 174 14, 187 4.35294
WA143PH 11 20 33811.8 152 9, 128 15, 93 10, 173 11, 176 11, 139 9, 134 14, 114 7, 97 9, 120 3.825
DD125TW 19 24 33814.5 171 7, 157 9, 111 13, 136 7, 82 8, 90 11, 132 12, 170 8.77059
RF213KY 3 6 33821 107 13, 150 9, 158 9, 81 6, 126 5.38889
PE004AK 27 29 33825.5 141 7, 144 2.60417
VP211ZM 3 10 33829.2 135 6, 161 15, 100 14, 112 6, 100 7, 176 8, 179 5, 178 15, 158 2.41772
LZ087DD 27 28 33836.5 153 3.80392
HR113MS 7 23 33841.5 98 11, 170 10, 160 11, 131 10, 175 10, 151 11, 112 14, 87 14, 82 15, 147 7, 163 15, 109 9, 162 6, 166 9, 141 8, 84 6, 140 13, 185 4.10811
ZG160BM 1 11 33843.8 105 11, 160 14, 143 12, 187 12, 120 6, 174 15, 153 7, 88 14, 127 15, 132 3.7197
JH013CF 13 25 33852.1 127 8, 84 13, 165 7, 176 6, 187 13, 97 8, 137 8, 132 14, 125 9, 102 5, 179 6, 173 10, 111 15, 134 14, 173 13, 181 0.237569
YG793DN 18 25 33859.8 173 11, 133 11, 90 5, 146 5, 101 14, 144 12, 119 5, 96 11, 151 7, 85 11, 147 8, 102 0.205882
GL751LP 4 14 33867.1 132 13, 174 6, 131 9, 129 14, 95 8, 103 5, 133 9, 92 14, 90 8, 180 15, 153 14, 157 2.70701
LX147NS 1 7 33868 177 9, 179 11, 81 14, 146 7, 130 6, 114 6, 143 12, 175 4.52571
TB965LA 15 23 33877.8 98 9, 138 6, 158 8, 162 13, 80 6, 147 5, 147 12, 97 12, 89 8, 182 5, 176 10, 139 1.69065
HT835ZG 8 10 33883.6 170 12, 161 4.43478
PV133ZH 28 29 33889.2 178 4.38202
HC966NR 13 14 33892.4 177 12, 153 4.39216
HJ451WM 28 29 33895.4 164 4.7561
LA428FC 28 29 33900.4 183 4.2623
VG436ZT 3 24 33903.7 183 8, 136 12, 80 15, 130 13, 105 7, 152 5, 93 13, 150 10, 173 14, 190 7, 127 8, 174 9, 156 7, 177 7, 139 14, 175 8, 183 5, 103 6, 190 14, 114 14, 163 6, 91 6, 178 13, 175 5.77143
ZM968EJ 28 29 33912.7 133 5.86466
FW133GD 22 29 33915.6 112 7, 184 9, 139 7, 175 8, 113 5, 123 11, 108 12, 104 14, 111 7, 161 9, 147 1.08163
FZ088BM 19 20 33921.4 109 15, 129 4.90698
GX154DJ 17 29 33931.3 163 12, 98 10, 121 7, 96 8, 87 13, 178 14, 180 8, 133 13, 160 9, 180 7, 117 15, 148 8, 113 9, 104 9, 128 7.36719
FZ425WE 24 27 33932.1 92 11, 123 13, 128 10, 102 12, 91 12, 157 0.248408
BB156VS 6 18 33934.9 149 5, 151 7, 123 15, 178 7, 180 13, 84 5, 159 5, 97 11, 172 7, 183 12, 99 12, 132 14, 169 6.83432
YY791DR 28 29 33940.2 187 4.17112
YD471DS 15 23 33941.8 123 14, 85 15, 89 13, 166 12, 182 15, 139 12, 165 13.9152
XN485ZX 6 23 33942.5 166 8, 172 12, 186 8, 125 9, 120 11, 133 13, 170 10, 146 15, 171 11, 174 13, 148 12, 106 5, 171 12, 172 6, 148 10, 141 10.6028
YW387WA 7 25 33948.5 114 9, 184 13, 116 14, 86 15, 174 9, 105 12, 145 13, 133 10, 131 8, 176 12, 164 5, 190 7, 148 12, 154 8, 86 12, 143 7, 170 8, 157 9, 189 12, 190 4.34211
PK734XZ 13 19 33950.7 151 13, 188 14, 107 13, 185 9, 126 7, 123 2.9187
MS771KN 26 28 33952.8 158 5, 91 10, 119 5.17647
DV517LV 9 29 33959.5 80 5, 113 6, 116 10, 116 15, 186 12, 94 7, 133 11, 108 8, 84 11, 190 12, 91 7, 151 5, 134 12, 131 13, 106 7, 108 6, 106 11, 88 7, 185 11, 159 15, 90 8, 167 7, 112 10, 173 15, 102 6.31373
VF124AF 23 28 33961.2 110 8, 136 14, 162 5, 90 10, 101 13, 155 8, 95 9, 148 6.64865
MV679DD 2 14 33962.3 100 6, 121 7, 175 6, 90 6, 180 14, 149 14, 98 7, 145 14, 108 9, 178 9, 188 5, 148 10, 161 12, 81 10, 110 7, 110 5.82727
TN426YH 12 28 33966.5 127 13, 158 10, 90 14, 137 5, 123 7, 107 8, 107 12, 109 14, 183 13, 92 10, 155 12, 172 15, 190 8, 106 13, 181 9, 148 10, 159 10, 95 9, 180 4.84444
HV296PJ 5 7 33975.3 104 13, 131 7, 85 9, 96 10.2708
YJ277LN 1 14 33979.7 163 14, 127 11, 91 9, 97 8, 179 5, 150 14, 110 6, 110 5, 159 9, 145 14, 141 13, 136 7, 145 15, 129 15, 123 4.05691
LJ645CR 4 7 33980.5 187 13, 174 8, 182 5.63187
CJ871TM 28 29 33983.6 147 5.30612
LA925CC 25 26 33992.1 114 9, 131 10.3969
SY364NE 4 27 33993.7 174 5, 116 9, 171 9, 113 12, 173 11, 88 7, 178 9, 135 13, 80 12, 139 8, 129 14, 164 14, 131 12, 130 12, 165 14, 146 15, 140 12, 111 7, 111 11, 133 11, 178 7, 134 11, 83 13, 168 9, 126 11, 102 10, 162 1.30247
SY798YW 21 28 33999.7 165 5, 94 5, 89 7, 189 10, 87 8, 155 5, 184 10, 122 8, 168 8, 186 13.5108
BZ085FL 11 27 34001.2 104 11, 89 5, 124 11, 85 9, 153 11, 162 7, 173 13, 162 6, 110 10, 134 5, 153 8, 83 8, 84 11, 132 12, 158 8, 131 15, 149 9, 131 14, 113 8, 127 7, 104 10, 111 13, 148 2.81081
GY465FN 26 28 34005.2 148 8, 103 7, 146 2.81507
AF553XN 20 29 34012.6 119 8, 158 5, 111 12, 138 10, 145 9, 83 8, 162 8, 119 14, 146 11, 167 10, 152 8, 167 7, 189 0.10582
GA456ND 12 25 34018.5 116 15, 179 6, 143 14, 94 13, 168 10, 152 10, 153 13, 84 6, 130 13, 139 11, 183 10, 157 12, 100 6, 166 12, 96 6, 184 1.25
RN080PS 14 15 34026.1 97 9.52577
GV548GY 22 26 34033 189 14, 117 12, 154 6, 97 13, 135 7, 81 15, 143 2.63636
CA259BR 19 21 34041.2 161 9, 86 10, 177 10, 157 3.33121
XE769CS 22 24 34048.6 97 10, 148 9, 180 6, 182 4.82418
AF898MC 12 22 34057 173 8, 108 5, 128 12, 136 11, 128 14, 84 11, 149 14, 179 13, 124 14, 120 9, 185 4.2
PA283PG 15 24 34065.2 146 10, 94 7, 177 12, 84 12, 97 6, 81 7, 88 7, 171 12, 110 5, 123 11, 91 7, 156 14, 157 7.05096
CF244JY 18 27 34070.5 156 7, 186 7, 148 8, 175 8, 186 11, 146 15, 190 7, 169 6, 165 9, 160 5, 170 6, 130 12, 113 2.00885
WB923VT 10 25 34072.5 92 10, 177 9, 111 10, 176 10, 95 6, 179 10, 98 7, 80 9, 181 6, 91 8, 94 14, 129 13, 121 13, 135 12, 129 7, 174 13, 117 14, 126 8, 110 5, 96 1.04167
EV190KH 17 22 34076.4 182 12, 91 11, 120 15, 92 9, 146 13, 132 2.26515
PA294LX 6 27 34085 144 14, 86 6, 140 12, 180 9, 94 5, 188 14, 89 12, 100 6, 130 12, 160 11, 104 13, 163 5, 94 6, 114 11, 160 9, 96 14, 143 6, 190 6, 109 10, 134 15, 164 9, 121 5, 122 15, 120 5, 131 13, 115 6, 101 10.5248
XL788ZZ 2 15 34091.8 144 9, 182 15, 126 10, 174 9, 166 12, 128 6, 114 5, 120 10, 85 9, 88 5, 137 13, 85 6, 160 8, 93 12, 131 15, 173 6.88439
YJ468BS 1 26 34094.3 181 7, 147 12, 181 9, 160 7, 134 11, 96 7, 144 13, 152 6, 119 11, 164 6, 114 15, 138 15, 95 6, 82 13, 115 6, 179 13, 188 7, 85 14, 181 12, 151 8, 91 6, 108 5, 177 15, 176 15, 107 8, 107 8, 128 6, 185 6, 178 8, 169 7, 101 7.60396
MY054LH 25 27 34099.5 86 15, 128 7, 120 15, 85 1.6
XX545TT 18 24 34107.9 140 12, 189 15, 182 12, 158 11, 144 7, 95 10.0947
DS537WC 17 29 34114.5 180 8, 129 12, 118 6, 174 14, 104 15, 129 13, 83 11, 153 10, 106 14, 115 9, 139 7, 181 12, 99 11, 143 9.18182
CT349ZM 21 28 34120.3 99 13, 80 15, 190 7, 114 13, 155 7, 180 10, 95 15, 120 15, 188 2.8883
FM089YE 1 21 34122.5 80 10, 103 7, 124 13, 175 13, 133 5, 104 15, 138 7, 169 9, 160 12, 108 8, 124 7, 143 6, 86 9, 153 9, 125 7, 151 7, 172 6, 114 7, 106 7, 95 9, 190 7, 165 15, 169 12, 177 8, 123 7, 180 4.34444
KV943RM 7 11 34131.7 161 15, 155 6, 172 9, 123 6.5122
FH186JA 28 29 34134.4 157 4.96815
HK700MB 10 26 34139 86 12, 100 15, 89 5, 123 6, 145 6, 82 12, 140 7, 84 9, 182 13, 158 7, 102 14, 156 9, 114 14, 153 11, 86 12, 144 14, 133 9, 113 7, 173 6, 172 10, 190 6, 131 1.34351
ZX690VF 25 29 34141.4 114 14, 189 5, 103 14, 158 5, 121 5.87603
LH046ER 4 7 34148.5 109 12, 85 15, 99 9, 178 7.7191
BF583JG 11 12 34153.6 188 4.43617
MW030VF 3 27 34163.1 189 6, 115 5, 164 7, 143 6, 174 5, 182 11, 103 11, 178 15, 151 15, 96 15, 134 10, 118 13, 142 14, 149 11, 166 5, 170 12, 172 5, 162 10, 137 11, 131 13, 114 11, 120 8, 181 13, 87 12, 135 11, 165 14, 141 3.70213
WT301CE 5 25 34171.6 143 13, 176 6, 103 5, 174 11, 85 8, 139 12, 108 6, 152 15, 123 6, 96 7, 109 11, 106 8, 176 5, 91 9, 138 9, 124 14, 112 6, 88 13, 120 6, 165 6, 172 10, 143 6, 94 15, 135 12, 149 10, 167 15, 162 4.48765
FY666FZ 24 27 34173 136 11, 186 7, 90 9, 150 9, 91 7, 102 6.38235
HH915WV 15 16 34176.3 80 6, 153 6, 82 3.5122
PF439VK 23 24 34178.2 162 5, 111 6, 148 3.93243
KD402NT 14 22 34180.7 119 10, 164 6, 181 5, 150 9, 91 7, 102 11, 173 9, 103 8, 168 6, 86 5, 169 9.20118
LP338WH 8 15 34185.3 171 12, 177 13, 186 7, 150 10, 168 9, 149 4.5302
FH412KV 26 29 34190.1 144 13, 130 9.41538
KJ271ZH 21 29 34198.1 159 14, 98 5, 184 8, 127 10, 95 14, 142 11, 167 14, 185 11.0486
HS101AV 20 27 34200.8 163 5, 130 15, 129 13, 183 5, 158 8, 174 7, 174 8, 142 15, 124 9, 131 9.36641
YT773GF 21 24 34205 173 8, 154 7, 121 15, 165 5.13333
PA277SG 3 29 34209.1 99 15, 134 8, 124 9, 85 8, 132 10, 128 8, 163 14, 120 14, 94 12, 179 10, 157 11, 94 5, 183 9, 143 5, 172 12, 82 8, 125 10, 182 6, 143 9, 147 15, 148 13, 108 6, 168 10, 110 12, 132 12, 117 12, 82 5, 185 8, 87 7, 161 13, 123 4.91057
PS871PA 23 24 34211.7 182 11.3077
BG418DC 16 27 34220.4 187 15, 161 8, 177 13, 166 14, 186 7, 144 5, 172 5, 119 10, 110 7, 168 13, 183 9, 135 7, 176 6.375
LP723VF 27 28 34227.3 141 4.12766
ZL214DN 21 23 34235.8 138 15, 169 5.89349
SH688VS 15 20 34244.4 169 12, 167 11, 120 11, 156 10, 156 4.45513
SG421AD 8 11 34252.7 181 15, 183 4.11475
GY015HN 27 28 34258.5 106 5.49057
TE332FK 23 27 34263.4 121 5, 123 6, 109 9, 98 11, 187 6, 134 10, 181 10, 136 4.63235
YG856WW 2 12 34267.2 94 14, 184 13, 187 12, 184 5, 168 10, 126 9, 151 11, 151 10, 178 6, 161 9.09938
BV633RG 23 29 34271.7 121 10, 154 12, 154 6, 95 11, 175 7, 173 8, 90 12, 129 7.36434
WL079BB 3 16 34274.5 161 7, 147 6, 149 10, 187 11, 137 7, 120 15, 133 12, 173 13, 162 10, 92 14, 157 6, 119 5, 153 7, 156 9, 108 5.05556
MV687EY 6 18 34278.2 128 14, 92 14, 189 10, 105 10, 186 13, 176 13, 140 14, 130 6, 105 7, 129 15, 131 7, 148 0.358108
GZ197DE 27 29 34281.6 174 7.82759
BB643FZ 14 26 34290.2 137 14, 116 14, 165 12, 150 8, 116 8, 182 15, 112 14, 190 12, 131 6, 150 5, 120 11, 188 12, 180 5.52222
BE061KV 10 11 34292.5 85 8.4
HH759AF 1 25 34301.9 81 14, 169 13, 169 15, 166 11, 189 5, 109 12, 137 9, 181 9, 144 9, 146 9, 176 10, 120 12, 158 15, 126 11, 160 6, 131 13, 149 9, 132 10, 80 6, 187 8, 132 6, 109 8, 91 15, 117 11, 173 6, 140 14, 129 10.0233
MW985AK 18 25 34310.2 141 10, 186 5, 100 15, 130 7, 128 13, 165 15, 134 11, 110 11, 125 7.64
YT960KV 15 19 34317.9 91 8, 142 8, 177 8, 145 12, 126 1.20635
BK344EP 25 26 34326.8 165 14, 146 0.534247
YK501RR 21 26 34333.9 111 6, 114 8, 117 15, 100 11, 139 6, 98 6, 162 11, 186 7, 94 7, 174 0.224138
HD121SE 19 22 34335.8 116 11, 180 12, 189 5, 167 6.49701
RB059RN 23 26 34337.9 160 8, 190 6, 125 12, 122 5, 167 12, 167 0.215569
PH667RN 12 14 34338.7 121 6, 112 8, 164 10, 172 4.96512
RM522CN 9 17 34339.3 131 10, 158 5, 114 11, 119 11, 87 5, 89 8, 156 13, 180 15, 118 4.45763
VV899ZV 6 22 34348 112 14, 155 5, 170 14, 106 12, 99 15, 87 10, 148 7, 114 14, 130 8, 186 10, 94 10, 84 12, 116 8, 91 11, 159 8, 106 15, 94 9, 144 12.3819
JL030DJ 23 28 34353.6 185 5, 161 11, 96 5, 119 13, 122 6, 115 13, 185 10.4649
NG485GX 8 19 34362.9 112 8, 141 9, 126 6, 161 15, 176 15, 150 7, 179 6, 94 14, 146 15, 179 5.07263
FT098FP 7 12 34367.2 152 6, 139 12, 147 14, 138 7, 131 7.05344
ZB187YM 22 25 34369 107 5, 116 8, 158 7, 152 9, 143 5, 98 6, 163 5, 152 2.16447
EE165CD 3 19 34373.4 168 13, 181 15, 132 6, 102 12, 148 14, 127 9, 101 6, 86 6, 106 13, 179 9, 98 9, 121 15, 184 10, 177 11, 103 7, 88 5, 116 9, 156 1.16667
VN217LD 10 13 34374.2 147 13, 92 10.4022
XS433YF 4 27 34383.3 112 10, 141 11, 170 12, 118 15, 84 11, 137 7, 172 12, 168 5, 103 11, 94 12, 136 15, 91 13, 126 9, 122 10, 133 7, 135 6, 137 10, 104 10, 127 8, 91 7, 178 15, 151 13, 89 9, 148 10, 85 9, 146 12, 83 10, 86 9, 94 6, 143 7.34965
PR197XL 2 20 34388.3 107 10, 93 6, 137 12, 140 7, 82 5, 167 14, 166 9, 175 7, 170 13, 167 7, 168 10, 133 9, 94 13, 170 13, 144 11, 189 12, 88 10, 99 10, 130 15, 116 6.81897
HK729TV 22 29 34395.3 87 15, 181 13, 157 7, 83 11, 188 13, 176 11, 166 10.9518
AC746GG 25 27 34401.7 124 10, 136 9, 142 5, 189 5.01587
AV597HY 3 27 34405.6 141 15, 123 12, 150 7, 107 9, 114 11, 131 11, 144 6, 171 10, 162 14, 141 5, 89 7, 139 6, 98 13, 98 12, 138 10, 186 12, 102 13, 134 15, 157 10, 86 6, 127 7, 99 6, 131 5, 156 14, 174 13, 134 5, 96 9, 186 11, 118 6, 100 14, 121 0.206612
XV671RR 2 22 34414.9 109 13, 137 15, 151 15, 93 6, 116 14, 159 6, 90 12, 174 7, 180 13, 143 7, 165 5, 123 14, 119 14, 109 15, 160 12, 115 13, 111 11, 96 10, 110 12, 115 13, 92 9, 97 9, 86 6.93023
WD491YA 14 15 34417.2 114 8.10526
KA904EP 11 23 34419.8 141 12, 130 15, 163 8, 122 10, 189 11, 160 6, 180 8, 152 11, 118 14, 81 13, 138 7, 111 11, 149 6, 184 3.32065
XB928MH 14 28 34424.7 103 15, 108 9, 118 15, 123 14, 94 15, 189 5, 135 5, 113 14, 106 7, 125 14, 143 10, 121 5, 137 7, 104 14, 85 14, 184 7, 130 12, 88 9, 175 1.46857
FP302WJ 27 29 34428.3 94 6, 172 4.63953
MT846EG 4 9 34430.7 159 7, 120 14, 111 5, 187 13, 81 8, 126 5, 97 6, 117 2.91453
FV237TY 17 21 34439.4 139 10, 160 6, 100 11, 125 8, 80 13, 138 12
HK991JN 14 25 34442.1 86 14, 144 11, 123 8, 150 9, 160 11, 95 9, 97 13, 83 10, 156 10, 88 13, 112 15, 122 15, 154 8, 143 4.6993
JP717TK 12 25 34450 155 14, 119 13, 103 7, 187 15, 159 15, 88 9, 136 15, 89 15, 164 11, 162 14, 131 9, 86 7, 172 6, 152 9.09211
ME206TZ 21 26 34458.9 93 12, 169 15, 154 6, 84 6, 149 7, 132 15, 161 9.52795
SM604HV 2 16 34462.3 148 6, 97 9, 91 8, 97 13, 173 15, 134 10, 108 7, 85 10, 89 14, 182 6, 176 10, 143 12, 139 10, 103 6, 141 7, 108 12, 142 9, 168 8.58333
EA561GV 12 15 34470.9 95 10, 83 7, 119 7, 120 13, 187 5.96791
BN674KR 5 16 34480.9 154 12, 121 12, 172 9, 128 12, 122 7, 89 12, 138 12, 177 10, 101 13, 158 13, 149 7, 161 7.03106
YT873PD 15 26 34489.9 159 11, 146 12, 108 13, 156 15, 186 11, 153 5, 85 5, 183 5, 140 6, 134 14, 187 11, 87 12, 123 12, 87 7, 88 1.27273
FN818XX 26 29 34499.4 176 11, 80 10, 81 4.44444
LD969WH 25 29 34505.7 122 13, 142 14, 112 12, 111 5.0991
AA385RE 7 20 34512.7 110 10, 172 9, 159 7, 84 5, 189 13, 143 9, 190 6, 165 9, 128 6, 112 7, 80 11, 122 14, 86 5, 169 14, 136 5, 161 5.22981
DH007CC 14 15 34519.3 84 9, 92 1.82609
HE022WT 26 27 34527.5 131 8, 152 4.51316
LK109SX 4 10 34535.6 171 6, 148 5, 161 8, 129 15, 99 12, 130 7, 188 10, 85 10.1294
JC080KH 3 9 34536.2 138 12, 154 9, 150 10, 165 15, 138 15, 185 2.25405
KZ187SY 24 29 34540 120 6, 81 12, 161 7, 130 8, 185 10, 161 11.795
ES347XA 19 22 34545.3 121 11, 173 12, 117 14, 140 3.00714
MP717TC 16 27 34554.4 190 11, 138 10, 88 10, 119 12, 162 5, 174 12, 97 5, 132 13, 111 9, 81 14, 109 10, 152 7, 80 14, 110 15, 181 8.41989
KL727FE 1 5 34560.2 136 14, 98 13, 178 10, 98 7.26531
RF284NH 28 29 34566.8 136 5.73529
GT305TR 1 11 34573.6 180 10, 110 6, 101 12, 129 9, 140 11, 156 5, 161 9, 179 14, 161 11, 136 7, 155 10, 112 0.0267857
PX006LS 17 27 34580.3 119 9, 119 5, 176 14, 118 13, 170 5, 99 6, 143 13, 167 5, 128 9, 167 5, 86 5, 82 13, 104 6, 128 6, 126 6, 146 10, 95 7, 109 8.78899
PN081YG 14 23 34582.4 107 8, 164 14, 109 5, 120 13, 179 13, 162 9, 141 8, 148 9, 89 12, 188 6.35106
TG946RS 19 24 34590.3 93 7, 182 6, 166 11, 80 8, 125 12, 178 8, 178 6, 91 12, 82 5.28049
JT161FZ 6 26 34594.8 112 10, 159 8, 158 8, 80 7, 147 7, 155 14, 106 5, 148 9, 172 15, 135 15, 81 15, 165 14, 116 8, 125 13, 172 10, 98 11, 83 15, 168 12, 185 12, 163 11, 169 11.7751
VS874HT 26 28 34595.9 189 10, 150 2.84
RT445HX 16 27 34598.6 164 14, 98 5, 170 10, 117 7, 116 13, 101 7, 156 11, 138 8, 95 12, 122 8, 81 6, 124 15, 163 6, 80 5, 181 14, 154 4.83117
MJ946KP 1 22 34602.1 113 11, 167 10, 187 9, 113 15, 152 5, 168 12, 81 11, 148 12, 148 6, 91 6, 87 14, 123 9, 160 10, 175 6, 170 7, 109 6, 116 13, 98 12, 186 15, 95 6, 154 8, 93 7, 183 14, 140 9, 112 1.42857
JA822WV 7 10 34611.7 82 13, 132 9, 148 5, 162 12.2593
DG858TE 20 24 34620.9 164 15, 157 9, 103 14, 163 10, 126 4.07143
FJ467CJ 24 28 34626 136 7, 86 14, 166 11, 150 14, 81 7, 159 1.12579
AV188SF 21 29 34630.3 142 13, 109 11, 162 12, 126 15, 159 15, 85 7, 105 6, 113 11, 153 6.53595
FZ341DN 19 26 34639.4 168 9, 169 10, 137 10, 98 6, 88 15, 179 9, 184 13, 143 12, 136 5, 184 7.38587
LE408AY 5 27 34640.5 122 11, 182 15, 85 5, 143 9, 139 7, 106 12, 109 15, 88 9, 95 5, 182 10, 139 7, 90 5, 141 9, 190 6, 99 8, 171 6, 185 6, 103 8, 97 6, 129 5, 150 11, 170 5, 109 11, 146 14, 171 12, 154 9, 93 15, 140 8, 184 12, 113 11.2035
ZK056VA 23 29 34650.3 111 11, 96 12, 100 11, 130 14, 125 9, 158 12, 103 12, 99 1.17172
BA483LW 8 25 34657.2 90 5, 82 12, 84 7, 152 13, 144 11, 143 10, 129 7, 149 13, 92 11, 106 8, 124 13, 100 12, 102 14, 174 14, 110 5, 142 13, 137 14, 181 14, 170 6.63529
RT871EN 8 19 34659.8 189 5, 83 15, 91 7, 97 11, 185 11, 166 15, 130 12, 120 15, 83 12, 131 10, 128 3.35156
FA665LE 4 20 34661.9 179 6, 95 10, 151 11, 176 12, 155 14, 115 9, 159 7, 188 9, 127 8, 158 11, 179 14, 169 12, 99 9, 176 13, 126 12.5556
JH227CR 12 19 34671 143 12, 133 12, 160 11, 180 12, 116 12, 138 5, 95 9.45263
MH430LT 26 29 34675.1 83 11, 158 8, 97 9.47423
PT098PC 6 21 34682.7 139 15, 169 6, 147 6, 159 13, 149 9, 97 13, 174 14, 118 15, 94 14, 161 5, 95 15, 136 9, 124 15, 81 13, 175 8, 177 2.52542
EM030XH 19 24 34691.4 94 12, 145 12, 149 5, 189 11, 128 11, 102 5, 143 8, 153 6.35294
HT636SB 21 27 34701.4 97 9, 136 5, 105 9, 188 5, 141 14, 179 7, 158 11, 86 9, 104 8, 80 10, 142 3.9507
RK879EZ 7 25 34707.9 100 9, 146 15, 166 8, 135 10, 95 7, 87 10, 147 9, 154 10, 155 14, 111 9, 147 13, 170 15, 173 12, 163 14, 159 5, 143 14, 136 8, 106 13, 103 11.3883
AV821JA 6 16 34715 181 8, 114 14, 163 6, 87 9, 130 11, 160 5, 113 7, 120 11, 177 14, 111 9, 110 14, 175 0.771429
CM221PS 1 21 34720.3 148 7, 188 12, 91 10, 109 11, 135 5, 92 7, 89 5, 175 14, 97 5, 98 6, 129 8, 115 14, 126 15, 165 8, 172 9, 113 6, 98 9, 179 8, 160 9, 99 9, 100 5, 99 14, 189 13, 81 7, 182 10, 112 7.95536
MD783CN 28 29 34721.4 173 4.50867
KD620ED 19 21 34729.6 160 5, 187 12, 143 10.8951
FD575EW 20 21 34734.2 187 10, 182 2.54945
BH245MW 18 19 34742.9 154 4.4026
EC586NT 9 16 34750.1 122 10, 100 9, 122 14, 132 10, 118 5, 155 8, 187 13, 133 5.3609
TC222YW 4 16 34759.7 129 12, 156 12, 151 7, 175 10, 144 5, 87 11, 157 12, 123 15, 159 7, 93 5, 81 11, 186 14, 95 14, 98 0.673469
LM138JT 6 14 34763.8 180 11, 128 9, 96 10, 97 9, 120 14, 133 12, 132 14, 171 7, 183 2.19672
NF334YX 25 29 34764.5 125 10, 99 12, 118 14, 186 5, 189 2.45503
KB396EX 25 28 34767.3 176 14, 85 14, 133 5, 179 2.15084
WM109CY 14 22 34775.5 190 7, 140 11, 146 6, 110 9, 160 12, 122 14, 171 7, 142 12, 112 2.65179
BS753FD 19 28 34784.5 160 6, 100 12, 147 14, 171 12, 117 5, 114 11, 93 9, 172 11, 103 7, 169 7, 118 7, 145 11, 90 6, 132 6.44697
ZT616XJ 21 23 34787.2 129 12, 152 9.98684
BP808TT 4 22 34788.7 139 13, 85 6, 128 8, 160 7, 150 11, 188 10, 111 15, 83 5, 120 9, 154 15, 122 12, 189 9, 85 15, 129 9, 155 10, 184 12, 121 11, 114 12, 109 14, 190 0.0473684
VC415LB 18 25 34791.8 120 15, 167 14, 155 8, 174 7, 83 15, 178 11, 187 11, 104 6.46154
EG550DL 9 22 34799 177 9, 142 11, 86 9, 128 14, 121 7, 182 13, 188 10, 110 9, 183 7, 129 15, 131 11, 149 14, 98 5.37755
LN639TN 3 21 34800.3 173 8, 123 15, 86 15, 169 14, 114 12, 85 10, 185 13, 156 15, 156 10, 160 5, 177 11, 147 13, 142 15, 163 6, 135 15, 152 9, 182 6.3022
WL433GX 5 19 34802.3 111 5, 110 5, 162 5, 182 8, 163 10, 166 5, 147 7, 154 6, 147 5, 167 14, 163 9, 171 13, 136 14, 182 8, 139 13, 131 7.98473
RD642CS 3 23 34807.4 181 9, 126 6, 93 14, 186 12, 99 7, 146 8, 175 14, 85 9, 127 12, 184 8, 123 10, 84 13, 82 8, 185 8, 171 14, 167 14, 112 15, 166 9, 164 14, 142 14.993
SE868FA 25 29 34811.5 126 5, 170 14, 134 14, 82 5, 155 1.2129
MK729WH 1 20 34813.5 131 6, 167 5, 90 13, 160 6, 152 12, 104 15, 186 15, 143 12, 159 6, 106 14, 169 10, 135 12, 83 15, 112 12, 83 12, 81 12, 93 13, 183 9, 171 8, 88 11, 105 14.8571
ZC561AX 23 27 34815.3 109 11, 82 6, 80 7, 101 8, 148 5, 111 7, 171 8, 98 10, 132 10.4545
GC440NN 19 20 34816.2 124 13, 159 4.12579
EC743AA 11 26 34825.8 109 15, 157 6, 135 9, 152 8, 89 8, 147 9, 137 14, 108 7, 137 11, 157 10, 124 13, 187 12, 91 5, 127 13, 145 9, 159 7, 97 7, 108 5, 123 13, 164 6, 82 3.7561
XL325XB 10 19 34827.2 190 6, 83 8, 143 8, 185 6, 90 5, 134 12, 98 6, 89 12, 178 11, 84 6, 133 6, 80 9.1
KG325RK 1 10 34833.4 136 12, 104 14, 123 11, 122 5, 81 9, 164 7, 142 6, 158 8, 143 13, 107 15, 147 14.7075
MN846RR 6 18 34841.5 175 9, 164 5, 141 10, 183 5, 132 12, 188 12, 91 13, 188 6, 150 7, 141 13, 110 11, 95 12, 92 10.8913
BK545DR 18 27 34847.2 87 12, 81 8, 88 14, 159 14, 139 8, 149 10, 185 9, 174 11, 178 12, 182 11, 113 10, 145 0.351724
WZ686XM 15 17 34855.8 162 12, 131 5, 159 0.18239
BL533SD 23 24 34857.2 85 11, 90 6, 118 4.94068
TJ887JK 21 22 34859.5 154 5.61039
YF591EY 21 22 34867.1 94 9, 168 0.107143
JA973FX 21 26 34875.1 149 7, 128 12, 103 7, 164 7, 106 14, 85 7, 128 9, 113 14, 98 3.82653
NS905BW 12 15 34877 97 6, 165 5, 133 6, 104 7, 119 15, 146 2.20548
KM945EM 24 27 34880.6 120 12, 166 15, 141 13, 122 3.95902
GL906FD 6 24 34889.8 190 13, 81 14, 146 11, 80 15, 144 15, 89 7, 97 15, 169 7, 187 11, 173 15, 124 10, 188 6, 170 15, 97 11, 136 8, 187 6, 113 14, 126 9.92063
TY649ZE 4 22 34892.3 109 9, 178 14, 146 15, 105 7, 182 13, 169 8, 131 9, 81 12, 182 13, 133 7, 157 13, 114 13, 85 13, 165 11, 84 10, 112 11, 164 11, 118 5, 166 3.5
DF979ZB 19 20 34897.8 180 8, 166 4.98795
AY732WH 25 27 34903.7 126 6, 139 11, 190 7, 146 3.4726
WJ686WM 20 28 34905.9 112 5, 128 9, 129 5, 186 15, 124 12, 127 11, 130 11, 123 10, 131 5, 178 8, 178 8.51124
AC685CS 24 27 34907.4 129 14, 96 14, 121 13, 156 8, 131 2.09924
FG538FV 6 7 34916.8 90 11.6
BY114TK 26 29 34918 146 15, 170 5.32941
ZL525PZ 2 18 34920.1 178 12, 104 8, 108 11, 180 6, 115 8, 161 15, 172 13, 154 6, 162 7, 98 8, 99 11, 97 15, 101 5, 146 12, 139 10, 95 5, 149 15, 181 6, 167 7.71257
AF267NV 12 27 34929.1 126 7, 128 13, 100 15, 82 13, 170 6, 110 6, 100 10, 110 8, 147 6, 115 8, 92 10, 95 10, 107 5, 125 15, 149 6, 181 5, 98 6, 155 9, 125 12, 91 7, 140 11, 169 9, 156 12, 153 3.77778
DJ050XL 2 14 34935.4 180 14, 141 15, 111 6, 111 9, 81 6, 110 11, 178 11, 121 8, 109 9, 133 11, 84 6, 102 15, 153 13, 92 9, 181 7.12155
WB642MG 19 21 34945 165 13, 126 5, 129 10, 160 3.35625
TH592BH 23 26 34953.3 174 13, 117 12, 177 11, 96 8, 189 1
RF626VR 13 17 34954.2 81 13, 99 10, 88 9, 182 6, 134 7, 96 11, 180 2.37222
HE069XB 27 29 34963.9 111 12.2703
FB230YZ 21 24 34970 106 15, 169 8, 145 6, 164 8
YF874HK 10 13 34974.9 129 14, 135 7.86667
ZH529FZ 8 11 34981.8 122 11, 124 15, 92 2.8913
KJ007DY 10 16 34986.1 106 5, 172 7, 83 8, 130 9, 121 6, 141 12, 91 7, 104 15, 128 0.710937
ER559AV 27 28 34992.5 116 5.01724
JM694YZ 25 27 34996.4 169 15, 173 6, 150 3.66
GD065FJ 27 29 35004.7 138 9.86957
XZ371FD 27 29 35008.2 102 12, 106 1.30189
SN025ST 25 27 35011.4 154 15, 131 6, 149 6.88591
PV302RJ 8 16 35013.6 173 11, 122 6, 180 11, 107 14, 80 11, 100 10, 119 5, 93 7, 173 8, 176 2.30114
AZ841AF 19 21 35018.4 131 11, 114 11, 140 5, 101 11.9505
MK674GC 1 14 35021.9 80 15, 126 10, 123 6, 188 10, 174 14, 181 14, 134 7, 94 8, 154 11, 82 6, 109 13, 126 11, 102 12, 161 14.8012
KM741DR 4 27 35024.2 129 9, 186 6, 154 5, 148 15, 111 10, 126 12, 121 6, 158 12, 159 8, 148 5, 87 9, 172 15, 111 13, 104 10, 99 5, 143 5, 122 11, 148 6, 163 11, 161 15, 169 9, 175 7, 122 15, 115 8, 111 9, 151 15, 133 15, 105 5, 188 1.39894
VC501VK 19 29 35025.3 175 5, 158 13, 152 5, 116 15, 152 15, 120 5, 85 13, 112 14, 176 6, 159 6, 146 15, 170 12.6588
SX252ER 20 22 35029.9 175 11, 163 7.80982
EH861EE 21 23 35039.3 144 15, 158 5.73418
CW132TL 25 27 35044.6 176 11, 155 7, 158 6.96835
AN978VE 16 20 35048.1 156 15, 165 8, 108 14, 114 5.10526
AL395ZP 23 28 35057.6 113 15, 169 15, 84 5, 129 10, 123 6, 116 11, 156 5.97436
HS681KT 25 27 35066.4 145 5, 188 11, 96 7, 114 5.76316
LH972ZC 19 25 35072.6 114 8, 113 10, 106 12, 143 11, 88 10, 149 10, 164 14, 163 5, 119 9, 87 4.72414
CZ579TH 13 21 35082 158 13, 176 7, 186 5, 175 12, 171 12, 143 8, 151 10, 101 5, 150 13, 189 0.0899471
KC740BJ 16 26 35091.8 172 8, 123 10, 167 13, 139 11, 97 10, 130 14, 128 14, 96 9, 152 11, 148 8, 141 8, 135 14, 171 0.573099
BR790TM 27 28 35093.3 156 3.73077
YJ890KA 4 16 35095.7 99 6, 155 7, 190 15, 104 9, 148 9, 159 14, 117 6, 122 7, 178 11, 92 8, 102 10, 158 15, 153 9.40523
GE841JM 5 7 35099.8 173 15, 138 10.3261
TZ458FJ 25 27 35105.6 145 10, 145 7, 102 6, 110 9.5
YS122WS 20 22 35111.8 112 8, 123 9, 179 6, 175 0.691429
GY164BF 4 13 35114.6 146 5, 122 6, 98 5, 98 7, 132 12, 152 13, 108 10, 138 9, 148 8, 88 9, 89 15, 138 6.26812
ZW332KJ 14 16 35118.2 127 6, 172 9, 115 2.6087
MN786FD 12 14 35128.1 144 9, 86 15, 152 10, 129 0.0775194
RH736FX 3 16 35128.8 164 9, 149 10, 111 11, 112 15, 178 15, 112 14, 82 9, 123 8, 102 15, 165 8, 137 5, 163 7, 160 13, 80 13.0375
FP102YV 20 22 35132.2 167 5, 133 9, 96 7, 92 5.36957
DG295GE 15 18 35140.6 125 10, 144 13, 180 7.62222
DL275TV 25 29 35148.8 189 13, 128 5, 102 10, 160 7, 105 2.35238
KD718WE 10 23 35158 126 6, 92 10, 144 14, 121 15, 182 11, 136 7, 148 7, 112 11, 165 7, 186 5, 178 9, 174 7, 160 7, 167 9, 159 7.36478
NB948TT 12 14 35163.5 152 10, 125 14, 144 5, 152 0.828947
RZ695VM 26 27 35170.3 131 7, 144 5, 135 0.718519
MR411HM 7 18 35176.3 162 6, 114 13, 135 6, 128 15, 182 12, 179 8, 132 14, 157 8, 84 6, 151 13, 176 9.60795
ET652XA 16 22 35182.6 126 7, 111 8, 83 15, 135 6, 114 5, 121 6, 148 11, 141 12, 118 4.33051
WH943HY 2 25 35191.8 166 12, 86 15, 186 9, 168 11, 89 8, 188 14, 162 14, 111 14, 135 10, 89 12, 102 14, 118 14, 166 6, 92 14, 101 13, 173 14, 111 13, 85 6, 114 13, 141 12, 156 13, 139 7, 104 8, 106 9, 136 6, 140 7, 88 2.89773
DE425YW 12 21 35200.9 113 12, 108 12, 171 13, 90 5, 115 9, 172 11, 97 13, 114 7, 177 6, 170 8, 174 9, 161 3.19876
MC847SL 2 14 35209.2 97 6, 138 8, 169 10, 135 12, 166 9, 148 15, 142 15, 109 9, 144 10, 82 9, 137 5, 116 12, 149 6, 104 8, 137 7, 135 5.51852
WK335TV 25 27 35218 133 8, 177 6, 163 9, 100 5, 95 0.305263
WR907KF 12 14 35225.5 173 10, 141 8, 184 6.83696
NF725TA 14 17 35232.7 85 14, 188 5, 186 7.64516
CV601VK 11 21 35241.2 83 14, 139 5, 101 14, 136 8, 144 13, 142 7, 82 11, 154 14, 155 8, 92 6, 175 6, 94 12, 176 7, 123 1.3252
JX670HY 11 17 35242.1 104 11, 122 5, 136 10, 123 10, 153 15, 146 7, 81 10.3827
XR623AF 12 17 35251.3 172 12, 136 5, 84 15, 150 14, 89 8, 100 8.52
XH083GN 20 23 35259.7 187 9, 101 5, 183 8, 160 6, 185 4.25946
XX954JE 1 24 35261.8 151 9, 159 14, 81 5, 126 5, 175 13, 170 6, 87 9, 83 6, 95 11, 138 14, 184 10, 134 11, 146 13, 102 15, 170 9, 102 6, 105 5, 155 14, 134 12, 107 5, 127 8, 151 7, 106 9, 88 13, 111 13, 161 15, 153 9, 98 5, 95 3.84211
JB016DP 13 26 35269.9 103 6, 185 8, 188 8, 89 15, 144 13, 180 14, 102 8, 129 15, 135 10, 85 14, 163 15, 148 12, 189 15, 115 8, 81 6.59259
WR343GR 13 29 35274 151 8, 93 14, 158 15, 145 12, 81 8, 108 14, 127 13, 179 5, 181 9, 131 6, 112 9, 156 13, 180 12, 184 6, 134 6, 183 15, 165 11, 119 6.89916
MK749ET 1 9 35283.2 91 11, 84 7, 129 10, 84 13, 176 10, 159 9, 179 10, 158 12, 177 9, 96 3.96875
LA604VW 14 16 35283.7 113 11, 148 9.23649
JE472GP 18 19 35287.8 109 6.22018
YX422VC 15 26 35297.8 184 13, 102 13, 107 14, 168 7, 86 10, 83 13, 83 7, 100 15, 104 10, 103 7, 172 15, 81 8, 143 7, 138 12, 170 7.95294
PD891MX 27 29 35305.1 132 10.3182
WL441NK 13 22 35313.8 82 6, 91 14, 125 6, 82 13, 92 7, 136 7, 84 14, 146 9, 106 14, 122 7, 158 13, 172 8, 178 5, 98 0.326531
BX140ZL 25 26 35320.2 141 5, 139 12, 190 0.0789474
TX930TZ 5 19 35324.4 126 11, 166 10, 123 15, 170 9, 146 8, 178 13, 113 15, 151 12, 127 12, 176 12, 150 13, 145 12, 85 0.282353
BR196HD 28 29 35333.9 153 5.09804
CG370RC 19 20 35339.5 145 8, 161 5, 132 2.29545
DG512CM 4 8 35349.3 148 6, 169 6, 94 11, 157 8, 90 8, 185 11.6865
CS568YY 26 29 35356.6 94 6, 121 12, 94 11.4894
LB485VR 9 21 35359.2 173 7, 111 8, 177 11, 151 7, 177 10, 81 7, 97 6, 81 8, 80 13, 164 15, 87 12, 102 5, 177 5, 87 7, 118 7, 100 7, 186 7.88172
GB406SN 9 11 35366.2 85 14, 158 8.68354
VJ136GZ 9 28 35367.2 150 11, 160 13, 190 15, 178 8, 180 14, 121 15, 156 14, 103 6, 189 5, 94 7, 101 6, 82 11, 139 13, 136 11, 81 6, 160 10, 149 15, 151 13, 85 7, 109 14, 159 1.27044
YS458EZ 9 12 35372.2 83 11, 152 5, 181 9.51934
PJ076KM 6 13 35379.3 104 11, 120 8, 163 10, 93 14, 105 14, 122 11, 134 7.79104
ZD437EH 27 29 35383.7 177 7.69492
ZN944LN 6 19 35388.1 88 12, 179 13, 164 14, 140 15, 176 9, 92 14, 96 6, 95 13, 144 6, 177 14, 187 6, 85 10.0941
AK188ZV 25 27 35396.2 102 15, 148 12, 88 9, 112 0.214286
BF402CT 19 28 35398.3 82 15, 183 12, 141 9, 170 5, 100 6, 127 10, 180 6, 185 13, 137 7, 136 5, 115 5, 139 7, 152 6, 176 8.83523
VA198RT 12 26 35405.1 91 8, 111 14, 167 12, 84 14, 156 11, 190 8, 148 14, 97 5, 159 11, 187 14, 122 8, 165 5, 118 5, 91 14, 114 5, 131 12, 119 8, 107 7, 190 6.94737
BS986VG 25 27 35410 137 12, 117 8, 167 6, 146 3.69863
JX576KD 7 14 35414.5 135 10, 108 5, 113 14, 177 10, 135 9, 115 10, 85 15, 106 14, 90 3.08889
AE183JA 22 29 35417.7 119 7, 144 7, 113 15, 106 6, 104 9, 96 10, 115 13, 144 15, 169 12.6923
MV315HN 3 14 35421.9 145 6, 102 15, 103 14, 168 12, 114 6, 167 8, 156 5, 174 12, 111 13, 177 12, 185 9, 143 7, 173 0.213873
TR340SL 28 29 35426.8 115 6.78261
PF343PV 28 29 35435.4 173 4.50867
EH787EW 5 24 35443.9 100 7, 100 5, 183 11, 140 13, 180 8, 92 14, 146 11, 82 13, 91 15, 133 5, 111 7, 169 15, 83 13, 87 5, 103 13, 158 15, 138 10, 90 10, 148 10, 127 7, 170 9, 168 10, 141 8, 97 5.16495
MW774HC 7 12 35444.4 170 12, 172 6, 131 5, 172 12, 103 7.15534
TW668TK 5 14 35449.4 126 7, 132 9, 108 14, 109 9, 169 12, 153 13, 106 13, 100 14, 153 13, 184 7.15761
TV134ZF 6 17 35453.3 162 7, 165 7, 121 13, 139 14, 111 13, 134 14, 127 14, 146 8, 100 9, 115 11, 116 8.63793
XY641LN 21 26 35461.8 102 11, 172 15, 158 10, 86 12, 185 7, 101 9, 80 11, 149 1.59732
GP649BV 7 15 35464.2 105 14, 132 15, 183 7, 158 5, 131 10, 135 13, 130 9, 155 8, 187 3.05882
FL826RM 16 19 35464.9 88 5, 171 9, 166 9.07831
PR835SR 23 24 35465.5 99 14, 157 4.28025
LG806NC 5 26 35472.5 118 6, 91 5, 167 11, 110 12, 99 6, 85 8, 161 13, 183 15, 138 15, 111 12, 175 6, 105 13, 178 15, 125 12, 166 11, 160 12, 121 7, 110 15, 126 12, 127 11, 162 11, 189 7, 156 5, 122 9, 91 4.87912
WP047BS 8 14 35474.6 165 13, 174 11, 165 12, 133 8, 112 11.7411
JT445AF 17 22 35476.1 144 12, 134 7, 120 10, 168 6, 92 14, 91 14, 124 4.62903
DH877DT 12 19 35486 93 13, 111 15, 104 11, 148 8, 178 6, 131 12, 163 14.5399
YW308ST 22 23 35492.4 166 7, 126 7, 179 0.882682
NA846HW 26 28 35500.9 188 7, 120 8.33333
WP796XL 26 29 35510.4 114 8, 111 10, 156 6, 94 1.46809
LZ589ZR 12 27 35511.1 150 10, 80 7, 117 13, 94 10, 98 9, 146 6, 95 15, 138 15, 144 6, 90 8, 150 10, 110 6, 87 12, 169 8, 143 14, 131 11, 151 12, 146 8, 162 12, 87 11, 173 5.46821
XY874DT 22 25 35520 184 9, 138 15, 97 6, 83 5, 163 10.1902
GK880JE 5 26 35523 107 10, 86 5, 92 13, 140 13, 124 14, 114 13, 165 6, 183 6, 107 13, 172 5, 149 10, 162 13, 113 11, 109 8, 113 9, 145 15, 133 10, 110 7, 112 9, 118 8, 150 13, 151 6, 136 13, 167 11, 141 10, 98 10, 94 8, 112 3.27679
HS724ME 18 26 35528.4 95 10, 108 13, 187 13, 153 12, 126 6, 184 11, 85 6, 115 11, 153 7, 104 10, 177 5, 130 5.72308
XZ176PN 3 5 35530.1 86 5, 120 15, 90 1.35556
GM946EY 15 18 35537.7 152 8, 90 6, 145 12, 82 11, 163 0.588957
HT228ZY 26 28 35543 166 7, 171 6.74854
MT981GJ 4 22 35546.3 182 5, 172 13, 148 14, 156 12, 97 9, 161 13, 130 14, 141 9, 88 13, 188 9, 80 14, 181 9, 167 8, 129 5, 133 7, 104 9, 122 14, 185 14.9622
EV980GH 12 19 35550.6 89 14, 126 7, 166 13, 113 11, 164 8, 94 10, 150 11, 156 5.00641
XK135PR 10 17 35553.2 147 12, 157 15, 93 11, 120 14, 171 11, 112 4.58036
SV918KF 9 24 35558.6 92 13, 126 10, 177 6, 103 8, 126 8, 161 14, 133 9, 122 5, 163 10, 144 6, 110 14, 106 8, 113 14, 180 12, 126 9, 140 11, 80 10, 96 12, 142 4.73944
DW427BH 17 29 35563.6 133 14, 189 13, 87 15, 170 5, 181 8, 117 8, 171 10, 97 5, 127 14, 85 10, 110 12, 107 5, 106 8, 90 9, 186 14, 172 0.465116
MH817JX 21 22 35564.5 100 8.64
PM971PP 12 28 35569.1 165 10, 171 6, 123 10, 119 14, 88 13, 181 13, 156 7, 138 11, 141 14, 187 6, 146 14, 93 6, 189 11, 153 13, 96 9, 110 8, 82 13, 165 10, 170 5.06471
WZ904GB 11 27 35577 102 14, 88 7, 165 11, 143 9, 115 15, 152 7, 91 12, 83 13, 121 14, 126 9, 118 8, 123 6, 82 11, 152 6, 92 7, 156 13, 97 9, 153 13, 159 15, 85 13, 175 8, 182 0.901099
DR915XB 28 29 35580.1 109 7.15596
WJ007SE 21 27 35581.5 102 9, 176 6, 111 7, 91 14, 158 9, 96 7, 163 12, 122 13, 144 10, 177 1.51977
ZS587VG 6 13 35586.1 168 6, 149 15, 180 5, 110 8, 145 6, 134 14, 140 8.02143
MC631LR 13 29 35589.9 80 6, 124 9, 176 12, 85 11, 101 6, 88 7, 113 10, 101 12, 181 11, 165 10, 150 6, 82 11, 179 6, 132 6, 157 5, 181 15, 116 8, 150 7, 183 9, 122 9, 176 14, 159 0.144654
YZ768ZW 13 29 35594.1 130 7, 147 10, 154 6, 178 12, 91 15, 187 13, 83 12, 140 10, 140 10, 163 9, 140 5, 108 9, 96 13, 124 6, 139 14, 130 7, 141 9, 145 8, 173 11, 181 4.83425
DE636KA 25 27 35596.6 164 14, 144 12.6806
GT006CP 18 28 35605 173 8, 187 14, 91 8, 120 11, 83 6, 184 5, 125 13, 84 7, 154 11, 175 12, 87 14, 142 14, 150 3.67333
NC682TF 4 15 35610.2 170 13, 84 15, 188 13, 146 13, 122 10, 182 7, 183 5, 129 7, 130 9, 122 13, 86 12, 123 4.09756
CL889JE 2 21 35611 186 11, 104 5, 108 15, 137 13, 114 6, 127 15, 180 7, 109 6, 104 9, 159 14, 93 6, 143 14, 127 10, 114 12, 172 15, 97 13, 121 8, 102 6, 81 8, 122 5, 89 14, 157 8, 113 15, 168 2.96429
NF198MR 14 24 35613.4 139 5, 105 14, 81 8, 120 15, 103 7, 128 10, 119 14, 159 14, 130 9, 133 9, 101 10, 82 7, 87 13, 104 2.25
EY889RE 1 9 35616.8 106 11, 164 12, 114 9, 175 14, 181 13, 155 7, 160 6, 128 7, 124 7.40323
TX591JK 19 25 35617.5 112 9, 167 9, 113 9, 100 6, 106 11, 93 11, 170 11, 141 6, 96 12, 114 12, 101 2.94059
EW882PZ 6 8 35626.4 145 10, 179 10.1676
CW057CA 27 28 35631.8 180 3.23333
RB984GN 18 19 35641.8 169 4.01183
NJ830XL 10 12 35648.6 159 9.73585
GG375EP 24 28 35650.8 107 7, 139 6, 130 9, 175 14, 178 5, 145 5.06897
LV168GR 5 16 35651.9 181 12, 83 15, 146 6, 168 9, 143 10, 82 6, 89 5, 189 5, 144 8, 106 6, 147 15, 144 7, 159 5, 137 10, 120 8.25833
WC988FD 19 21 35658.6 93 10, 108 14, 108 14, 105 5, 109 1.12844
AG025VR 10 25 35661.8 102 11, 151 5, 177 6, 136 5, 186 11, 165 5, 143 14, 130 14, 93 6, 164 8, 132 14, 183 6, 155 13, 99 5, 105 15, 141 15, 93 7, 136 11.9926
TB853NW 8 27 35667.3 120 7, 187 6, 119 6, 143 6, 175 12, 112 14, 159 13, 120 12, 119 8, 148 8, 179 14, 176 12, 152 8, 81 6, 129 5, 86 6, 120 7, 113 11, 108 10, 117 5, 168 14, 129 15, 154 13, 146 0.842466
WX332YH 12 23 35673.1 153 13, 146 5, 112 10, 129 15, 87 9, 135 13, 81 8, 91 11, 88 6, 95 7, 109 9, 159 7, 89 15, 97 12, 104 10, 129 8.47287
SC368SV 28 29 35678.6 120 6.5
FE176NT 21 22 35681.3 92 9.3913
AM992YV 6 26 35689.7 104 5, 103 14, 182 13, 99 12, 139 13, 81 6, 92 7, 134 7, 91 12, 134 13, 107 15, 139 10, 144 15, 85 14, 178 12, 150 5, 167 9, 151 13, 129 5, 93 6, 95 8, 136 15, 128 10, 89 5, 161 8.52174
NY115HJ 9 14 35690.4 111 10, 139 12, 173 12, 116 9, 153 5, 135 6.28889
VN192ZC 7 17 35696.8 115 9, 159 12, 152 9, 118 15, 157 12, 144 12, 159 13, 112 6, 91 8, 156 5, 187 1.36898
XS434EL 15 16 35702.2 106 12, 87 4.75862
CY651WT 2 9 35711 156 14, 171 8, 156 14, 172 10, 118 5, 153 8, 100 10, 107 6, 164 6, 129 0.75969
GR466TX 4 7 35713 161 14, 189 6, 167 7, 80 3.6375
FX864VM 4 13 35720.9 138 9, 83 11, 136 6, 165 7, 80 5, 166 9, 167 11, 100 9, 99 12, 157 7, 174 9, 101 0.851485
DT019HJ 20 26 35722.9 95 8, 144 15, 140 11, 121 12, 102 13, 132 15, 170 9, 133 9.18797
KG276YG 19 21 35723.6 152 10, 115 8, 128 13, 135 3.68889
HT677SL 28 29 35724.3 147 5.30612
MT586SP 4 8 35731.1 187 5, 109 5, 171 13, 155 11, 133 7, 112 6.5625
CY453AW 15 24 35739 103 9, 185 8, 82 9, 190 11, 80 14, 92 11, 117 6, 109 5, 147 9, 135 15, 129 13, 166 7.58434
JA190TS 28 29 35740.3 84 9.28571
ES739NC 15 21 35744.5 110 13, 147 10, 121 7, 112 6, 151 5, 147 6, 187 8, 113 10, 177 6.16949
XK796HN 13 26 35745.6 132 8, 132 11, 115 14, 93 5, 139 10, 128 7, 123 8, 179 15, 171 7, 176 7, 80 12, 116 7, 157 12, 129 10, 159 13, 117 6, 169 10, 114 6.64912
CJ655NY 7 10 35747.2 104 5, 92 12, 162 11, 98 10, 169 3.51479
WW170JZ 7 28 35755.1 161 10, 116 5, 138 6, 156 8, 135 8, 149 7, 140 10, 175 7, 143 11, 91 14, 146 8, 151 7, 149 7, 109 13, 120 13, 112 12, 93 11, 186 15, 190 13, 111 13, 169 10, 145 7, 80 15, 177 9, 169 3.66864
NM268YC 9 11 35761.6 121 11, 182 6.76374
FN104DL 23 27 35767.5 101 13, 123 9, 83 9, 161 5, 184 6, 82 10, 88 6, 144 9, 155 3.76774
LW503GH 22 27 35769.7 89 14, 124 7, 129 6, 115 7, 167 6, 111 14, 128 7, 141 11, 102 12, 130 4.50769
ZB600PP 8 14 35774.4 110 15, 129 10, 171 13, 123 10, 81 13, 154 6.31169
HK931XP 4 15 35783.4 186 7, 173 11, 146 6, 105 15, 147 5, 151 5, 162 13, 177 6, 85 14, 183 6, 101 10, 163 12, 161 5.26708
TK671KG 22 26 35784 140 12, 155 8, 154 6, 130 14, 150 13, 144 8.04167
RJ632CB 6 9 35785.9 189 6, 134 6, 119 11, 94 9, 84 0.988095
TX196WW 14 29 35791 190 5, 179 9, 103 14, 101 6, 150 8, 104 5, 102 9, 126 8, 169 11, 138 12, 178 11, 100 15, 83 14, 179 11, 101 8, 86 7, 190 9, 136 6, 127 8.93701
BN939AZ 20 22 35799.8 110 15, 123 9, 156 2.82692
AN904EM 11 26 35803.4 177 8, 91 8, 118 11, 119 14, 138 14, 108 6, 110 6, 94 10, 188 5, 152 6, 183 15, 82 5, 189 6, 186 5, 126 6, 125 6, 146 14, 174 12, 120 14, 92 5, 163 5, 111 2.99099
FP152MY 11 22 35810 86 7, 102 7, 105 15, 133 11, 145 13, 90 9, 97 10, 134 12, 190 5, 101 15, 167 6, 116 12, 157 12.9045
ZX029FA 20 27 35819.5 183 5, 108 12, 120 7, 119 9, 86 9, 96 13, 95 13, 166 6, 147 10, 83 11, 99 10, 170 11.5059
NC444HX 17 21 35827.8 141 6, 120 8, 98 15, 123 7, 148 7, 107 12, 153 4.50327
MC076SP 6 23 35837.8 172 14, 168 9, 137 9, 108 6, 125 12, 126 13, 122 7, 129 9, 164 13, 157 6, 172 10, 148 14, 186 5, 136 15, 137 11, 142 12, 140 10.3643
VS312NX 9 23 35842.7 108 11, 113 12, 90 12, 152 5, 158 7, 168 8, 133 11, 92 6, 166 11, 99 15, 172 10, 103 14, 132 14, 81 13, 81 9, 129 10, 87 11.8851
EY948JW 23 24 35847.1 165 9, 103 5.56311
HK921XK 26 29 35852.5 156 12, 95 12.8842
FR728BR 8 17 35855.4 94 9, 145 13, 82 8, 116 6, 179 11, 163 9, 165 15, 141 8, 104 8.15385
JT716GN 9 22 35858 114 6, 162 7, 173 6, 139 13, 89 7, 107 9, 170 12, 176 5, 144 12, 144 9, 143 8, 177 6, 90 11, 114 10, 175 11, 166 3.73494
WX920FW 25 27 35861.1 138 12, 93 8, 147 9, 157 2.5414
ZC172RV 10 21 35871 92 6, 135 13, 190 8, 134 11, 165 15, 142 6, 94 12, 124 6, 136 9, 171 6, 156 14, 151 9.45695
VL254BM 25 26 35878.9 98 12, 186 6.51613
PJ403HP 16 25 35880.9 90 15, 187 8, 180 8, 138 13, 88 7, 98 7, 136 13, 169 5, 164 7, 174 10, 188 13, 92 0.0978261
FK332ZK 18 28 35887.7 93 15, 118 14, 131 12, 166 6, 186 9, 179 6, 93 13, 108 12, 153 5, 187 13, 167 15, 107 6.19626
SH547YK 1 22 35892.3 85 9, 173 5, 165 5, 188 6, 113 12, 142 10, 128 7, 181 15, 128 10, 136 11, 179 6, 183 14, 91 11, 103 14, 123 10, 120 7, 173 14, 110 10, 101 12, 165 11, 101 11, 172 10, 167 9.70659
GS798DE 25 26 35893.9 109 6, 129 13.4419
SA404KR 26 29 35900.6 113 8, 183 9, 91 5.98901
BD360EL 4 9 35902.1 145 15, 131 15, 173 10, 177 6, 99 5, 127 4.35433
GK709FS 4 10 35908.4 81 5, 123 7, 140 14, 123 7, 102 8, 157 8, 185 6, 124 8, 184 5, 127 5.09449
PP689YN 10 26 35916.3 137 15, 147 8, 169 15, 173 15, 128 12, 85 13, 173 14, 83 11, 160 9, 115 7, 141 14, 99 9, 169 8, 183 8, 125 13, 189 10, 156 1.41026
EV278CC 13 17 35921.1 131 15, 81 9, 174 15, 97 10.7629
EX754RJ 10 28 35923.9 83 13, 178 14, 146 15, 174 10, 138 9, 83 9, 105 9, 107 8, 83 8, 84 12, 120 13, 135 12, 164 13, 122 14, 84 10, 120 7, 182 12, 123 6, 133 13, 109 13, 92 6.33696
BJ995MK 24 25 35932.7 95 8, 182 7.49451
KS498KV 13 26 35941.8 112 12, 101 12, 84 11, 97 8, 162 8, 125 9, 143 8, 155 7, 144 13, 152 5, 83 8, 86 9, 155 9, 158 11, 132 6, 165 9, 138 9, 127 8, 115 13, 106 9.34906
HD111VR 11 25 35943.4 162 8, 99 9, 94 15, 91 13, 159 5, 106 13, 97 9, 104 12, 116 8, 89 7, 160 8, 158 15, 187 12, 186 10, 146 5, 159 14, 151 10.3377
NS403RM 5 12 35946 109 9, 187 14, 172 5, 160 9, 82 8, 98 8, 154 7, 87 9, 147 9.17007
CM203VC 16 22 35951.5 88 14, 166 14, 129 11, 119 11, 141 8, 110 8, 188 3.51064
XE666RW 26 27 35958.4 186 9.32258
YR579FJ 3 14 35967.6 114 12, 125 14, 108 10, 101 14, 150 6, 163 6, 128 6, 179 13, 118 5, 177 11, 101 6, 182 9, 155 10, 128 0.78125
PK419EZ 16 19 35976.4 162 14, 156 7, 141 0.893617
XZ504XW 22 25 35981.1 169 7, 111 9, 171 14, 80 6, 184 5, 106 3.84906
BS697AX 17 24 35984.2 116 5, 129 12, 186 15, 140 12, 138 13, 83 15, 132 15, 137 4.76642
AL826BG 15 28 35993.6 144 11, 84 5, 180 14, 184 11, 112 10, 102 14, 123 14, 124 14, 117 7, 158 13, 161 12, 151 6, 88 12, 98 11, 100 13, 114 0.236842
AE082RM 20 25 35998.2 131 5, 126 12, 154 7, 136 14, 129 13, 182 12, 166 3.44578
DF312DJ 10 26 36006.2 145 5, 128 9, 170 13, 182 14, 169 15, 99 6, 146 8, 113 7, 144 10, 184 6, 181 6, 132 8, 126 5, 136 7, 173 7, 152 10, 95 11, 132 7, 110 6, 113 8, 112 5, 108 10, 152 0.677632
AT593CK 19 26 36012.1 152 12, 164 15, 172 11, 125 6, 159 8, 156 11, 108 11, 170 8, 101 12, 133 4.2406
JA480RV 11 18 36014.8 142 14, 91 14, 118 6, 98 11, 85 9, 142 10, 125 11, 93 9, 182 5.07143
DT946HY 12 27 36018.8 103 14, 158 11, 174 13, 189 9, 184 11, 154 9, 171 13, 189 12, 146 5, 152 14, 93 6, 164 15, 88 12, 103 15, 138 15, 80 7.4125
RK213NS 23 27 36023.9 104 9, 174 6, 154 6, 149 8, 132 10, 134 11, 184 7.68478
JD512CZ 6 8 36031.4 119 9, 190 6, 89 11.8989
SC069VK 3 21 36031.9 103 8, 123 12, 163 14, 97 11, 158 9, 169 8, 88 6, 121 11, 111 11, 114 10, 155 12, 162 12, 186 13, 186 5, 126 10, 107 10, 94 11, 143 14, 82 5, 87 10, 160 6, 129 2.42636
WB146YF 9 26 36034.4 179 9, 145 11, 165 7, 127 15, 137 13, 181 11, 102 10, 144 15, 158 9, 108 13, 94 5, 157 14, 84 6, 106 7, 154 5, 104 7, 86 14, 115 12, 177 5, 101 5, 169 9, 178 5.02809
CE277PB 10 25 36042.1 117 13, 153 8, 178 15, 162 7, 88 14, 172 10, 185 8, 160 15, 163 15, 190 15, 188 9, 90 12, 130 11, 158 4.63291
WW396VV 12 14 36042.7 167 11, 153 11, 128 4.65625
FL768VS 26 29 36048.4 85 9, 189 11, 114 2.21053
AB474AV 27 28 36052.5 175 3.32571
SW967EA 1 9 36055.9 86 6, 121 11, 150 14, 169 8, 94 10, 180 15, 187 6, 150 14, 97 6.81443
GD165SG 5 17 36058.1 148 10, 155 8, 86 9, 155 15, 98 5, 158 15, 108 15, 152 12, 167 13, 99 7, 126 15, 85 15, 142 0.450704
ZB002RD 18 26 36060.2 128 9, 114 11, 122 8, 174 10, 100 7, 89 7, 136 6, 156 5, 154 11, 184 8, 85 5, 170 14, 111 8.14414
EM154WT 2 25 36064.2 83 6, 177 15, 107 14, 104 8, 134 10, 86 13, 164 15, 82 7, 113 9, 141 5, 86 8, 101 9, 166 14, 118 11, 131 9, 188 10, 178 11, 103 11, 148 8, 159 12, 182 13, 98 10, 184 14, 157 15, 138 11, 164 3.04268
AH986NM 23 28 36073.1 126 10, 99 7, 182 7, 88 9, 103 9, 83 7, 163 13, 113 5, 145 4.65517
FD501MM 1 16 36074.3 189 6, 89 8, 99 11, 136 12, 158 13, 128 6, 103 5, 172 9, 117 10, 189 5, 163 11, 164 6, 157 5, 140 14, 111 8, 185 9, 159 11, 112 8, 80 8.2125
FB602GC 23 24 36075 136 6, 113 5, 173 3.91329
TS393VA 23 29 36078 183 12, 149 13, 135 15, 170 8, 120 15, 171 2.03509
RM630MN 11 27 36084.1 128 6, 98 15, 107 13, 176 7, 107 13, 143 14, 86 7, 109 15, 187 6, 139 7, 168 5, 188 14, 152 7, 104 6, 188 5, 111 11, 89 14, 131 13, 173 10, 161 7, 181 7.20994
MF787GA 12 15 36091.4 163 7, 84 8, 187 5, 149 13, 96 3.69792
JD028FA 8 22 36096.5 136 14, 130 13, 157 15, 122 6, 183 8, 94 10, 172 9, 152 15, 96 11, 96 13, 121 5, 103 7, 139 6, 92 12, 164 9.14024
MY394AY 24 28 36102.5 111 10, 169 5, 103 5, 131 9, 102 10, 134 14, 182 1.55495
RC427CE 25 26 36109.4 153 11, 136 5.18382
XN782JX 27 28 36118 160 3.6375
DD655LA 24 26 36126.2 95 13, 190 6, 159 6, 172 6.87791
KL804VJ 23 26 36132.9 188 6, 183 15, 141 9, 182 7.84615
ZK061DZ 23 27 36136.2 89 13, 146 10, 138 6, 114 6, 104 5, 143 13, 170 9, 170 1.56471
NK412RK 22 27 36139.9 109 8, 131 14, 85 9, 133 14, 127 7, 146 15, 124 7, 116 10.569
AX149GX 12 16 36147 146 10, 131 9, 178 9, 167 6, 109 5, 103 9.1068
EX874HJ 1 3 36152.9 166 9, 96 10, 92 6, 169 1.84615
DD013VN 9 20 36160.8 190 7, 145 5, 140 15, 93 15, 83 15, 93 5, 146 15, 146 9, 87 7, 121 13, 154 8, 131 7, 123 6.34959
EM007FW 27 28 36168.7 124 4.69355
FF936FH 3 26 36177.8 134 14, 162 9, 115 13, 159 10, 128 15, 93 7, 187 14, 164 8, 153 11, 114 9, 130 9, 148 7, 190 5, 119 15, 143 15, 177 13, 110 12, 165 6, 169 10, 84 13, 187 8, 159 12, 172 15, 116 10.8448
EK145SM 16 24 36182.4 95 9, 173 10, 137 14, 110 12, 109 5, 123 11, 151 5, 135 15, 119 15, 180 5.14444
RB945XW 13 16 36185.7 152 7, 105 15, 82 14, 184 5, 144 4.85417
FM350LN 23 27 36191.7 150 6, 126 9, 188 15, 89 6, 147 5, 98 7, 157 9.52229
TK880SF 2 24 36193.6 156 9, 176 7, 103 7, 159 15, 134 15, 109 9, 133 7, 147 10, 81 7, 110 10, 166 8, 178 15, 120 13, 161 15, 125 7, 110 11, 153 9, 86 14, 162 7, 95 10, 189 14, 103 14, 164 9, 93 15, 105 8.04762
NW490VD 1 8 36199.4 127 8, 183 9, 107 13, 104 5, 171 6, 103 8, 82 9, 100 6, 155 11, 141 5, 184 5, 151 5.45695
LD695VN 13 24 36206.5 119 10, 131 11, 136 6, 134 8, 145 14, 121 10, 96 13, 140 14, 168 7, 108 5, 123 9, 116 15, 185 5, 82 8, 175 8.61143
RT746YG 13 19 36209 90 14, 80 12, 85 9, 156 7, 80 7, 158 8, 108 13, 116 12, 178 1.09551
WW004HL 20 25 36217.2 185 13, 91 7, 100 10, 113 15, 111 14, 86 13, 163 7.19632
DF308CM 6 23 36219 124 10, 123 14, 170 15, 161 11, 135 7, 175 14, 143 14, 114 11, 156 8, 173 9, 173 12, 151 12, 147 15, 156 15, 111 2.52252
NT842CK 11 19 36219.5 122 10, 129 14, 186 11, 109 8, 157 14, 82 7, 90 13, 182 6.37363
LZ347LK 28 29 36228.7 108 7.22222
WR764DC 15 18 36230.5 130 14, 144 10, 150 8.22667
MH509KB 27 29 36238.5 92 12, 111 2.32432
SP132WM 2 24 36243.6 162 12, 164 12, 105 11, 185 12, 158 8, 107 14, 129 5, 99 9, 137 14, 148 8, 86 15, 112 13, 140 8, 80 6, 95 6, 99 5, 156 6, 115 9, 142 9, 148 6, 172 14, 150 15, 189 11, 103 9, 96 14, 82 15, 163 5.2454
GY287FZ 27 28 36251 142 4.09859
ZC964KC 22 28 36258.5 100 7, 88 11, 181 7, 99 12, 157 11, 92 11, 179 9, 162 14, 100 3.47
RG184LZ 16 24 36260.6 95 9, 165 9, 105 14, 139 10, 155 15, 144 8, 113 11, 100 11, 84 10, 90 9, 106 5.11321
GH614MW 26 27 36261.4 151 11.4834
DH506ZZ 11 17 36267.7 141 8, 116 9, 102 11, 149 12, 168 7, 139 11, 128 5.58594
JP516EL 27 29 36268.6 151 9.01987
GG777PK 15 19 36277.8 124 13, 85 10, 89 7, 188 7, 152 5.07237
KV430DJ 21 24 36279 158 14, 160 14, 128 5.25
MV010VV 15 20 36284 143 6, 110 7, 130 11, 128 15, 160 6, 105 9, 103 5.40777
LY638HA 10 24 36285.4 156 15, 93 15, 129 11, 109 11, 119 12, 107 10, 167 6, 160 10, 139 14, 117 7, 173 5, 113 6, 90 14, 170 11, 103 9, 133 12.5414
EC912VN 15 28 36289.2 90 9, 87 11, 142 14, 113 7, 138 9, 95 13, 159 15, 130 12, 161 13, 109 9, 99 11, 151 7, 182 15, 187 10, 121 7.75207
JK954NV 24 25 36295.4 135 14, 126 1.85714
FF944EP 4 18 36300.8 144 15, 121 13, 184 5, 114 15, 178 12, 174 5, 161 6, 90 8, 175 13, 101 15, 127 9, 119 15, 85 7, 137 12, 83 10, 182 0.373626
ET866SN 1 2 36302.4 138 6
HD518EM 4 15 36311.4 175 7, 130 15, 121 5, 111 11, 165 10, 110 11, 145 15, 94 9, 189 7, 149 9, 126 9, 130 9, 160 3.5375
WA417MB 25 28 36312.9 173 12, 152 13, 136 4.79412
VD057YJ 22 29 36317.6 88 10, 187 6, 83 13, 172 10, 148 5, 161 10, 143 5, 131 12, 122 7, 107 11, 90 4.43333
HJ904JX 21 26 36320.5 177 10, 134 8, 96 12, 190 11, 163 5, 86 7, 146 10, 122 5.53279
YF526YR 14 21 36321.7 120 7, 183 5, 128 5, 102 12, 167 9, 100 10, 83 6, 81 7, 128 11, 177 11.8814
KJ336YE 5 28 36326.3 119 10, 94 11, 106 12, 138 11, 133 10, 86 5, 131 7, 155 14, 133 11, 142 7, 179 10, 116 6, 102 8, 116 15, 142 8, 172 8, 162 11, 124 11, 90 9, 141 9, 163 10, 114 5, 138 5, 109 9, 86 13, 185 13, 161 15, 106 13, 159 6.47799
TK282GW 11 16 36333.1 159 11, 178 6, 158 10, 102 9, 163 13, 100 1.26
TD924GX 28 29 36336.4 153 5.09804
AP121LV 20 24 36338.2 95 15, 149 7, 99 11, 96 9, 80 13, 87 10, 165 6.8303
HZ285YL 20 25 36348.2 86 11, 155 10, 135 14, 156 12, 134 6, 105 12, 94 13, 139 0.273381
TL962CL 9 11 36357.3 164 9, 164 5, 113 2.35398
ZG761XE 28 29 36360 109 7.15596
JR930WE 2 22 36367.6 135 11, 141 10, 168 6, 157 12, 116 7, 97 7, 81 6, 180 7, 147 7, 115 5, 159 6, 114 14, 178 8, 156 6, 114 6, 124 6, 146 13, 190 10, 142 13, 165 5, 189 14, 176 8, 110 6, 93 14, 153 10.5686
DB735ZF 27 28 36374.9 156 3.73077
BB837DH 16 24 36376.3 179 6, 106 6, 118 10, 92 13, 159 10, 167 13, 105 14, 163 14, 180 8.96111
MF460CR 5 11 36386.2 92 6, 148 12, 133 8, 123 10, 82 10, 144 7, 121 8, 123 6, 143 6, 90 5, 131 1.9084
FN760YD 14 27 36390.6 102 10, 106 5, 103 13, 176 7, 158 11, 110 13, 108 5, 158 8, 152 5, 135 13, 112 14, 188 15, 149 6, 106 5, 176 15, 168 9, 102 4.86275
FH262PS 26 29 36395 167 6, 95 7, 166 8.60843
DA076SY 17 27 36397.3 124 8, 156 12, 93 8, 92 10, 156 14, 104 15, 92 13, 169 6, 131 9, 178 13, 130 14, 187 13, 162 1.79012
FG151FW 13 19 36401.7 190 7, 142 13, 110 14, 181 11, 188 8, 128 5.32031
ED496XE 22 24 36409.8 171 12, 135 8, 113 7, 83 4.06024
MT681HN 19 21 36413 120 5, 88 8, 80 11, 183 9, 90 8.56667
BG176TL 14 17 36421.7 97 5, 113 7, 86 5, 137 8, 164 4.57317
JK982MV 28 29 36427 171 4.5614
WD216SC 13 14 36434.3 148 11, 95 11, 84 1.46429
WR874CL 21 22 36435.6 158 5.46835
XV099CF 10 21 36440.9 121 8, 143 7, 181 11, 182 11, 143 12, 151 5, 105 6, 149 7, 127 6, 82 12, 183 7, 133 11, 126 9, 139 4.54676
NN017BY 12 20 36445.4 168 10, 123 11, 168 14, 118 9, 89 14, 98 15, 121 10, 104 14, 150 4.34
TA269RX 25 26 36453.1 142 11, 146 5.65753
NF183RA 13 19 36458.6 190 6, 178 15, 82 6, 93 7, 111 9, 87 13, 94 15, 154 2.59091
ML973BA 20 21 36461 186 5, 187 7.50802
LZ406FW 2 23 36467.7 101 8, 174 13, 174 13, 151 10, 114 15, 170 11, 144 6, 131 12, 126 10, 184 10, 160 5, 101 7, 118 5, 123 6, 84 10, 113 7, 111 12, 148 12, 167 15, 93 14, 113 15, 155 8, 87 8, 159 14.4654
XL861TJ 23 27 36477.4 170 7, 133 5, 180 5, 138 13, 134 14, 149 12.6107
TS919NC 24 28 36480 134 11, 100 15, 161 9, 177 13.5876
VE730VG 6 8 36490 172 7, 132 12, 85 5.67059
BC880LY 4 28 36495.9 164 9, 100 13, 148 14, 120 12, 160 11, 158 11, 122 11, 84 11, 174 9, 85 12, 159 6, 180 13, 186 10, 164 15, 129 10, 133 10, 181 10, 114 5, 130 12, 89 12, 103 10, 152 12, 137 5, 168 10, 97 11, 89 7, 92 14.7065
XS981SY 18 26 36504.3 110 15, 165 15, 185 8, 129 14, 177 9, 182 8, 99 12, 172 12, 100 12.04
ED162PD 5 22 36508.7 94 11, 99 6, 177 11, 175 6, 154 14, 180 9, 180 9, 140 14, 143 9, 151 14, 190 6, 183 10, 120 11, 112 14, 107 8, 130 10, 116 9, 169 10.568
RZ807HC 17 23 36509.8 123 5, 90 7, 186 9, 157 15, 96 11, 106 9, 158 5, 135 11, 147 4.44218
GN538GH 18 22 36515.4 101 11, 185 11, 118 6, 190 8, 181 4.25414
ZS222WB 27 29 36524.6 113 6, 146 4.68493
EL133DG 6 28 36526.2 149 11, 117 14, 139 9, 89 12, 152 5, 128 10, 138 15, 187 8, 126 14, 99 12, 100 5, 183 13, 108 11, 148 11, 176 13, 121 15, 184 8, 136 9, 147 15, 88 7, 80 5, 154 8, 90 15, 179 6, 147 5.53061
GW876JG 21 26 36529.4 145 13, 190 12, 121 8, 81 8, 136 5, 179 12, 86 11.9419
CP547ZP 9 16 36537.3 189 5, 162 13, 115 9, 82 10, 165 8, 153 14, 130 5, 131 8.42748
YR429XP 3 27 36545.6 90 15, 140 7, 160 5, 88 9, 137 11, 140 12, 168 11, 141 6, 148 10, 158 12, 87 12, 172 12, 152 10, 121 10, 96 12, 103 6, 124 9, 98 10, 92 14, 174 15, 160 9, 119 9, 189 10, 138 14, 133 13, 178 5, 176 14, 145 6.11724
MZ902BV 1 4 36547.1 157 15, 102 6, 180 10.4167
EK277RH 28 29 36549.9 100 7.8
JW860SH 5 28 36554.5 94 14, 126 9, 97 14, 166 6, 87 6, 131 14, 111 13, 176 7, 116 11, 84 6, 169 14, 121 9, 190 15, 82 6, 158 13, 132 12, 167 11, 180 8, 164 15, 85 5, 102 9, 88 10, 83 14, 111 13, 84 7, 118 5, 123 10, 110 7, 116 13.1121
GP498AP 26 27 36561.3 140 12.3857
ZS566XS 22 23 36569.2 93 5, 188 8, 146 1.59589
KP954KA 6 7 36570.5 105 5, 163 3.18405
DN488RW 22 28 36580.1 141 12, 88 6, 134 15, 137 6, 116 7, 115 13, 160 10, 143 14.8881
NW645NL 24 29 36582.2 174 5, 174 15, 164 5, 177 13, 174 5.78736
WV081TH 2 9 36585.1 178 8, 120 5, 87 8, 130 9, 90 14, 125 7, 83 14, 85 5, 92 10, 159 14, 124 9.96774
XA614WY 23 26 36589.9 167 10, 189 5, 136 13, 179 6, 171 6.50877
FY121CM 24 28 36593.3 179 10, 104 15, 95 9, 89 9, 156 8, 138 4.15942
TL279CR 11 13 36599.7 83 13, 123 6, 173 1.94798
JR764SF 27 28 36606.1 140 4.15714
KZ360NP 1 26 36613.8 183 8, 89 11, 123 5, 188 7, 132 13, 149 8, 144 14, 80 7, 99 7, 86 8, 81 10, 144 10, 91 11, 150 12, 80 12, 98 13, 136 12, 84 5, 122 5, 128 8, 146 6, 128 12, 172 12, 179 5, 113 8, 171 10, 147 14, 167 15, 84 7, 170 13, 172 11, 151 8, 133 0.0902256
GH179TV 16 26 36615.4 114 6, 93 6, 189 6, 190 10, 176 13, 138 14, 162 15, 99 14, 185 9, 96 8, 136 13, 84 13, 84 1.41667
DP698ST 21 24 36622.1 143 5, 84 12, 164 10, 115 6, 169 6.33728
WT828RM 8 17 36625.2 173 10, 138 10, 113 9, 117 14, 185 7, 149 12, 131 14, 113 11.3982
MS553LA 1 18 36631 120 13, 172 11, 106 6, 140 9, 154 9, 178 12, 132 14, 170 15, 189 14, 86 5, 157 7, 129 7, 175 12, 89 6, 95 10, 101 14, 122 12, 98 9.63265
VM329AG 24 27 36635.4 179 7, 109 7, 82 6, 145 13, 158 11.7278
BH807KS 21 27 36637.1 126 14, 159 5, 82 12, 176 12, 164 14, 123 10, 113 6, 130 9, 147 2.31973
VB132NE 19 23 36644.5 132 9, 171 15, 142 5, 144 9, 162 9, 185 2.43784
AF432EP 28 29 36648.3 127 6.14173
EK744JM 24 28 36648.9 181 8, 189 10, 186 15, 106 6.60377
WK051HA 7 26 36655.3 170 14, 127 14, 149 14, 167 14, 84 13, 148 15, 104 12, 101 15, 95 10, 134 14, 185 5, 114 12, 127 7, 96 14, 158 6, 122 10, 91 11, 102 13, 120 14, 109 8, 128 15, 165 0.0121212
MM990CE 1 20 36660.3 98 6, 149 12, 112 8, 169 15, 82 6, 93 8, 175 6, 146 10, 146 9, 175 12, 93 10, 115 5, 140 13, 104 11, 161 12, 107 6, 92 5, 125 9, 118 7, 163 9, 189 5, 86 11, 157 10, 113 11.9381
YS540HG 28 29 36662.4 161 4.84472
ZA189WA 27 28 36668 171 3.40351
FD873SW 9 23 36673.7 111 13, 137 11, 132 10, 117 6, 138 15, 168 5, 123 10, 109 8, 147 7, 115 13, 156 8, 184 8, 168 13, 91 11, 104 13, 180 8, 83 0.855422
NM871ZP 28 29 36681.4 180 4.33333
ZM250CW 5 19 36690.8 156 7, 80 6, 96 11, 138 9, 120 7, 127 13, 144 5, 104 9, 145 6, 119 11, 94 12, 89 8, 80 13, 188 11, 92 10, 105 6, 92 9, 101 11, 166 6, 142 5, 126 3.34127
SG002JZ 17 25 36695 133 8, 190 12, 128 10, 134 12, 142 14, 179 10, 189 7, 88 5, 126 12, 109 10.1743
GX780NJ 28 29 36697.2 180 4.33333
EC954JJ 16 18 36699.4 102 9, 151 6, 184 5.34783
FR555EZ 13 19 36701.6 142 12, 134 5, 181 13, 160 7, 124 13, 117 7, 87 7.05747
DN098WK 25 27 36704.1 176 5, 101 13, 163 11, 104 1.30769
NL057CK 11 18 36706.5 153 11, 136 10, 190 10, 126 7, 147 6, 164 10, 189 7, 125 5.584
GD670WR 22 29 36709.4 154 14, 99 5, 100 11, 136 6, 81 9, 148 9, 147 15, 159 9, 140 7, 98 6.36735
LR114CW 2 14 36710.7 131 5, 112 11, 159 7, 186 7, 130 13, 128 8, 128 14, 105 6, 126 6, 102 6, 160 7, 148 10, 98 12, 165 5, 123 11, 102 12, 128 10, 166 1.45783
MT286ZR 4 8 36713.3 177 15, 123 15, 90 10, 95 9, 88 9.30682
CB292TY 24 26 36720.2 136 9, 109 5, 178 6, 93 12, 145 3.85517
RA626CP 12 18 36728.5 140 13, 129 10, 91 11, 189 15, 112 6, 186 10.3011
SX270AG 12 29 36729 118 13, 128 5, 113 11, 158 9, 179 13, 113 12, 185 5, 142 5, 87 14, 187 5, 94 8, 82 11, 115 14, 125 11, 128 5, 134 12, 94 9, 155 9, 179 6, 137 10, 137 6, 104 14, 82 14, 156 1.52564
GT724XK 9 25 36738.7 132 11, 117 7, 125 11, 182 9, 83 11, 175 11, 98 11, 112 12, 104 8, 89 5, 89 6, 153 11, 176 5, 103 14, 184 15, 106 8, 106 9, 98 5, 179 5, 142 5, 105 9, 101 6, 142 5, 129 1.39535
KE672CX 19 26 36746.2 135 13, 142 5, 86 8, 130 14, 89 12, 166 9, 91 10, 128 10, 90 5, 84 10, 100 9, 84 8, 165 6, 121 5.46281
VL124KB 24 28 36747.2 112 15, 88 10, 92 14, 152 5, 171 6, 148 8.06757
JW365TG 11 13 36752.4 92 9, 81 8, 186 3.64516
WD700KP 5 23 36760.5 90 13, 146 8, 104 9, 116 15, 100 11, 186 6, 110 12, 127 9, 146 7, 105 6, 132 11, 115 8, 106 5, 152 12, 140 11, 155 8, 99 14, 168 12, 147 5, 183 8, 149 13, 161 12.6646
JG218CV 23 26 36765.7 93 15, 123 6, 131 9, 158 9, 96 6, 110 9, 88 3.06818
PE959NT 13 15 36773 136 12, 116 14, 190 2.44211
DB498ZC 24 26 36781.4 139 5, 163 10, 136 11, 119 5, 126 0.761905
KG206PY 13 25 36784.1 94 15, 87 5, 170 5, 137 10, 92 5, 159 5, 82 11, 173 6, 171 6, 173 11, 130 8, 186 10, 97 14, 150 14, 172 9, 142 12, 174 5.41954
DH722BD 21 25 36789.6 170 7, 186 7, 95 5, 114 12, 149 11, 188 6.7766
FF806JH 12 21 36798.8 186 8, 150 8, 103 15, 80 14, 143 13, 161 7, 123 5, 125 11, 166 13, 86 10, 127 11.5512
JJ150NR 14 17 36806.4 112 15, 106 11, 81 8.71605
LP671WH 27 29 36814.7 155 8.7871
XG015PJ 16 18 36821.1 165 14, 133 3.74436
WY527GC 16 28 36821.6 104 13, 93 15, 188 7, 156 11, 168 12, 123 8, 155 13, 141 11, 164 9, 114 12, 127 5, 94 14, 113 13, 141 5, 179 4.05587
DF048MR 6 13 36822.7 157 11, 111 6, 148 13, 118 10, 125 8, 171 9, 182 4.7033
JP158FB 17 20 36824.4 80 15, 150 6, 180 6, 167 9.77246
ZH872PY 12 29 36829.7 126 10, 130 10, 154 13, 183 6, 186 9, 88 11, 95 11, 135 14, 166 7, 102 11, 117 6, 139 10, 129 10, 132 12, 173 9, 100 13, 164 7, 91 9, 190 14, 86 8, 136 6.52206
AJ585YV 19 22 36838.4 91 5, 127 12, 173 9, 100 12, 165 4.42424
KJ748JD 23 26 36846.6 145 10, 129 9, 181 12, 188 9.50532
TH662DS 20 23 36855.2 182 12, 153 14, 115 6, 133 2.88722
RC259VK 8 16 36861.3 109 5, 124 10, 165 8, 82 9, 175 5, 133 12, 169 14, 110 11, 103 7, 96 4.34375
BD448XD 24 29 36866.5 132 9, 83 7, 184 5, 127 5, 116 6, 179 12, 185 5, 106 4.85849
GV583FR 21 26 36868.7 118 6, 176 13, 124 8, 108 9, 148 12, 156 7, 122 8, 139 5.98561
MB023JM 17 26 36874.8 174 13, 104 14, 149 7, 167 13, 186 15, 136 7, 179 6, 153 8, 182 9, 142 15, 133 0.315789
FN931ZV 27 28 36876.7 95 6.12632
DZ170NF 20 25 36877.4 174 10, 126 12, 146 8, 185 8, 149 12, 141 11, 167 2.05389
EC038ZN 3 26 36887.4 105 5, 101 6, 162 7, 177 9, 125 15, 144 12, 153 10, 136 7, 152 12, 117 14, 168 9, 89 8, 82 13, 108 11, 180 13, 177 8, 174 8, 82 13, 186 14, 149 12, 107 15, 107 13, 89 5, 176 6, 131 6, 184 12, 101 13, 171 0.333333
XF500YK 12 26 36892.6 114 7, 159 9, 108 9, 115 10, 164 12, 133 7, 109 10, 166 7, 121 9, 90 13, 153 15, 123 5, 114 10, 140 9, 109 9, 95 6, 117 7, 95 11, 87 6, 141 8, 154 13, 87 3.58621
VW975AM 12 27 36894.3 147 9, 166 13, 166 15, 139 10, 115 9, 152 13, 188 10, 166 6, 116 14, 186 15, 91 9, 80 11, 106 14, 167 14, 96 9, 117 12, 80 9.1625
VY459MR 4 19 36901 167 9, 142 13, 108 9, 108 8, 111 5, 186 6, 142 9, 133 11, 153 11, 134 5, 148 8, 109 11, 190 14, 149 5, 116 15, 187 11.2834
CJ446BR 4 18 36906.5 139 15, 166 6, 147 8, 119 5, 164 12, 110 12, 163 11, 167 10, 137 10, 169 6, 116 5, 123 10, 112 12, 156 13, 165 9, 130 1.96923
FG471HV 14 26 36915 173 8, 156 6, 104 8, 86 8, 83 7, 117 12, 151 8, 153 11, 115 11, 140 14, 162 7, 130 13, 141 6, 129 9, 110 14, 98 15, 147 3.7551
GW729WM 7 23 36917.4 81 5, 188 13, 118 7, 167 9, 116 9, 190 7, 91 6, 153 11, 130 6, 171 15, 111 8, 115 10, 112 11, 162 11, 159 10, 137 7, 104 14, 136 13, 113 4.04425
WG997XR 10 28 36923.3 92 7, 147 13, 124 7, 89 13, 140 14, 119 12, 173 10, 175 9, 142 9, 120 9, 117 10, 89 8, 82 11, 169 14, 189 8, 83 9, 100 13, 121 11, 95 12, 172 14, 173 6.32948
VA513HJ 24 26 36924.7 82 12, 110 8, 83 7, 105 9, 175 6.41143
EY532SP 28 29 36930.3 86 5, 123 2.84553
GM024CP 17 20 36939.9 105 12, 113 9, 95 14, 119 9, 171 0.783626
ZL559DM 13 16 36944.2 105 14, 172 11, 162 11, 111 2.36036
YH224FW 16 22 36948.4 113 7, 174 15, 149 15, 188 11, 173 7.21387
LP596FH 18 29 36950.2 184 7, 86 7, 186 5, 166 11, 152 5, 169 13, 142 7, 130 5, 171 12, 132 7, 121 13, 121 7, 89 8, 126 7, 120 10, 149 3.85906
AN813WW 5 28 36958.2 91 6, 103 10, 120 9, 134 6, 190 13, 136 10, 101 10, 164 7, 95 5, 161 10, 142 7, 139 6, 173 12, 124 12, 137 8, 106 11, 144 15, 165 6, 163 7, 113 7, 159 6, 120 14, 141 8, 108 12, 84 6, 136 9, 101 9, 129 6, 174 13, 114 12, 157 6.02548
CG830BN 16 20 36967.6 105 6, 132 11, 134 5, 146 15, 87 9.33333
PA747GY 12 15 36971.8 81 15, 167 5, 87 13, 117 5, 93 9, 86 5.0814
TY823BW 17 26 36975.1 136 5, 163 7, 134 11, 146 10, 110 7, 109 15, 103 14, 170 12, 111 13, 187 12, 157 10, 183 4.82514
MP833NL 21 25 36983.1 120 8, 162 6, 128 12, 90 8, 84 6, 83 15, 152 8.625
JB573LF 12 25 36987.6 84 5, 85 12, 95 9, 128 12, 126 6, 163 10, 81 12, 135 13, 189 13, 185 6, 92 7, 119 9, 156 9, 81 10, 161 14, 160 8, 155 13.471
MF264SJ 23 24 36992 183 8, 185 3.21081
NJ744GG 12 19 36992.6 161 13, 120 9, 176 7, 158 15, 183 10, 80 8, 115 7, 117 1.38462
EC676SM 22 25 36998.4 141 14, 95 6, 102 6, 160 10, 89 8, 83 11.0361
DM074TT 2 24 37005.7 170 11, 185 8, 180 11, 162 5, 94 5, 184 11, 186 8, 137 6, 106 7, 128 6, 159 9, 140 11, 116 9, 111 6, 152 13, 148 7, 111 10, 167 5, 105 11, 145 8, 123 11, 95 12, 98 15, 114 6, 190 14, 149 12, 132 8, 171 4.50292
PM700SM 18 29 37008.9 106 15, 175 13, 163 7, 152 9, 104 15, 161 6, 80 7, 95 13, 176 7, 175 9, 149 6, 153 7, 110 14, 109 6, 142 2.47183
WP006AT 24 27 37009.7 86 5, 82 11, 173 5, 127 15, 81 11, 86 7, 129 5.04651
TH972CN 28 29 37016.1 185 4.21622
ZX809TK 18 19 37022.4 156 4.34615
CS061FB 16 29 37031.3 151 6, 128 10, 182 5, 112 14, 116 15, 120 13, 156 6, 87 15, 115 7, 130 7, 148 5, 168 5, 179 12, 167 5, 154 15, 173 10, 92 3.22826
PX681KZ 1 10 37032.7 167 15, 135 8, 150 10, 177 9, 186 13, 93 14, 106 9, 149 13, 144 9.59028
AV125TZ 18 29 37036.4 103 14, 147 15, 142 9, 152 12, 114 6, 125 7, 130 14, 111 11, 136 13, 133 13, 141 10, 145 5, 98 9, 187 0.796791
JT879BX 25 26 37040.4 135 5, 143 11, 164 0.853659
WA129AH 15 27 37049.5 169 6, 100 5, 106 6, 91 5, 152 9, 125 13, 166 14, 128 6, 129 12, 171 8, 86 6, 121 12, 132 14, 134 8, 117 5, 122 14, 94 7, 158 5, 147 6, 141 0.191489
NK658NM 10 28 37058.7 98 14, 131 15, 146 11, 162 15, 82 7, 127 13, 185 5, 104 8, 139 8, 125 7, 99 10, 167 10, 178 13, 165 14, 130 14, 98 12, 109 13, 142 7, 167 6, 184 6, 135 1.2963
JL541DA 2 11 37068.2 91 14, 161 6, 127 6, 161 13, 120 10, 156 12, 172 7, 185 7, 80 8, 130 11, 101 11, 137 5.17518
JY191MV 27 28 37071.1 102 5.70588
ES709WY 19 27 37076.1 154 13, 183 9, 111 15, 100 11, 164 13, 139 8, 164 9, 151 7, 139 11, 106 5, 125 11, 189 1.83598
YW293XJ 4 17 37080.3 156 15, 87 15, 146 12, 184 5, 179 11, 187 8, 130 12, 93 10, 154 15, 146 15, 108 14, 112 6.78571
ZD805ZB 23 26 37082.7 155 10, 166 13, 118 5, 101 6, 136 12.25
BR057MR 28 29 37092 89 5, 83 4.03614
PB164GJ 28 29 37100.9 134 5, 135 0.814815
RJ740SB 22 26 37110.2 128 7, 127 9, 83 14, 138 7, 160 5, 107 7, 140 8, 131 11, 179 2.76536
AY586NL 9 22 37118.8 118 10, 164 10, 92 15, 93 8, 134 11, 109 5, 87 7, 146 13, 85 14, 168 10, 97 11, 114 15, 81 15, 121 5, 123 10, 131 6.92366
JD452VH 23 24 37122.2 130 6, 140 9.12857
AL454XJ 3 6 37132.2 138 14, 84 9, 130 15, 175 3.94286
FM040KK 19 20 37139.4 155 8, 102 10.0784
WD358YN 16 22 37147.5 89 8, 190 6, 107 5, 153 15, 174 14, 139 6, 190 5, 89 0.561798
PH314WW 15 18 37154.7 94 12, 143 11, 156 5, 182 5, 165 0.624242
MM558VH 28 29 37158.3 187 4.17112
KN514ED 21 26 37160 154 11, 111 12, 161 9, 115 7, 163 8, 186 14, 93 4.8172
NN432DJ 20 28 37166 180 11, 114 10, 118 7, 105 14, 168 8, 101 13, 101 9, 96 13, 139 10, 123 7, 162 6, 96 8.67708
JZ347MN 9 26 37171.5 151 10, 171 15, 172 7, 155 7, 122 6, 171 12, 160 9, 94 12, 121 7, 138 6, 144 15, 107 5, 95 9, 183 7, 135 5, 142 6, 162 7, 135 15, 157 15, 91 7, 143 12, 151 1.52318
PM894MW 11 23 37173.3 122 11, 174 8, 179 15, 132 9, 173 8, 127 8, 84 6, 166 7, 112 11, 90 15, 106 6, 158 8, 190 8, 92 15, 121 5.44628
VA674KW 26 27 37175.5 139 12.4748
GS457CE 4 8 37179.4 109 13, 87 9, 171 8, 189 14, 149 5.77181
ZS904KX 11 25 37180.6 128 11, 83 5, 90 5, 187 13, 137 7, 123 13, 168 6, 111 11, 148 10, 171 7, 188 11, 152 5, 129 6, 185 13, 116 11, 166 12, 101 14, 94 0.414894
BD189VB 19 23 37181.2 168 6, 179 15, 119 5, 110 14, 123 14.9593
ZP903KB 25 29 37188.2 146 12, 119 13, 186 11.7473
CE373NN 28 29 37188.9 116 6.72414
AW053PA 23 25 37192.6 82 6, 91 14, 143 8, 127 10.0157
VW356JS 28 29 37196.4 89 8.76404
YV562LT 11 25 37196.9 129 11, 176 14, 153 10, 105 12, 130 6, 112 8, 185 8, 133 15, 122 12, 149 11, 101 10, 109 8, 165 15, 161 7, 158 15, 109 1.05505
GB712SX 15 19 37198.7 83 9, 144 14, 169 9, 137 6.48175
YV574MY 9 19 37202.6 94 8, 177 7, 104 9, 83 6, 150 10, 134 13, 143 7, 97 11, 100 7, 151 8, 178 14, 81 5.83951
BN922WD 24 29 37211 177 6, 117 15, 133 9, 100 11, 164 6, 146 9, 83 2.36145
NB284CL 10 24 37215.5 169 14, 171 8, 107 10, 179 13, 129 7, 118 5, 150 12, 160 13, 157 10, 90 15, 89 14, 137 15, 115 8, 184 8, 148 2.49324
XP696BY 14 25 37225.5 121 7, 103 15, 136 7, 178 7, 190 7, 144 8, 94 12, 125 14, 119 11, 144 9, 130 9, 102 15, 172 13, 101 4.50495
EJ118JY 11 18 37228.1 183 7, 189 13, 127 9, 173 15, 189 11, 113 5, 188 1.31915
EH423HH 19 20 37232.1 182 10, 104 4.30769
PD409CS 16 20 37234.5 156 10, 101 11, 103 15, 110 9, 136 4.02941
JH617AJ 17 19 37243.5 132 9, 123 11.0244
EF729YE 27 29 37252.3 80 11, 120 4.01667
TA139BD 18 22 37259 182 15, 148 9, 92 14, 126 6.30159
JR607CA 25 27 37263.2 101 15, 89 13, 132 8, 106 3.71698
BT489PL 4 7 37271.1 179 15, 102 5, 110 9, 182 3.64286
GS600WD 18 29 37278 166 11, 105 5, 169 13, 139 10, 182 8, 90 6, 148 10, 161 10, 108 7, 110 5, 136 11, 148 6, 149 7, 102 5, 103 14, 99 3.06061
FN835DN 7 15 37279.5 167 12, 115 9, 172 11, 183 6, 88 7, 86 7, 111 7, 126 9, 153 7, 163 8.21472
KW294JL 26 27 37281.2 112 11, 187 2.68449
YG797BJ 24 25 37282.1 107 8, 168 7.54762
FX513MN 6 16 37288.6 189 13, 82 8, 142 7, 134 8, 109 7, 187 15, 117 7, 150 9, 165 10, 150 11.5467
JD789NA 3 8 37297.8 80 11, 144 11, 81 7, 153 5, 81 14, 94 10, 157 10, 179 6.46927
KL308SC 14 19 37300.3 81 8, 136 10, 161 11, 153 6, 101 5, 152 5.88158
NR270ZC 6 14 37304.6 133 15, 150 8, 161 12, 83 8, 189 6, 160 5, 162 11, 159 5, 90 12, 149 2.05369
EV892ZN 5 16 37314.5 102 7, 103 13, 165 7, 149 6, 107 7, 109 7, 151 14, 160 7, 123 9, 150 15, 140 10, 118 11, 141 10, 87 5, 189 2.78307
PT076AP 27 28 37322.2 158 3.68354
RS245RB 12 23 37328.8 124 11, 107 8, 120 12, 125 14, 105 6, 185 12, 178 7, 91 5, 103 10, 106 11, 136 6, 178 6, 122 10, 110 14, 101 8, 95 2.85263
TC599GB 1 19 37329.9 150 13, 170 7, 103 11, 182 9, 134 12, 142 12, 81 8, 135 15, 101 12, 81 5, 112 5, 99 13, 134 8, 113 10, 88 11, 174 8, 128 7, 112 6, 88 13, 100 15, 144 9, 168 5, 176 0.909091
AW574LL 18 25 37334.5 106 8, 179 9, 177 14, 124 5, 168 7, 140 7, 183 14, 132 7, 172 7.72674
PA118BZ 16 29 37342.3 82 10, 148 14, 182 6, 103 5, 163 7, 132 14, 142 12, 143 7, 86 7, 108 9, 122 9, 158 12, 143 14, 152 11, 139 15, 161 1.86335
WL714WP 24 28 37345.2 94 6, 189 8, 153 7, 119 9, 152 10, 106 8, 187 1.29412
DZ241YE 23 24 37347.2 190 5, 188 5, 81 2.07407
PL576HN 8 22 37355 123 15, 189 11, 171 11, 140 8, 172 15, 103 6, 190 5, 88 13, 100 5, 141 12, 165 12, 122 13, 156 8, 154 4.91558
FC302YC 9 21 37355.6 184 8, 89 11, 187 15, 176 13, 167 5, 189 7, 133 15, 99 10, 90 14, 150 5, 146 9, 139 8, 110 9.88182
HW866EN 26 29 37358.1 97 10, 119 15, 98 3.47959
JT264YD 10 22 37361.6 183 6, 175 10, 142 7, 126 11, 127 6, 82 7, 150 9, 133 15, 162 11, 138 9, 128 7, 86 14, 89 5, 169 8, 134 2.95522
TT706NB 25 26 37368.5 113 14, 177 4.55367
FY308EA 15 28 37372.4 168 13, 187 5, 158 5, 173 14, 125 6, 131 10, 150 14, 98 13, 94 12, 177 13, 88 11, 152 5, 174 6, 170 7, 159 8, 168 7.72619
BS441NA 14 28 37376.8 93 10, 181 9, 101 15, 118 12, 112 13, 80 5, 184 12, 125 11, 123 10, 190 6, 130 14, 93 13, 189 15, 148 13, 146 10.7055
NT981BF 11 27 37385.1 160 7, 155 14, 185 10, 170 14, 187 13, 155 5, 157 5, 183 7, 156 10, 130 9, 104 7, 138 8, 190 6, 94 13, 170 9, 177 8, 101 11, 94 12, 170 12.4529
XT968BL 23 27 37389 138 13, 155 6, 137 6, 93 14, 105 12, 152 13, 155 1.41935
VF598TK 20 29 37390.5 188 11, 176 14, 183 15, 153 7, 185 14, 87 8, 175 11, 92 8, 101 7.63366
ED684DR 17 28 37394.6 119 14, 80 7, 114 11, 126 13, 87 15, 164 14, 105 12, 102 5, 152 15, 154 9, 107 15, 145 9, 126 10, 85 7, 145 1.22759
AC720GC 12 20 37404.2 92 11, 142 5, 84 12, 181 9, 113 6, 164 9, 100 5, 139 7, 92 10, 132 11, 181 5, 117 10, 160 0.29375
ZP625KH 24 27 37412.9 115 15, 175 12, 153 10, 122 7.30328
EK635JV 21 28 37419.7 115 13, 92 8, 173 7, 137 15, 131 9, 84 9, 112 12, 189 11, 159 6.89937
RH079JX 22 29 37428.5 110 6, 168 10, 170 6, 88 6, 120 11, 188 13, 168 6, 178 13, 190 4.70526
LD289AV 24 29 37433.4 107 10, 168 5, 129 11, 133 13, 153 14, 181 2.25414
HR045VP 13 28 37434.4 81 14, 96 5, 81 9, 176 9, 138 14, 111 6, 133 6, 114 13, 94 10, 131 11, 187 15, 83 7, 185 10, 124 13, 92 10, 185 11, 121 15, 103 7, 141 8, 98 8.09184
KX168GD 15 20 37441.6 115 15, 145 14, 123 11, 135 6, 134 9, 145 2.17931
SW590NS 11 26 37447.2 83 8, 176 8, 172 11, 140 6, 130 13, 179 6, 185 8, 109 5, 84 10, 156 9, 119 15, 99 11, 148 9, 156 8, 118 5, 132 12, 175 13, 157 10, 110 12, 115 5.68696
HV924TB 27 28 37451.2 152 3.82895
JT893DR 13 27 37455 104 13, 87 8, 115 13, 144 15, 186 13, 114 8, 155 15, 168 8, 152 10, 131 7, 88 8, 171 12, 115 14, 166 7, 112 9, 152 10, 83 14, 88 5.76136
MR000RR 21 26 37457.9 121 10, 189 7, 189 14, 157 14, 150 6, 163 8.33742
FC177CB 8 24 37462.1 190 11, 149 9, 93 5, 148 15, 105 5, 176 10, 107 6, 189 14, 106 11, 140 14, 110 6, 156 6, 115 11, 137 5, 184 13, 157 8, 138 11, 161 4.42857
RF835LH 16 21 37470.7 96 9, 89 13, 174 15, 179 10, 172 9.69186
XD422TD 22 29 37479.3 87 10, 100 11, 114 13, 139 5, 157 7, 151 6, 167 14, 81 11, 112 15, 155 5.20645
PP044BJ 28 29 37483.1 189 4.12698
VX459MC 2 14 37485.3 123 14, 84 5, 85 15, 86 8, 179 10, 189 15, 176 14, 148 8, 94 13, 171 8, 142 15, 106 12, 184 6.17391
XT773TF 28 29 37488.5 129 6.04651
DN056MT 19 29 37492.9 182 12, 112 15, 89 14, 106 8, 138 5, 188 11, 159 7, 181 5, 189 8, 150 11, 174 14, 176 5.69318
XL476JA 20 25 37499.1 171 13, 96 15, 81 9, 141 15, 123 5, 102 11, 159 8.41509
DY835VL 17 28 37507.1 153 10, 88 15, 90 14, 129 7, 83 6, 119 6, 126 7, 177 11, 113 15, 127 11, 138 5, 121 13, 137 9, 182 13, 112 9.73214
PP550NX 20 22 37512.5 99 13, 116 9, 138 6.28261
SC422HF 3 14 37514.7 138 9, 84 13, 181 9, 107 5, 158 12, 185 9, 147 9, 102 13, 159 10, 184 12, 106 9, 100 9, 82 5, 148 1.66216
KC462JX 14 21 37515.2 139 7, 87 7, 157 12, 165 14, 162 15, 186 7, 130 9.15385
MJ632VX 20 29 37525 168 12, 89 7, 135 9, 183 6, 151 11, 154 5, 159 10, 99 7, 115 9, 82 8, 145 12, 123 7, 127 8.72441
YF518SH 16 29 37525.7 130 12, 149 13, 130 11, 184 13, 143 10, 125 6, 108 11, 130 8, 154 7, 121 14, 125 15, 130 8, 153 8, 188 11.6064
MH255FP 12 23 37533.1 165 7, 155 5, 174 13, 115 11, 172 12, 129 6, 169 13, 187 6, 169 5, 153 11, 103 8, 154 13, 140 6.51429
PH084XG 17 21 37535 139 10, 133 14, 141 11, 92 6, 181 5, 140 6.32857
FM230ST 19 28 37540.7 99 8, 171 6, 120 7, 153 15, 160 10, 136 6, 94 10, 105 5, 109 5, 98 7, 166 8, 161 6, 179 5, 175 6, 182 5, 148 9.05405
XW675MZ 25 26 37549 171 5, 136 11.2721
FE143BE 23 26 37553.2 156 13, 170 12, 162 5, 111 11, 133 3.54135
LA914LJ 10 19 37555.6 86 10, 179 10, 188 8, 123 13, 106 5, 102 12, 147 12, 138 5, 179 10.0503
PZ422LL 1 20 37563.3 96 8, 93 5, 176 8, 130 13, 133 15, 123 5, 156 13, 121 11, 155 9, 92 7, 166 8, 184 14, 164 12, 114 9, 95 12, 136 11, 134 10, 142 11, 105 13, 182 8, 139 6, 145 1.84828
WT347DD 20 24 37571.1 97 8, 145 5, 147 11, 136 9, 161 9, 164 10, 132 0.204545
EN618ZM 1 22 37574.4 117 14, 144 10, 190 14, 104 6, 158 10, 85 5, 171 8, 95 15, 140 14, 188 9, 154 7, 98 14, 188 10, 90 9, 109 7, 96 6, 131 9, 125 5, 155 9, 88 11, 101 14, 171 15, 165 14.903
XE559TS 5 13 37577.2 185 8, 159 11, 145 10, 127 7, 148 11, 124 9, 83 12, 110 10, 168 6, 102 4.43137
MR295BX 22 27 37583 145 14, 186 11, 100 8, 139 9, 162 15, 94 14, 136 4.65441
FJ167CV 11 19 37591.7 98 8, 133 5, 104 12, 148 12, 96 7, 153 12, 91 7, 169 12, 167 6, 185 2.15135
CE314XZ 24 27 37594.7 150 14, 182 8, 121 13, 110 8, 141 1.68085
WB193LC 17 23 37599.8 131 9, 85 13, 119 13, 187 9, 90 14, 153 13, 135 8, 102 3.61765
DF588LP 2 13 37609.7 145 6, 184 15, 181 5, 175 15, 140 7, 145 14, 92 8, 150 6, 133 14, 162 15, 108 5, 83 0.86747
SH957DX 8 21 37618 154 13, 155 14, 145 5, 108 14, 126 10, 127 6, 162 11, 162 10, 158 9, 140 9, 130 6, 160 7, 137 9, 88 11, 153 3.26797
FZ811XS 5 8 37625.4 105 6, 161 14, 141 7, 135 6, 146 10.7192
NV347RL 17 20 37626.4 172 13, 114 8, 95 7, 97 8, 107 2.08411
ZZ078YY 23 25 37633.3 103 12, 107 15, 130 6, 98 5, 110 0.645455
CT731EL 16 23 37635.9 119 15, 176 8, 107 5, 86 10, 159 12, 163 5, 125 9, 116 12, 148 7, 170 1.70588
YM949DD 20 22 37639 87 12, 143 10, 98 7.38776
TB686CT 22 23 37649 123 12, 163 4.45399
AH088ZM 14 16 37657.3 167 11, 138 5, 126 0.65873
DW700ZW 10 28 37663 166 8, 126 8, 125 5, 187 8, 126 14, 120 8, 183 10, 118 8, 175 15, 167 9, 178 12, 177 15, 93 5, 180 10, 168 8, 81 9, 164 12, 85 11, 101 7, 90 6, 154 6.18182
BE513GN 20 26 37668.9 189 5, 117 13, 85 5, 177 7, 178 10, 145 7, 182 7, 157 14, 114 10, 186 2.32796
GF943XT 18 20 37676 110 9, 117 10, 103 7.63107
BH507SF 3 16 37680.4 176 14, 147 8, 164 5, 150 12, 97 8, 172 15, 134 9, 127 11, 129 14, 102 9, 123 11, 186 15, 81 6, 88 0.613636
SL302BG 25 28 37685.7 158 7, 189 5, 90 13, 148 5, 182 4.08242
SX885PX 20 21 37691.7 113 10, 107 10, 146 0.917808
VJ267FF 13 19 37692.7 163 13, 152 15, 148 14, 90 8, 101 9, 93 8.51613
NL571JC 11 17 37695.1 183 12, 144 13, 109 13, 116 6, 170 13, 170 0.652941
AZ498LF 25 27 37704.5 87 9, 88 9, 134 5, 150 5, 139 8.10791
MK479LJ 1 12 37708.3 95 13, 117 8, 86 5, 112 10, 179 12, 181 13, 165 7, 108 13, 184 6, 90 11, 85 13, 104 11, 169 6.47337
EN466JG 20 21 37712 166 9, 90 9.33333
YR010YS 5 8 37718.4 109 9, 80 12, 96 9, 174 11, 123 6, 177 4.45763
KF245ZT 26 28 37727.3 129 8, 142 9.04225
RP594FJ 28 29 37734.7 166 4.6988
GK419AV 18 24 37741 159 5, 130 10, 122 7, 156 9, 166 6, 124 10, 96 13, 106 15, 167 5.8503
RM519SD 12 21 37742.5 104 8, 153 5, 109 13, 138 9, 103 6, 188 6, 178 9, 157 14, 164 10, 99 5, 123 8, 174 5, 178 5.74719
CP502NZ 11 29 37748.7 89 6, 157 7, 90 7, 144 14, 167 6, 180 9, 177 15, 143 7, 173 8, 104 12, 189 8, 133 10, 156 9, 103 13, 111 12, 186 7, 144 12, 166 10, 155 12, 125 7, 107 7.93458
GA045GS 5 10 37757.9 170 8, 174 5, 164 6, 123 14, 122 5, 140 15, 118 6, 149 4.33557
ZJ832HH 5 22 37761.2 107 14, 132 9, 145 7, 98 8, 151 14, 124 14, 141 8, 178 9, 109 10, 125 8, 159 8, 121 12, 178 6, 109 14, 80 8, 136 15, 171 14, 137 6, 183 10.1475
YF341ZG 27 28 37769.3 146 3.9863
DG770FG 25 26 37778.9 80 12, 103 11, 108 2.73148
VP469FH 28 29 37783.4 128 6.09375
WA158RT 5 22 37789.4 140 6, 160 5, 115 12, 182 15, 86 14, 180 7, 182 13, 167 5, 189 11, 178 7, 148 10, 88 5, 96 5, 89 10, 187 15, 91 10, 95 7, 83 15, 113 7, 175 9, 98 2.09184
CB633SH 21 26 37790.8 91 10, 121 11, 127 15, 96 13, 133 8, 184 15, 114 3.66667
PG669CC 25 28 37797.5 96 9, 167 7, 140 12, 186 5.32796
CJ956YA 5 29 37801.8 148 11, 161 13, 149 15, 152 6, 168 13, 100 8, 179 10, 144 13, 171 15, 178 8, 124 12, 149 6, 113 6, 106 6, 163 6, 114 9, 141 7, 114 12, 186 7, 86 6, 96 7, 155 7, 118 14, 170 8, 110 5, 162 9, 82 8, 93 7, 93 5, 124 14, 110 3.93636
SL885HB 17 20 37810.7 172 11, 132 9, 90 13, 92 6.1087
PE559MP 24 26 37812.9 168 7, 106 10, 109 15, 89 5, 157 1.24841
ZH420CX 24 26 37816.4 185 10, 94 15, 103 6, 188 3.37234
CP375YM 16 19 37820.4 131 10, 127 5, 119 12, 94 1.20213
NT034YF 2 17 37822.8 121 13, 138 5, 128 7, 96 7, 142 6, 186 7, 151 11, 156 11, 121 5, 181 11, 182 13, 81 11, 166 12, 159 10, 139 12, 105 5, 188 11
ZX030PV 2 5 37831.3 163 8, 94 13, 101 7, 88 10, 164 4.44512
VL196CR 6 29 37840.8 85 11, 183 7, 85 13, 179 13, 128 15, 174 10, 120 12, 185 12, 158 9, 94 6, 147 8, 150 15, 180 8, 110 15, 124 12, 106 5, 177 8, 140 12, 114 9, 119 15, 184 9, 189 10, 88 13, 143 7.22378
WX585SY 1 20 37843.8 114 11, 188 9, 144 6, 139 8, 102 11, 96 11, 83 8, 178 11, 108 14, 136 13, 106 10, 124 8, 142 13, 101 13, 134 10, 102 15, 144 8, 163 7, 82 5, 185 8, 119 14, 103 13, 116 3.68103
HT334ET 23 27 37852.7 105 9, 82 7, 123 10, 108 7, 125 9, 101 15, 113 14, 175 3.29714
YG610XP 1 23 37860.6 103 6, 181 14, 147 10, 123 8, 84 11, 189 15, 85 11, 137 13, 122 9, 85 13, 82 10, 83 12, 183 11, 135 14, 92 10, 104 11, 174 15, 116 8, 140 5, 107 10, 97 14, 84 11, 154 9, 89 13, 173 10.9711
PA418GK 23 28 37868.3 89 9, 149 5, 142 9, 97 5, 152 5, 151 8, 92 5, 95 10, 106 15, 114 5.34211
MV507FX 1 19 37876.2 170 6, 176 10, 176 12, 93 15, 165 8, 95 12, 171 5, 175 10, 91 6, 87 14, 124 5, 162 10, 116 12, 138 10, 132 9, 154 9, 137 6, 101 10, 154 10, 156 14, 184 0.934783
KT554DL 10 23 37884.3 169 11, 140 8, 162 14, 136 5, 166 6, 107 14, 165 9, 173 9, 190 12, 131 15, 155 5, 114 7, 95 14, 153 5.33987
EW340WB 17 29 37893.3 118 13, 148 10, 176 12, 98 10, 125 7, 81 6, 155 6, 82 5, 189 9, 117 7, 186 12, 160 13, 161 9, 130 8, 177 9.88701
MH465NJ 15 18 37900.5 182 10, 162 14, 144 2.81944
PF193MY 3 11 37908.2 114 9, 113 9, 116 5, 151 15, 161 11, 93 6, 126 7, 169 13, 105 13, 146 2.77397
JZ184RV 7 12 37911.8 144 11, 103 8, 134 10, 139 14, 154 5.41558
JV952RZ 1 11 37920.3 153 5, 99 10, 166 15, 185 8, 81 9, 82 9, 108 8, 137 13, 189 7, 105 15, 150 9, 93 9, 88 5.25
EV793XD 28 29 37927.1 143 5.45455
ZA492NP 17 28 37932.4 187 12, 138 10, 146 12, 119 15, 82 15, 80 7, 186 11, 96 6, 112 8, 166 8, 115 11, 89 8, 119 5, 91 12, 127 12.8898
TS694DX 5 22 37935.2 189 10, 132 12, 91 5, 190 14, 180 6, 186 7, 167 7, 178 5, 168 13, 161 10, 144 15, 118 6, 94 12, 129 12, 168 14, 182 11, 184 8, 150 0.213333
LB320EY 3 19 37939.5 117 11, 172 13, 137 13, 159 7, 85 8, 149 14, 87 11, 108 9, 148 7, 160 12, 89 10, 170 5, 91 9, 157 8, 114 12, 101 14, 118 8, 145 7, 175 2.78857
AD610YM 15 21 37944.8 93 5, 146 6, 111 14, 185 6, 123 5, 177 7, 119 13, 126 12, 150 5.70667
WW647GT 10 18 37949.5 149 10, 170 7, 101 9, 169 14, 90 11, 99 8, 118 11, 183 11.1858
KK180LD 25 27 37951 180 9, 190 12, 114 1.94737
JG055NB 26 28 37951.7 140 9, 130 8, 160 0.1
JJ546XH 3 5 37955.8 186 12, 86 1.39535
EX243YT 11 27 37963.1 186 8, 138 15, 146 7, 94 14, 142 13, 84 11, 158 11, 88 12, 106 6, 113 12, 127 12, 102 7, 112 8, 115 5, 140 10, 113 5, 178 14, 83 12, 159 6, 176 12, 146 9.16438
NX676NR 21 22 37967.5 105 8.22857
HG456FL 8 10 37968.9 140 6, 145 13.2
XN287PR 2 5 37975.4 98 15, 82 7, 139 7, 127 8, 187 4.3262
WS371NT 8 17 37983.6 184 9, 131 12, 174 12, 120 15, 154 11, 101 15, 140 11.75
BH392TA 21 27 37985.4 187 8, 128 5, 106 11, 136 11, 131 10, 110 7, 128 15, 181 5, 87 10, 190 4.19474
WP128GJ 15 24 37992.7 117 8, 159 12, 90 12, 91 11, 87 5, 187 12, 123 8, 82 5, 187 8, 176 14, 171 11, 101 0.584158
RV223FX 6 27 37997.5 139 15, 139 7, 171 10, 113 8, 178 8, 86 12, 149 9, 190 9, 119 12, 172 15, 128 9, 160 5, 84 13, 135 6, 176 12, 171 15, 149 12, 184 15, 178 9, 135 7, 175 5, 119 14, 160 2.5125
CH764SA 22 24 38000 83 6, 122 10, 156 11, 185 4.46486
GK697RZ 4 16 38001 100 10, 165 11, 105 5, 174 10, 89 12, 168 13, 99 13, 184 12, 162 14, 91 13, 113 9, 89 13, 103 6.31068
YG292FD 19 21 38009.8 114 9, 163 12, 121 13, 126 0.373016
TW374KF 28 29 38010.4 189 4.12698
PJ695LJ 24 29 38017.3 104 13, 92 6, 137 11, 181 9, 90 6, 113 7, 98 12, 134 0.455224
AP676EZ 19 20 38019.5 158 9, 112 7.55357
CX449ZG 3 18 38027 142 9, 106 12, 124 14, 82 10, 165 7, 180 9, 80 7, 137 11, 107 11, 105 8, 127 15, 125 9, 180 6, 121 9, 117 9, 105 7, 140 15, 86 10, 185 2.82162
CY682XR 22 27 38036.5 133 14, 147 5, 86 14, 126 10, 153 12, 112 9, 155 6, 109 15, 124 0.290323
PP329ZB 24 28 38042.7 180 10, 174 7, 109 12, 138 12, 127 6.66142
MC627AZ 26 29 38043.7 116 15, 146 8, 133 1.41353
ZC655VF 6 27 38046.7 111 13, 86 5, 143 7, 127 5, 184 8, 157 6, 106 12, 146 7, 116 7, 115 15, 100 14, 102 10, 159 5, 112 10, 186 12, 144 8, 132 15, 94 12, 188 14, 190 5, 102 13, 103 11, 158 7, 114 11, 106 14, 179 12.7933
BE876MZ 21 27 38050.7 150 9, 144 5, 135 12, 139 14, 157 6, 89 9, 190 15, 105 7, 138 2.94203
XZ001RC 15 26 38056 106 10, 108 15, 139 11, 143 11, 161 5, 168 15, 155 5, 91 9, 81 9, 190 8, 181 15, 178 10, 112 14, 164 2.42073
SK717TH 13 20 38057.9 175 9, 125 8, 156 10, 160 12, 104 13, 154 14, 81 8, 97 9.78351
LF688SR 17 22 38067.2 165 8, 151 9, 185 6, 108 6, 163 15, 101 6, 170 3.07059
BB383TD 24 28 38072.6 96 6, 94 11, 109 7, 137 10, 166 8, 171 5, 88 8, 149 1.32886
AB064JT 21 22 38079.7 119 7.2605
CA787NS 16 27 38086.4 182 8, 156 6, 102 7, 174 15, 127 12, 88 7, 180 5, 153 13, 92 5, 113 5, 149 13, 98 11, 160 10, 106 10, 163 12.3497
FJ792TZ 5 6 38088.9 98 11, 103 6, 188 6, 186 0.817204
VY665AB 19 25 38096 85 13, 160 9, 147 7, 174 15, 148 12, 103 9, 177 8, 165 9.37576
MS673FH 21 27 38101.4 182 7, 153 13, 115 6, 90 5, 150 12, 96 14, 183 12, 110 10, 112 4.70536
TC102VK 2 25 38108.8 115 11, 119 12, 127 5, 110 10, 84 12, 92 11, 116 15, 110 7, 92 10, 95 8, 92 5, 175 5, 189 9, 105 7, 115 15, 155 11, 168 7, 107 9, 96 5, 123 8, 171 10, 90 10, 171 14, 162 13, 149 6, 124 15, 167 15, 94 10, 143 15, 184 3.02174
XF138CM 3 29 38112.2 111 7, 121 11, 106 9, 144 14, 186 8, 164 9, 88 15, 147 9, 106 7, 165 9, 144 15, 87 5, 190 14, 154 8, 135 13, 178 8, 110 6, 127 14, 189 14, 180 10, 180 5, 167 6, 146 10, 140 10, 178 6, 82 8, 124 7, 174 10, 166 9, 175 2.26286
TW911SM 1 9 38122 114 6, 106 15, 151 15, 128 14, 96 11, 172 13, 170 13, 130 6, 169 1.23669
LG378GC 25 28 38124.6 94 7, 94 14, 160 7, 147 10.9524
EP204WC 23 28 38125.4 129 11, 144 7, 83 13, 176 7, 152 11, 182 13.6044
ZE855BK 16 18 38134.1 123 13, 127 9.51969
MT681FH 21 26 38141.6 110 6, 151 12, 184 14, 143 14, 152 10, 182 5.85714
DN520LN 22 24 38147 162 13, 146 10, 113 6.14159
VX307GY 19 21 38149.4 105 8, 93 10, 130 8, 166 10.7952
SE677RE 20 24 38155.1 126 12, 110 7, 81 15, 182 8, 148 5, 81 10, 93 9, 109 1.08257
SC235ZC 23 27 38158.1 130 5, 176 11, 137 8, 104 15, 182 6, 148 8, 81 9, 104 0.548077
YE591DY 28 29 38160.8 140 5.57143
FJ923NV 7 17 38164.9 155 5, 89 5, 169 12, 119 8, 107 15, 166 15, 188 10, 185 5, 154 15, 101 7.78218
HT851PF 26 27 38170.8 173 5, 138 6.2971
SG588MX 15 25 38173.8 87 6, 134 9, 175 5, 179 15, 186 5, 182 14, 166 9, 117 9, 106 13, 173 14, 90 15, 183 3.05464
WP156FP 3 18 38181.8 124 6, 119 5, 173 11, 121 13, 115 13, 149 7, 168 13, 87 5, 100 12, 119 8, 102 7, 111 15, 155 14, 144 5, 122 15, 147 8, 167 11, 94 2.10638
GH206GV 22 27 38186.9 82 7, 112 10, 90 12, 93 7, 138 11, 183 9, 141 7, 129 7, 110 8, 122 9.39344
LN069CA 12 21 38188.9 128 10, 83 10, 126 6, 161 15, 151 11, 127 5, 179 5, 114 9, 163 15, 94 5, 118 11, 119 9.26891
JT897TJ 26 29 38190.5 131 9, 82 10, 136 8.06618
HH915YH 5 18 38196.6 95 15, 176 8, 136 11, 187 11, 114 9, 93 13, 181 10, 109 12, 137 6, 102 6, 112 7, 170 6, 182 8, 185 11, 188 8.58511
CT299JC 21 22 38198.1 181 4.77348
MD350GC 15 24 38202.8 166 6, 112 6, 183 10, 140 8, 153 13, 103 13, 180 14, 171 10, 108 15, 84 13.119
EC391RV 24 27 38210 126 15, 133 9, 126 7, 105 11, 116 9.67241
XP370EX 28 29 38212.1 177 4.40678
GB914ZE 24 27 38221.1 165 10, 95 15, 87 6, 178 12, 137 3.74453
TF800VG 27 28 38223.7 98 5, 132 0.69697
HS055VM 19 28 38227.6 159 15, 162 12, 168 11, 143 9, 155 9, 159 10, 126 8, 184 12, 173 8, 92 5, 145 7.2069
JF149HG 10 22 38233.9 147 13, 165 11, 90 11, 142 9, 152 7, 128 12, 138 11, 150 12, 162 14, 118 7, 145 14, 138 1.37681
KP365ZK 2 29 38240.3 133 14, 90 5, 168 5, 110 5, 163 6, 93 10, 176 7, 158 10, 140 5, 173 13, 181 9, 175 5, 185 11, 134 10, 130 11, 127 8, 88 14, 123 14, 101 15, 160 10, 167 5, 146 7, 83 13, 186 9, 188 11, 117 9, 121 7, 120 14, 143 9, 149 6, 162 5, 176 14, 96 9, 99 6
WL270EN 19 20 38244.8 124 9, 121 9.52066
YG628ZC 24 26 38247.1 146 12, 172 13, 90 5.82222
CC345YM 15 29 38248.5 167 6, 94 8, 175 10, 109 11, 120 7, 84 14, 161 8, 173 5, 99 13, 151 12, 80 15, 178 10, 87 12, 165 13, 183 9, 80 5, 87 10, 110 7, 102 5, 123 1.37398
YD197EY 28 29 38252.2 86 6, 116 2.27586
DZ274HA 1 29 38260.1 87 12, 122 8, 145 14, 184 15, 95 11, 130 10, 118 10, 82 5, 168 6, 148 5, 143 6, 136 13, 164 7, 151 8, 100 5, 167 13, 155 11, 173 6, 104 15, 102 9, 103 13, 182 12, 87 10, 97 13, 152 8, 116 11, 153 14, 180 8, 86 7, 131 11, 93 8, 167 14, 128 11, 152 0.894737
TH134TD 6 29 38262 166 12, 130 9, 124 5, 140 9, 110 12, 92 8, 105 13, 168 12, 125 11, 136 10, 85 6, 83 14, 173 9, 86 11, 118 8, 91 13, 172 12, 112 5, 155 15, 123 10, 102 13, 153 14, 157 9, 96 15, 168 14, 133 5.6391
VT246BJ 26 28 38271 177 11, 182 2.02747
MT099SC 3 9 38273.1 82 6, 182 15, 122 8, 184 13, 149 13, 170 5.74706
VW852NH 26 27 38282.2 173 9, 118 1.5
ZH363PT 26 27 38287.3 120 11, 97 4.26804
RA100FK 11 12 38288.4 179 4.65922
VE586BN 18 23 38296.4 111 7, 136 15, 112 7, 80 11, 96 8, 135 13, 188 5, 130 3.09231
LV839NR 5 15 38302.4 142 14, 126 12, 171 12, 142 8, 94 9, 161 14, 100 8, 83 12, 92 9, 126 10, 86 14, 99 7.19192
ZL920AA 10 21 38304.8 102 5, 158 5, 140 13, 164 15, 110 6, 168 8, 113 12, 103 12, 158 8, 183 8, 182 13, 144 6, 129 1.76744
YG173EL 4 26 38305.4 180 6, 157 10, 168 12, 188 13, 134 10, 168 5, 111 9, 149 15, 160 5, 132 15, 85 7, 116 15, 149 6, 161 10, 92 12, 177 10, 118 5, 154 15, 102 5, 176 13, 119 13, 90 7, 169 9, 111 12, 145 8, 152 6.05921
TB498WF 18 23 38309.9 111 14, 146 14, 81 10, 104 15, 107 15, 112 6.90179
BH843LT 28 29 38312.1 111 7.02703
NV441HP 19 24 38320.2 103 9, 92 13, 125 12, 158 15, 157 8, 132 5, 110 5, 130 9.74615
NW812HX 23 26 38325.8 148 9, 182 15, 114 9, 165 8.98182
BR680HA 23 25 38332.9 86 5, 80 11, 160 9, 96 9, 88 6.45455
BP494XA 17 24 38336.8 87 5, 166 12, 153 10, 151 9, 113 15, 133 15, 157 11, 80 6, 159 5, 101 2.59406
XS451XF 15 22 38346.6 150 9, 116 15, 125 11, 97 8, 150 9, 105 8, 109 8, 97 7, 94 15, 104 2.36538
YH101LN 5 13 38354 158 11, 178 11, 104 9, 161 15, 90 5, 99 5, 114 9, 153 7, 87 10, 178 5.10674
SH869AK 21 24 38357.1 167 5, 125 10, 156 6, 125 9, 175 5.58857
ES087DM 27 29 38360 171 7.96491
AX770MC 15 20 38369.5 140 15, 157 5, 166 13, 80 12, 178 8.07303
DW367GP 26 28 38377 177 8, 82 10.9756
PA582XY 17 28 38386.4 163 7, 95 9, 138 6, 99 7, 159 7, 105 5, 189 14, 134 15, 185 9, 127 7, 158 9, 189 11, 156 13, 170 7.08235
LK440HR 27 28 38391.4 92 6.32609
AA302TD 15 24 38395.6 136 9, 144 10, 115 14, 162 13, 106 15, 130 5, 161 5, 139 7, 173 9, 101 7, 176 10, 120 3.96667
LR525AL 15 17 38405.4 161 9, 114 10.3421
AV034SY 25 26 38409.1 86 12, 159 8, 88 0.954545
XR730PZ 16 24 38414.6 186 10, 156 14, 119 6, 158 10, 174 11, 92 15, 114 9, 110 11, 109 12.3303
EX492LM 11 14 38424.1 93 9, 179 10, 154 9, 122 7.68033
VF241VZ 13 15 38433.8 147 8, 97 14, 135 8.78519
AV798DS 11 28 38435.9 122 15, 165 14, 144 7, 186 5, 171 5, 154 15, 167 9, 93 10, 86 14, 108 5, 177 12, 172 15, 137 13, 113 8, 162 10, 122 13, 185 10, 190 9.13158
DG736GX 6 8 38445 92 9, 124 14, 158 4.46835
NS008VC 14 23 38448.8 132 15, 129 10, 136 11, 175 11, 180 5, 186 9, 137 8, 118 11, 125 13, 122 3.93443
MR449GT 24 29 38456.3 174 15, 123 6, 100 5, 156 12, 148 7, 184 4.63043
BG765XD 5 11 38459.1 141 14, 178 8, 114 9, 172 8, 90 15, 149 10, 172 6.24419
KX593BD 26 27 38461.8 190 9.12632
JR309BB 27 29 38467.6 84 10, 102 5.11765
VN998ZB 24 27 38470.1 172 15, 175 9, 114 13, 154 3.95455
NN443GH 13 20 38473.4 136 12, 125 5, 102 6, 187 5, 111 8, 97 10, 102 12, 159 10, 189 5, 148 11.75
YV575YS 10 15 38476.9 109 12, 119 11, 180 12, 81 7, 133 8, 189 0.952381
JP417AG 10 29 38478.2 81 6, 154 9, 153 13, 100 11, 103 8, 109 8, 110 5, 115 13, 166 5, 178 7, 143 9, 122 15, 131 9, 93 8, 156 7, 150 14, 88 9, 187 6, 109 6, 119 9, 154 7, 168 6, 139 5, 120 7, 128 14, 139 6, 150 1.32
ZG473ZT 14 21 38487.4 129 15, 136 8, 186 11, 158 10, 161 5, 143 6, 89 15, 160 6.56875
MJ737KX 15 23 38493.5 125 15, 130 14, 173 7, 90 5, 184 10, 122 12, 146 10, 166 11, 182 4.91209
RW453TL 12 15 38496.4 143 7, 139 5, 166 5, 177 14.2034
GK361CJ 22 28 38503 123 5, 145 13, 82 8, 120 14, 161 7, 145 5, 185 7, 164 11, 171 7.60819
YA106YC 20 29 38510 96 15, 86 11, 124 11, 120 14, 101 10, 166 14, 156 7, 146 7, 179 12, 81 14, 165 5.49091
TY879CS 20 26 38514.1 111 8, 134 9, 174 7, 84 8, 165 11, 123 5, 160 14, 112 6, 181 6, 157 9.92357
FC380GC 12 22 38523.5 173 9, 122 12, 127 12, 80 8, 129 10, 171 8, 82 9, 184 15, 117 7, 120 13, 146 6, 113 9, 85 0.764706
PE640LY 15 25 38526 97 10, 120 7, 105 8, 149 15, 139 9, 170 5, 108 15, 173 12, 183 14, 155 5, 118 12, 112 9, 174 3.32759
CA734NY 12 21 38529.2 133 5, 174 9, 169 14, 133 8, 189 10, 160 8, 184 11, 179 9, 188 11, 96 2.91667
BK228CS 3 18 38537.7 145 15, 134 12, 174 12, 140 7, 134 6, 154 8, 152 9, 132 6, 136 9, 185 8, 127 9, 87 8, 178 14, 172 11, 145 13, 156 3.6859
FD924CX 26 29 38546.3 91 12, 111 15, 148 2.29054
EW517ET 11 15 38552.9 96 5, 85 7, 90 12, 144 14, 95 6, 184 6.15761
AM577LF 20 24 38560.9 133 8, 117 14, 140 15, 135 14, 113 6.77876
LN500JL 7 17 38569.7 103 12, 146 10, 155 14, 175 5, 167 14, 105 10, 111 5, 157 6, 145 13, 126 6, 132 7.03788
XS540RJ 26 29 38576.9 99 13, 164 6, 133 6.20301
NY007EM 26 27 38586.2 151 11, 166 0.439759
LP774RN 9 18 38593.9 95 9, 135 14, 91 8, 141 13, 171 8, 164 12, 121 7, 103 10, 118 7, 167 9.49102
CT165CK 23 28 38599.4 179 15, 179 14, 84 11, 175 10, 124 8.23387
FT163HF 10 15 38600.5 135 5, 187 8, 151 9, 183 6, 187 10.4813
EX105RM 1 2 38610.2 96 8, 122 0.491803
ZY136DK 22 26 38619.5 166 14, 121 6, 113 14, 151 5, 142 14, 118 11.839
WF497EW 23 26 38623.7 134 13, 170 8, 110 12, 190 6, 158 6.37975
MT652HC 5 14 38633.2 116 6, 86 13, 92 15, 150 10, 122 10, 177 6, 87 9, 148 13, 88 10, 159 10, 156 15, 153 1.11765
AX207VH 7 13 38642.2 172 13, 187 6, 97 7, 150 14, 104 11, 119 4.76471
PX351VY 8 28 38645.5 175 9, 135 15, 122 6, 144 14, 99 14, 120 13, 146 13, 98 9, 140 6, 158 12, 153 6, 93 14, 95 12, 87 8, 96 8, 170 8, 120 11, 138 10, 98 12, 156 12, 91 15, 150 6, 81 9, 130 10, 164 0.195122
VL393ZH 5 28 38655.2 132 14, 173 8, 175 12, 184 13, 143 13, 89 5, 130 6, 111 14, 153 14, 152 13, 142 9, 128 6, 87 9, 139 8, 187 12, 143 10, 130 7, 178 5, 173 13, 182 5, 142 10, 153 13, 116 5, 96 8, 80 7, 105 6, 106 13, 174 5.37356
ML417BS 7 22 38656.6 136 12, 147 14, 159 7, 116 9, 119 11, 172 6, 159 9, 187 15, 130 15, 161 14, 104 11, 169 9, 175 13, 92 6.93478
AD631MV 13 18 38665.1 111 5, 180 6, 138 14, 89 10, 151 9, 128 8, 145 7, 111 3.23423
TA897MV 4 23 38671.4 181 10, 91 6, 135 6, 133 6, 90 9, 164 15, 145 7, 80 9, 158 7, 165 15, 151 15, 103 14, 88 14, 96 7, 110 12, 119 15, 162 12, 166 13, 153 15, 145 10.9862
MP533EJ 14 20 38673.9 178 6, 156 9, 107 8, 81 12, 137 6, 103 6, 153 7, 89 5, 163 6.79755
LL618GF 12 25 38677.7 175 14, 120 14, 121 7, 176 9, 105 14, 124 7, 148 11, 116 11, 181 12, 149 13, 131 7, 116 6, 88 10, 100 5, 177 9, 118 5, 166 5.86747
YD916FH 7 26 38678.4 137 14, 184 14, 120 13, 156 12, 142 13, 163 9, 139 14, 162 15, 159 12, 162 7, 148 10, 187 6, 86 14, 131 12, 100 6, 81 15, 89 7, 169 11, 108 7, 147 12.8571
JK431HH 20 23 38683.2 157 6, 84 11, 159 5, 128 8, 177 9, 111 1.0991
TB250WA 16 29 38685.3 97 8, 121 14, 179 15, 108 9, 86 12, 87 10, 96 5, 131 7, 116 12, 170 5, 147 13, 181 6, 180 8, 160 11, 119 6, 93 7, 89 10, 105 6.66667
YN142RC 28 29 38692.8 91 8.57143
WV000PA 17 29 38693.7 167 5, 148 6, 139 6, 116 8, 87 8, 99 6, 103 10, 121 9, 136 7, 96 13, 101 10, 91 12, 109 8, 105 10, 112 6, 172 11, 158 10, 125 11, 172 7.21512
PG931TA 20 21 38702.7 131 7, 97 7, 87 5, 163 1.8589
VT116JL 4 10 38704.1 160 6, 110 14, 133 11, 93 5, 128 12, 114 15, 96 15, 124 5.75806
DM034GE 16 24 38705.9 97 6, 105 5, 166 8, 189 6, 120 5, 85 12, 169 14, 181 10, 139 10, 124 14, 93 7.75269
ZJ160KM 6 22 38710.8 138 5, 161 12, 138 12, 148 10, 148 6, 172 8, 124 5, 89 10, 106 12, 102 6, 130 13, 176 6, 141 13, 163 14, 104 11, 103 8, 156 6, 152 9, 140 5.00714
JG092EN 21 22 38713.4 115 7.51304
GT331SJ 2 26 38718 168 13, 130 11, 176 10, 116 5, 189 13, 130 14, 147 12, 145 9, 100 9, 164 11, 157 8, 171 7, 167 12, 186 13, 131 7, 152 14, 129 12, 128 7, 90 13, 176 13, 107 7, 175 10, 136 8, 81 9, 150 15, 111 12, 117 0.991453
XV560NA 14 25 38724.8 185 15, 80 5, 105 12, 84 13, 95 6, 172 12, 179 11, 186 6, 117 7, 158 15, 146 5, 131 5, 93 7, 150 9, 123 1.01626
VF215CX 6 7 38732.8 90 6, 94 5, 103 0.330097
CX848ME 2 12 38740.8 190 13, 159 11, 188 11, 137 7, 84 6, 136 13, 147 15, 149 8, 123 7, 116 13.9138
EY372HS 5 15 38747.2 166 12, 143 13, 101 14, 112 5, 139 13, 154 10, 82 8, 179 12, 111 10, 158 13, 86 5, 182 0.0989011
BB982ES 1 10 38748.6 131 12, 92 15, 137 13, 166 13, 83 7, 156 14, 168 13, 150 9, 121 12.2314
YE184HL 25 26 38749.2 152 9, 126 5, 111 3.51351
AF890KR 19 21 38750.1 133 12, 123 13, 114 12.3421
BG753GV 12 14 38754.6 138 14, 161 8, 112 6, 110 2.03636
GW840BY 6 20 38764.2 129 11, 135 10, 104 13, 99 15, 125 6, 176 8, 173 12, 102 12, 85 7, 185 8, 111 9, 163 6, 189 5, 173 15, 169 5, 92 5.98913
RM771ZJ 26 27 38766.7 176 8, 106 3.07547
NC257BJ 2 19 38770 142 9, 146 13, 128 15, 164 7, 100 13, 145 5, 99 14, 134 5, 135 13, 145 9, 186 13, 187 8, 116 6, 135 10, 99 11, 81 10, 145 7, 164 8, 83 6, 124 8, 171 3.16374
XA520TN 28 29 38778.9 89 7, 82 1.91463
BG785YJ 24 26 38785.1 137 12, 131 8, 117 12, 106 3.92453
TR547NW 21 25 38792.8 114 11, 171 15, 181 15, 109 6.55046
FV328JH 25 27 38794.4 181 11, 86 9, 150 8, 105 1.49524
SK634JJ 3 21 38799.2 97 12, 89 7, 156 9, 148 9, 144 9, 82 10, 159 11, 113 10, 162 13, 164 9, 126 8, 160 7, 151 13, 106 6, 182 14, 134 10, 130 10, 163 7, 153 7, 114 9, 114 10, 180 1.78333
GD175VL 1 16 38800.9 175 10, 176 9, 140 8, 81 11, 94 15, 92 5, 160 6, 111 13, 186 12, 141 6, 111 13, 135 7, 107 8, 87 14, 177 10, 133 15, 140 7, 181 5.75138
HG805YJ 10 14 38810.6 172 11, 84 10, 150 8, 176 9.84091
JV757VW 8 20 38812.6 168 12, 114 15, 127 6, 185 12, 104 14, 119 8, 138 12, 151 5, 130 14, 158 9, 108 9, 99 5, 100 5.46
PY171PK 26 29 38819.9 94 5, 151 6, 125 12, 109 2.01835
XA830NJ 23 26 38826.1 149 14, 89 6, 94 9, 143 11, 103 6, 108 8.4537
HY529LL 11 25 38826.8 146 10, 174 15, 130 12, 164 8, 116 15, 86 11, 177 7, 148 13, 132 5, 165 13, 145 12, 177 10, 117 14, 128 9, 84 11.9048
GT746RV 4 12 38834.3 109 10, 142 6, 160 5, 87 5, 174 8, 81 14, 113 8, 103 11, 181 14, 160 6.8875
AL295RP 14 18 38836.1 147 5, 154 9, 111 11, 119 9, 118 8.51695
ME727AC 22 26 38845.6 81 8, 108 10, 82 5, 118 14, 80 8, 134 7, 99 13, 128 15, 165 1.19394
BX562GN 19 22 38854.3 110 10, 86 8, 150 12, 125 10, 177 3.54802
WN872RN 28 29 38860 123 6.34146
ZN181BM 19 20 38864.4 124 13, 151 4.34437
MA785KE 28 29 38871.8 103 7.57282
CZ212JJ 21 23 38879.2 154 6, 92 7, 134 10, 156 1.01282
XD734WY 4 5 38885 101 8.19802
WA749YR 5 15 38891 181 15, 145 15, 124 15, 188 9, 92 11, 132 11, 109 9, 127 11, 189 8, 105 7.54286
EA549JC 1 12 38895.5 182 9, 106 12, 174 7, 120 10, 161 11, 109 14, 133 15, 108 13, 137 10, 159 5, 109 9, 83 12.6265
AH148VM 28 29 38897.6 109 7.15596
HT223VJ 10 28 38901.3 103 13, 141 14, 90 14, 98 6, 95 14, 178 5, 93 15, 126 7, 87 15, 147 8, 147 14, 151 7, 156 10, 160 10, 168 6, 114 15, 172 11, 99 13, 98 12, 138 10, 182 7.95055
LJ984GY 3 23 38907.2 162 15, 167 13, 133 7, 100 14, 112 7, 129 5, 177 14, 107 12, 126 5, 144 6, 84 15, 94 12, 127 6, 88 13, 106 15, 178 11, 139 15, 132 12, 173 8, 137 8, 136 14, 121 10.4793
ZS263WZ 13 22 38912.3 167 10, 105 12, 180 6, 108 8, 136 8, 90 7, 175 7, 85 10, 182 12, 120 9, 138 11, 180 5.05
DT930XX 9 25 38917 133 6, 135 7, 118 13, 164 13, 164 7, 118 13, 171 11, 121 8, 125 15, 140 8, 134 14, 141 11, 130 14, 98 7, 150 12, 167 7, 185 10, 125 6.168
HM607WW 6 13 38925.9 132 7, 144 8, 91 9, 158 14, 91 9, 122 7, 187 6, 174 5.68966
SB689MJ 21 26 38930.6 153 7, 91 8, 169 8, 91 11, 90 6, 157 10, 106 12, 132 9, 190 4.81053
AK968XZ 26 27 38933.3 158 10, 171 0.900585
XL372TK 21 23 38942.7 151 13, 118 9.34746
PZ508RY 10 17 38951.9 85 10, 175 7, 130 9, 176 15, 189 5, 162 9, 143 6, 166 0.421687
PV366LN 10 18 38953.6 119 6, 146 10, 137 8, 118 12, 187 15, 133 15, 90 8, 128 6.84375
NR520SJ 4 18 38961.7 105 14, 187 8, 162 15, 118 12, 110 11, 184 9, 166 11, 141 13, 160 5, 135 9, 90 8, 134 12, 136 7, 127 10, 154 6, 146 0.575342
WX509YZ 11 23 38971.1 118 12, 174 10, 118 8, 145 12, 155 11, 112 7, 132 11, 121 11, 160 8, 116 8, 156 9, 102 14, 158 10, 130 7.55385
NA478EP 2 17 38977.9 86 15, 91 10, 139 8, 188 9, 101 6, 114 10, 144 11, 91 8, 181 7, 156 6, 160 14, 87 14, 131 14, 132 8, 149 7, 136 15, 99 10, 169 8.11834
JK161VF 12 18 38979.4 116 14, 178 15, 121 9, 119 6, 111 8, 122 7, 128 7, 176 4.53977
ZM588EN 8 15 38983.5 170 13, 131 8, 91 10, 131 10, 190 11, 120 7, 182 5.13187
RW398HR 26 29 38989.8 187 5, 83 5, 187 9, 108 0.583333
TB410YP 21 28 38993.5 88 10, 110 12, 179 11, 134 11, 182 14, 152 11, 180 5, 171 6.95322
BJ682ZC 11 26 39000 175 10, 140 13, 80 15, 98 7, 127 14, 175 13, 158 12, 105 7, 153 10, 102 10, 180 5, 122 6, 136 9, 172 13, 103 8, 165 12, 189 13, 81 2.97531
ME015GT 16 18 39000.7 104 12, 116 13.4483
XV769EN 26 27 39008.9 190 5, 122 5, 107 1.62617
PD986EH 7 15 39018.3 134 5, 139 12, 138 10, 88 15, 135 15, 150 12, 124 6, 120 15, 145 1.11034
ZJ245EF 16 29 39025.6 105 8, 143 14, 106 11, 110 6, 102 10, 92 11, 103 11, 165 12, 180 10, 151 7, 115 5, 82 10, 156 10, 100 9, 157 8, 116 12, 147 6, 88 8, 187 0.326203
PR511DH 24 28 39027.1 100 9, 154 11, 135 11, 133 11, 142 9.05634
AR560GZ 19 20 39032.7 129 7, 150 7, 123 2.56098
LP776GB 6 27 39039.4 180 10, 115 5, 166 6, 111 11, 131 11, 90 8, 190 14, 162 15, 150 14, 163 15, 112 10, 164 15, 174 13, 130 15, 149 10, 164 7, 93 7, 129 5, 97 6, 103 13, 155 7, 90 7, 81 12, 170 6, 137 0.10219
HS664SV 17 20 39046.4 105 10, 101 15, 95 14, 94 9, 183 0.387978
RX351KK 19 22 39049.1 139 13, 117 13, 168 12.7262
YD325RX 21 25 39051.3 149 15, 134 8, 99 8, 187 11, 121 9.02479
VK317WK 17 21 39053.9 119 5, 99 15, 162 11, 84 9, 112 10, 120 10, 147 1.41497
WY436CB 10 16 39061.9 172 6, 117 9, 123 11, 85 12, 164 6, 123 9, 156 11, 130 0.0692308
FR108DW 11 13 39063.1 167 5, 148 8.91216
WE901YA 18 21 39071.3 117 12, 111 13, 92 13, 155 7.98065
XX248VA 4 21 39075.8 135 5, 120 9, 124 10, 80 7, 182 14, 131 12, 150 13, 151 14, 171 15, 84 14, 122 5, 157 12, 127 10, 83 8, 122 5, 131 13, 141 7, 106 10, 83 12, 126 7.34921
MC225CN 24 26 39083.2 94 6, 130 5, 187 6, 172 11, 99 2.86869
TP104GM 21 25 39083.9 112 14, 190 11, 84 5, 81 5, 144 5, 119 6, 109 12.211
PB599DP 14 25 39089.4 120 5, 115 9, 155 5, 169 6, 130 10, 130 7, 159 12, 137 5, 106 5, 167 7, 162 15, 118 8, 158 10, 163 6, 128 12, 106 5.20755
XC801YZ 13 18 39092.3 130 13, 170 6, 97 11, 110 15, 163 5, 89 15, 155 4.10968
FT479JC 10 21 39100.7 186 9, 187 6, 87 12, 107 7, 173 12, 142 12, 98 9, 121 12, 181 13, 175 14, 165 5.18788
AF610PT 28 29 39103.3 91 7, 190 0.752632
BR716BP 5 14 39107.5 150 12, 145 5, 107 5, 150 7, 188 12, 98 12, 90 5, 122 8, 137 15, 163 11, 116 11, 158 3.62025
WN737CD 8 11 39108 159 5, 84 15, 159 8.88679
SD988SG 28 29 39114.8 117 6.66667
BV066EN 27 29 39124.1 133 6, 142 3.97183
DS362MZ 19 24 39124.6 121 8, 103 5, 188 10, 141 15, 80 11, 104 12, 114 12, 96 5, 126 2.15873
PE777YA 9 10 39128.5 148 5, 138 5, 92 4.54348
MF854KY 25 28 39131.9 117 5, 134 11, 87 8, 142 7, 166 5.75301
PN827EV 19 22 39137.8 82 14, 172 10, 181 12, 129 3.30233
KB870YS 8 29 39141.6 149 14, 83 5, 128 8, 154 6, 117 15, 147 10, 146 5, 115 5, 121 13, 88 8, 101 15, 84 5, 82 12, 85 8, 142 14, 148 6, 187 13, 99 8, 176 12, 175 10, 135 10, 139 13, 182 9, 83 9, 178 8.37079
JW890HA 1 17 39147.7 162 9, 100 14, 150 10, 178 5, 178 7, 123 15, 125 10, 180 11, 113 6, 171 5, 137 15, 117 12, 96 15, 187 6, 141 6, 128 11, 152 7, 142 10.1761
TE026CG 2 25 39154.7 85 15, 155 5, 188 10, 149 11, 126 15, 121 9, 85 10, 103 14, 88 13, 102 11, 176 7, 163 6, 129 14, 157 14, 113 12, 122 6, 133 7, 87 10, 80 9, 125 7, 93 11, 81 5, 89 8, 186 12, 161 15, 131 15, 102 8, 101 12, 98 12, 122 5.67213
WK009JH 7 14 39155.4 111 6, 147 6, 118 13, 180 14, 123 9, 100 8, 101 9, 182 12.2308
GS252LH 1 10 39160.2 109 8, 91 12, 128 8, 112 12, 108 5, 87 5, 168 9, 91 6, 125 14, 138 8, 102 15, 178 5, 122 14, 174 1.85632
WV244DV 9 10 39161 181 10.2099
LW870KA 2 19 39170.8 85 15, 128 7, 177 10, 178 6, 87 11, 123 14, 148 13, 106 14, 128 5, 159 7, 105 10, 96 12, 98 15, 142 8, 92 14, 182 8, 185 11, 108 7, 135 15, 103 3.73786
YK898JY 6 23 39174.6 84 14, 119 9, 89 12, 110 15, 155 7, 181 11, 137 11, 109 7, 157 13, 99 13, 101 11, 99 14, 174 7, 108 7, 163 11, 89 7, 82 10, 130 13, 102 11, 101 8, 168 2.89286
YR440NN 6 8 39183.5 120 5, 152 11, 156 6.39744
XM568SK 10 23 39185 80 7, 186 15, 88 6, 174 13, 86 8, 123 9, 144 6, 97 5, 127 10, 137 11, 147 6, 189 10, 120 9, 178 7, 139 9, 147 6.92517
DH892ES 25 28 39186.4 98 7, 85 12, 85 13, 185 10.2324
JT595AJ 5 6 39190.9 114 14, 178 7.75281
AP067WK 24 29 39199.7 160 9, 143 11, 121 8, 113 9, 132 13, 148 6, 145 0.0413793
MH898LK 14 24 39204.7 180 11, 150 9, 167 7, 83 10, 170 7, 118 9, 178 12, 155 14, 141 10, 84 13, 160 8.95625
VB690LC 24 29 39211.4 185 11, 125 8, 95 15, 122 11, 169 10, 142 0.816901
HZ992YB 21 28 39221.3 92 15, 164 11, 137 12, 180 7, 148 15, 93 8, 178 13, 185 3.16757
PA261RB 22 26 39229.1 156 14, 84 11, 120 12, 140 14, 145 7, 136 9.18382
ZF620FT 27 29 39236.7 134 7, 95 4.46316
ST739GM 26 29 39244.8 125 13, 120 9, 134 2.91791
KA694XW 22 29 39254.3 173 11, 101 6, 141 14, 99 6, 101 7, 80 11, 92 7, 187 11, 103 7, 129 9, 85 7.30588
TK541SB 4 28 39259.3 96 13, 90 5, 173 10, 82 13, 175 13, 83 15, 157 10, 173 12, 104 6, 161 10, 173 8, 159 14, 133 15, 166 6, 107 11, 88 5, 142 12, 93 5, 90 6, 109 12, 143 13, 126 11, 123 12, 120 10, 110 10, 190 6, 178 14, 157 8, 138 0.753623
RZ009HW 6 19 39265 85 10, 176 11, 129 7, 161 13, 189 12, 98 6, 177 7, 80 6, 83 9, 125 9, 123 7, 121 14, 157 15, 152 4.24342
TH267SW 7 23 39269.3 101 6, 90 11, 118 5, 118 7, 186 8, 138 7, 174 14, 185 13, 164 5, 116 15, 150 13, 85 5, 105 11, 131 13, 107 6, 168 7, 170 14, 139 10, 102 7.05882
PT407ZB 22 25 39279.2 99 10, 142 7, 162 6, 86 15, 96 12, 159 6.20126
CA037YL 9 16 39288.3 81 10, 113 15, 145 15, 184 9, 142 6, 135 6, 185 8, 183 3.51913
DW104EX 26 28 39294.2 145 11, 116 6.21552
GY269WB 27 29 39304.1 176 7.73864
LW787GZ 22 29 39305.1 129 13, 132 14, 108 8, 180 12, 174 10, 127 11, 155 8, 165 5.70909
XY808WG 7 14 39314.7 129 12, 169 8, 110 8, 107 5, 111 10, 185 11, 162 7, 114 6, 160 8.5375
AN653XM 4 25 39320.8 178 10, 170 6, 165 7, 145 14, 189 7, 117 6, 144 12, 172 6, 152 7, 108 15, 100 6, 161 11, 183 9, 108 15, 113 9, 157 7, 95 10, 111 14, 123 7, 184 5, 108 7, 129 6, 92 9, 84 9, 169 8, 110 6, 111 9, 171 10.6433
NV256SG 16 25 39326.9 185 11, 120 7, 174 6, 88 7, 182 13, 174 8, 183 8, 80 5, 165 5, 176 12, 122 7, 184 7.54348
BX025JS 3 8 39330.7 81 5, 187 8, 155 8, 162 10, 80 14, 132 6, 155 9, 99 5.35354
LJ570JY 11 26 39337.8 116 12, 118 12, 121 8, 125 10, 182 13, 90 14, 114 5, 188 6, 88 8, 132 9, 185 10, 171 8, 102 8, 96 12, 129 8, 173 6, 90 7, 141 10, 108 7, 93 15, 101 9, 81 8, 86 0.44186
SF405JL 16 27 39341.9 105 5, 106 6, 162 15, 144 7, 185 9, 119 14, 187 14, 115 12, 155 9, 114 11, 172 6, 171 7, 150 13, 142 4.94366
SW615GV 20 22 39350.5 169 9, 177 9.47458
SM723HF 8 15 39355 159 12, 153 14, 160 15, 88 14, 89 14, 139 2.97842
PB836EF 19 26 39364.4 150 13, 147 10, 116 10, 82 11, 186 10, 124 9, 88 15, 119 5, 99 12, 128 8, 148 11.1689
TV905EP 6 13 39369.5 103 12, 84 5, 81 12, 168 11, 83 12, 105 9, 146 9, 84 11, 170 1.39412
MR642RH 13 21 39373.8 135 6, 154 5, 166 7, 162 12, 111 14, 85 14, 136 15, 140 8, 82 9, 120 15, 170 2.15294
CV470PB 17 23 39382.6 87 14, 172 8, 98 10, 173 9, 173 11, 166 8, 171 5, 182 5.46703
PV877XE 10 13 39387.8 136 7, 135 11, 88 4.89773
EC230XF 24 26 39395.2 174 13, 126 7, 121 11.3058
VZ078CN 14 17 39399.4 84 11, 145 6, 130 12, 136 1.45588
GK048KM 5 13 39400.6 120 9, 115 15, 138 15, 145 10, 117 10, 99 15, 141 13, 135 7.81481
HK379WP 24 26 39408.6 106 5, 182 6, 93 5, 96 10, 81 10, 183 3.57923
GS945VJ 3 27 39418.1 189 11, 126 11, 118 15, 142 15, 168 14, 146 9, 128 7, 119 11, 112 15, 161 12, 153 6, 179 6, 93 9, 113 14, 144 8, 157 8, 162 9, 96 8, 167 11, 95 12, 116 7, 93 14, 132 12, 99 6, 96 15, 167 11, 130 15, 149 4.66443
MK724MH 1 19 39426.2 146 11, 164 13, 107 5, 178 11, 179 7, 131 6, 140 12, 133 10, 90 5, 173 13, 120 5, 133 6, 143 15, 101 11, 113 5, 119 14, 103 9, 169 10, 137 14, 150 6.87333
HS970HS 5 25 39430.2 190 13, 111 15, 184 7, 182 11, 103 13, 158 13, 190 14, 127 8, 182 11, 103 9, 127 13, 165 8, 172 12, 101 7, 121 7, 92 7, 94 14, 139 14, 112 9, 184 11, 113 14, 89 0.876404
BF824LY 2 29 39432.7 184 15, 147 8, 96 9, 124 15, 102 5, 130 11, 118 13, 123 5, 175 12, 124 12, 82 9, 94 5, 182 11, 106 10, 157 6, 127 11, 89 10, 119 10, 102 5, 128 5, 93 8, 171 11, 97 11, 179 9, 189 9, 86 12, 177 11, 140 13, 84 8, 115 11, 118 9, 169 15, 103 13.8155
JN760WT 24 28 39439.3 123 7, 93 7, 103 11, 151 8, 155 14, 177 4.54802
TJ114KZ 13 26 39440.1 134 5, 108 15, 183 5, 171 8, 168 11, 164 11, 122 14, 110 11, 120 8, 85 11, 106 5, 176 14, 167 10, 91 15, 110 8, 177 13, 87 10.1379
PB247KG 1 27 39448.1 129 14, 183 9, 110 11, 87 11, 169 8, 99 14, 102 14, 149 5, 154 13, 162 14, 107 15, 86 14, 180 5, 96 6, 116 6, 91 5, 177 5, 188 6, 145 9, 126 12, 119 12, 86 12, 135 9, 96 6, 155 15, 81 8, 156 7, 152 10, 111 6, 82 9, 89 13, 187 13, 154 7, 125 11, 148 0.364865
JV640MM 12 24 39450.2 115 9, 104 9, 88 12, 136 9, 126 8, 103 6, 113 15, 183 10, 108 11, 154 5, 152 5, 118 7, 105 15, 150 13, 106 12, 138 8, 82 9, 90 3.92222
NA861KH 5 6 39451.4 123 15, 179 6.31844
SZ915PN 20 21 39456.2 138 14, 144 2.79167
TA494NG 28 29 39457.9 162 4.81481
KK457MA 24 27 39459 153 7, 150 10, 126 5, 100 11, 110 9, 93 10.2688
XS504WT 9 26 39464.1 82 8, 120 15, 84 13, 157 10, 80 6, 103 11, 156 8, 130 11, 89 11, 142 10, 114 7, 81 10, 85 15, 181 9, 115 7, 86 6, 95 13, 125 12, 120 15, 112 11, 124 9, 184 6, 94 9, 127 10, 116 0.87931
TN925KK 17 20 39473 143 10, 137 11, 108 9, 150 6.02
JJ948LK 20 27 39480.1 141 12, 109 6, 183 13, 86 11, 133 7, 153 11, 85 8, 169 13, 154 7, 97 13, 141 1.43972
PV954AS 9 21 39487.4 88 14, 175 6, 88 7, 166 14, 111 9, 165 14, 152 7, 150 7, 133 14, 167 14, 96 13, 112 8, 127 9, 173 0.450867
TS668LG 16 19 39494.5 118 12, 178 6, 88 5, 82 6.85366
XH263PG 13 29 39499.9 112 7, 88 10, 146 13, 189 10, 146 7, 118 10, 105 8, 143 7, 127 8, 87 5, 126 5, 120 13, 122 9, 176 7, 150 13, 105 6, 104 8, 144 11, 81 14, 133 6, 168 5, 156 10, 85 15, 185 0.848649
ND097ZP 20 26 39506.8 147 8, 189 15, 157 12, 132 9, 113 6, 96 5, 156 8, 146 9, 99 11.7879
XR925AT 17 26 39509.2 145 9, 161 15, 81 8, 108 10, 91 11, 143 5, 82 6, 126 15, 158 7, 188 10, 89 11, 110 11, 112 10, 144 6.53472
CB709DL 14 20 39509.9 141 14, 121 14, 174 5, 141 14, 109 5, 134 5, 92 6.92391
RA634BK 28 29 39519.1 179 4.35754
CP323XC 5 23 39522.1 155 11, 115 12, 160 14, 122 11, 149 8, 129 13, 133 11, 120 7, 103 13, 103 7, 82 12, 156 5, 123 12, 149 14, 104 9, 134 7, 81 12, 99 8, 115 12, 188 9, 164 8, 101 6, 169 3.40237
VB923RL 24 26 39529.2 133 5, 100 10, 156 7, 116 15, 133 0.112782
NE145WB 11 23 39538.5 114 11, 168 5, 153 14, 94 6, 106 9, 105 11, 116 9, 164 14, 184 6, 144 10, 93 12, 112 12, 181 10, 156 8, 140 2.87857
YT318SX 21 28 39542.4 101 15, 117 9, 93 8, 166 14, 100 8, 112 8, 123 12, 100 13, 149 6, 179 5.30726
JX293WE 24 26 39546.6 169 13, 140 11, 82 7, 135 1.48889
ZE780HT 10 21 39550.9 174 9, 189 10, 91 13, 100 8, 130 8, 146 9, 141 15, 161 8, 168 8, 145 5, 113 13, 186 5, 145 4.81379
GZ623EW 2 24 39555.7 167 12, 143 13, 80 12, 185 15, 114 13, 134 12, 87 13, 184 6, 81 9, 134 10, 134 9, 133 5, 132 9, 163 6, 159 14, 172 7, 129 8, 89 11, 171 6, 123 8, 92 7, 89 9, 156 14, 173 15, 138 6, 125 7, 152 6.05921
RA774TL 7 29 39563.5 91 7, 84 9, 142 12, 89 6, 106 14, 189 9, 175 5, 151 7, 122 12, 129 5, 147 10, 136 6, 107 15, 97 6, 180 14, 123 5, 124 9, 104 14, 128 9, 170 8, 167 7, 128 11, 99 7, 96 11, 161 8, 168 13, 115 12, 87 10, 89 5.35955
YG540AD 14 20 39564.4 182 8, 101 13, 132 15, 162 7, 130 15, 144 3.6875
GC399YK 11 24 39570.2 123 12, 104 13, 125 15, 167 13, 121 15, 181 9, 176 15, 106 9, 125 14, 183 14, 99 5, 128 6, 104 12.3558
VH806JW 22 29 39571.9 81 15, 88 10, 80 7, 94 11, 158 6, 109 5, 189 5, 181 12, 124 15, 104 9, 98 7.88776
VG526KH 1 29 39577.6 107 13, 104 9, 95 13, 114 15, 144 7, 118 6, 84 13, 133 12, 98 13, 142 8, 142 11, 152 12, 114 13, 89 10, 136 5, 173 13, 104 15, 165 13, 175 12, 172 8, 169 5, 113 8, 187 7, 119 10, 100 12, 115 13, 113 14, 114 12, 125 13, 105 15, 89 10, 123 14, 154 0.681818
ZG497VH 6 11 39582.8 119 11, 91 14, 145 13, 148 13, 135 2.56296
JC367XP 2 15 39591.5 95 7, 111 12, 141 6, 155 11, 114 13, 108 13, 134 9, 133 15, 187 11, 121 14, 181 12, 169 13, 176 9.51705
XB501CE 18 22 39601.5 81 12, 130 7, 118 12, 147 13, 125 7.48
FT370XD 22 29 39610.3 80 8, 114 6, 111 14, 140 14, 181 8, 108 14, 86 10, 157 5, 83 7, 100 13, 102 5.33333
XA149SA 11 20 39613.2 98 6, 99 14, 178 6, 124 15, 153 12, 148 12, 112 9, 112 6, 149 10, 136 6, 81 10.0494
NT317NG 18 23 39616.7 168 6, 80 8, 142 7, 99 14, 182 15, 135 6, 186 4.1828
HZ684TX 7 29 39625.5 147 6, 122 13, 140 14, 121 12, 167 6, 177 9, 108 8, 108 6, 142 5, 130 13, 180 9, 127 7, 99 9, 162 13, 168 13, 97 14, 173 15, 170 6, 160 11, 138 15, 83 14, 92 5, 141 12, 130 14, 136 0.441176
TN492FR 17 21 39630.2 117 9, 81 15, 143 13, 123 12, 160 9, 183 0.562842
DR146VJ 27 29 39631.8 150 9.08
LT975AV 1 28 39638 149 5, 98 6, 82 9, 133 10, 178 13, 148 6, 148 11, 189 14, 165 7, 171 15, 132 6, 88 9, 94 12, 163 10, 97 5, 105 11, 165 13, 121 11, 105 10, 116 15, 139 9, 89 9, 171 6, 126 10, 84 7, 141 13, 189 15, 89 13, 121 8, 162 13, 179 8, 87 10.1379
NW347RW 10 26 39645.5 107 13, 177 8, 168 10, 139 9, 107 12, 129 8, 87 12, 139 9, 124 14, 137 13, 171 8, 110 15, 89 13, 82 9, 172 7, 92 5, 141 11, 168 7, 109 7, 98 10, 186 5.83333
KR920HM 17 23 39646.3 104 11, 158 13, 173 15, 166 8, 114 11, 152 5, 85 9, 130 2.4
LZ512TF 7 11 39655.8 186 6, 180 11, 146 8, 122 6, 149 4.68456
EJ400LA 8 17 39658.8 94 7, 94 10, 165 9, 129 15, 178 7, 103 12, 177 10, 180 9, 107 8, 134 1.67164
BC195WG 16 29 39667.9 137 13, 117 13, 177 13, 140 8, 148 12, 87 11, 168 13, 105 7, 87 8, 113 5, 116 12, 181 6, 170 13, 159 11, 155 4.81935
VG999VD 27 29 39670.9 142 9.59155
FA572WR 27 29 39674.2 92 5, 142 6.35211
FY407FE 12 26 39679.2 178 15, 170 14, 144 13, 87 9, 97 5, 115 13, 102 7, 135 11, 153 15, 112 10, 151 13, 97 12, 154 15, 189 9, 153 13.1569
XE986FV 6 23 39686.5 183 7, 162 12, 135 5, 114 13, 184 12, 160 7, 184 11, 141 14, 119 12, 89 7, 110 5, 135 7, 154 9, 85 15, 105 5, 152 14, 108 15, 158 10, 183 3.7377
CH842WJ 1 14 39695.1 131 12, 183 15, 108 8, 170 9, 103 7, 149 10, 170 12, 144 15, 84 11, 106 13, 147 15, 148 8, 90 8, 141 5.68085
LL082MZ 21 23 39698.3 172 13, 176 4.71591
SC920FC 18 28 39702.3 151 9, 168 5, 134 14, 124 12, 165 7, 157 7, 146 11, 189 9, 164 5, 169 10, 136 12, 115 9, 90 10.3444
CT876XE 26 27 39703.7 96 6, 128 5, 154 3.36364
XB229LY 8 18 39710.6 128 15, 100 5, 189 10, 172 15, 122 6, 130 13, 168 9, 110 10, 179 5, 82 8, 142 2.54225
ZF674VT 24 26 39714.2 169 7, 158 11, 82 8, 150 6, 165 0.212121
PX230MN 13 26 39721.4 81 13, 140 7, 168 7, 156 15, 94 13, 157 15, 142 12, 117 10, 155 10, 185 15, 151 11, 120 9, 149 12, 86 10, 108 13.1111
EE553FD 4 25 39728 92 12, 170 10, 179 13, 159 14, 126 5, 162 11, 82 12, 109 13, 92 15, 119 5, 172 13, 176 15, 176 9, 105 15, 122 7, 138 10, 148 14, 86 5, 147 10, 116 10, 119 5, 127 7, 102 8, 112 8, 100 6.96
GA376JE 20 26 39731.6 92 13, 180 12, 83 5, 85 7, 184 9, 132 7, 151 15, 149 9, 106 8, 86 6.62791
CZ803MG 25 27 39737.2 97 10, 102 12, 116 9, 121 7.30579
SS370PH 7 25 39745 87 8, 124 10, 114 8, 162 11, 181 5, 158 10, 106 6, 122 15, 130 10, 175 15, 86 15, 180 5, 113 15, 94 9, 115 6, 86 5, 171 5, 145 7, 83 11, 158 6, 141 11, 181 7, 91 8, 144 9, 119 5.54622
FE415HV 2 16 39748.4 136 12, 155 12, 109 15, 90 13, 176 10, 87 12, 120 12, 159 12, 154 13, 174 5, 118 14, 140 12, 159 15, 91 9, 120 2.15833
CY227PP 18 24 39755.1 147 13, 96 9, 164 8, 95 8, 154 14, 97 12, 187 6, 160 5, 89 3.53933
AH397YL 10 17 39763.4 105 7, 161 14, 133 10, 160 12, 172 6, 148 11, 112 2.83036
WP337SH 12 29 39767.3 178 8, 169 7, 189 13, 145 6, 101 12, 98 8, 137 8, 143 6, 134 8, 170 7, 162 14, 96 14, 142 12, 89 9, 183 8, 103 11, 166 7, 183 11, 102 15, 176 6, 142 6.51408
AT033VR 2 15 39769.5 126 13, 85 13, 110 9, 173 5, 119 13, 139 10, 174 5, 114 13, 186 11, 81 9, 149 10, 145 5, 103 9, 100 14, 124 11, 121 5, 167 7.52695
LC004WR 21 29 39778.2 143 9, 157 9, 103 14, 158 5, 156 13, 104 11, 87 8, 174 9, 122 8, 100 13, 116 0.775862
XC864XL 8 12 39783.3 171 11, 150 13, 185 2.54595
AH081YJ 9 25 39785.4 121 15, 129 7, 116 12, 190 9, 167 11, 142 11, 162 10, 179 5, 91 6, 113 15, 124 8, 129 15, 150 9, 150 10, 184 13, 185 7, 101 6, 93 7, 93 8.19355
LC970XZ 12 23 39786.7 98 8, 114 9, 166 5, 184 8, 87 10, 124 9, 93 14, 127 7, 111 9, 86 14, 174 12, 188 7, 86 11, 106 12, 145 10, 156 2.02564
KP217BS 20 29 39790 182 9, 87 14, 80 8, 115 7, 155 10, 89 6, 187 10, 181 14, 151 6, 141 10, 158 9, 131 4.1145
BV419TX 24 27 39792.7 104 9, 87 9, 168 10, 85 11, 173 10, 168 1.08333
EL141BJ 21 28 39798.7 96 12, 86 14, 132 5, 86 6, 89 6, 132 5, 149 10, 83 9, 87 13, 139 15, 180 9.85
NJ941ME 1 18 39804.2 106 12, 130 6, 150 9, 157 9, 160 7, 157 7, 160 13, 143 10, 130 7, 81 11, 116 11, 135 10, 111 6, 92 8, 117 7, 176 6, 86 9, 94 12, 134 10, 143 10, 157 5, 148 9, 171 4.18129
LN140DG 23 24 39804.7 166 12, 95 0.694737
YP582VM 18 26 39814.1 169 12, 177 13, 121 7, 103 12, 157 14, 114 10, 129 14, 148 12, 115 13.7739
CL880AS 13 18 39818.4 185 14, 127 10, 122 15, 185 13.6432
WE809PT 1 20 39822.3 89 8, 103 10, 157 10, 120 10, 140 6, 138 9, 142 12, 162 10, 141 14, 110 11, 148 7, 113 12, 185 8, 150 12, 128 8, 172 10, 115 6, 120 15, 117 6, 163 15, 164 6, 87 6.42529
SH367LE 11 18 39832 89 7, 101 15, 167 10, 154 11, 152 14, 152 8, 89 9, 134 5.3806
NZ272YP 22 26 39840.2 138 9, 137 13, 159 10, 161 13, 116 15, 107 3.04673
TG588WX 26 27 39844.6 158 8, 139 3.38129
BZ784KR 2 7 39852.7 90 15, 180 10, 165 10, 118 11, 143 5, 96 8, 109 11.7523
SP274CA 26 29 39859 185 5, 82 14, 100 10.23
RG019VN 9 12 39861 109 9, 156 6, 103 14.3592
ED358LZ 21 26 39862.4 153 7, 112 8, 108 8, 102 12, 140 6, 173 9, 163 12, 129 9.51938
XF958YF 11 24 39869.3 160 15, 95 10, 84 7, 123 10, 107 6, 132 11, 82 7, 181 11, 175 6, 152 6, 171 8, 171 8, 184 6, 114 12, 107 12, 128 14, 170 4.11176
JX479ST 19 24 39875.8 102 13, 142 13, 184 15, 164 10, 120 8, 85 7, 110 5.44545
ZW116PJ 12 25 39879.6 137 9, 152 13, 85 12, 120 5, 93 8, 101 6, 152 14, 171 7, 114 12, 145 14, 94 14, 131 15, 123 11, 160 13, 86 5, 169 11, 190 0.826316
LW936MP 1 27 39885.7 128 6, 145 14, 140 7, 178 6, 135 14, 148 15, 163 10, 133 10, 175 11, 188 6, 115 8, 153 13, 171 10, 102 13, 133 11, 186 15, 94 11, 130 10, 120 10, 124 14, 165 8, 183 7, 98 14, 125 15, 164 9, 180 11, 181 7, 110 7, 106 5.88679
VP805DL 17 24 39889.5 133 6, 127 8, 187 5, 104 15, 147 10, 179 8, 119 10, 147 9, 124 8, 140 9, 121 2.42975
LA982FW 13 26 39898.5 108 6, 89 5, 117 12, 96 8, 89 10, 187 15, 153 13, 119 7, 173 9, 148 9, 101 6, 138 5, 155 13, 174 8, 130 10, 118 15, 84 9, 114 12, 186 3.02151
JD064DK 11 24 39902.8 93 15, 107 10, 135 5, 101 15, 85 6, 156 7, 91 8, 125 13, 108 6, 155 6, 94 14, 146 15, 87 7, 180 14, 157 14, 175 7, 120 4.38333
XR311PB 5 22 39909 107 10, 157 12, 112 14, 98 10, 166 9, 184 14, 114 11, 139 14, 188 10, 107 14, 88 11, 177 6, 144 7, 129 7, 92 9, 148 9, 156 11, 139 7, 126 10, 80 0.325
MV197HZ 10 25 39917.7 138 6, 105 15, 94 8, 87 10, 139 9, 168 10, 164 7, 83 12, 157 10, 91 15, 84 10, 159 7, 185 15, 101 12, 181 11, 100 6, 132 15, 148 5, 146 2.21918
CG780ME 3 10 39922.1 98 8, 128 6, 115 9, 100 8, 190 5, 160 5, 101 8, 123 14, 88 15, 171 13, 165 0.860606
DJ773CX 11 25 39927.2 98 7, 162 9, 95 5, 177 12, 133 9, 80 11, 115 7, 151 13, 142 11, 181 9, 138 6, 81 7, 177 6, 152 8, 183 10, 111 8, 159 9, 98 13, 105 8, 106 1.70755
ZC361FA 8 18 39929.1 115 12, 149 7, 96 11, 168 15, 136 7, 116 14, 162 14, 157 5, 89 14, 137 7.0219
SX785TE 8 28 39930.3 152 5, 162 10, 124 9, 141 8, 98 10, 190 13, 110 5, 145 6, 168 13, 111 8, 166 7, 158 9, 99 11, 155 15, 95 6, 169 9, 149 8, 155 13, 106 6, 84 15, 112 12, 87 6, 108 11, 120 12, 181 4.50829
RN885MJ 14 29 39932.1 116 6, 159 10, 150 6, 88 11, 163 14, 173 8, 114 12, 116 15, 190 11, 133 8, 146 14, 153 14, 102 6, 176 10, 80 11, 126 7, 117 6, 162 2.01235
DB456JT 20 25 39941.3 167 8, 125 15, 186 8, 82 6, 185 14, 104 6, 81 10, 120 3.05833
SP740PC 17 23 39948.8 113 7, 176 8, 155 5, 134 11, 108 5, 171 12, 162 12, 164 7.4878
JX361VC 15 17 39957.8 158 14, 186 2.23656
YB543LA 4 29 39965.1 141 11, 164 10, 81 10, 148 14, 80 11, 167 10, 95 13, 168 13, 171 9, 164 14, 179 14, 159 15, 102 12, 171 11, 82 14, 156 15, 87 8, 174 10, 174 14, 175 10, 100 14, 180 13, 83 11, 163 1.7546
HN319EK 12 16 39972.4 129 6, 97 8, 101 7, 87 7, 82 7, 114 9, 175 7, 168 6.16071
DZ711YW 26 28 39972.9 124 11, 189 5.03704
PW696SE 27 28 39978 126 4.61905
FY287NM 1 21 39982.7 190 7, 149 7, 107 8, 183 7, 101 13, 97 14, 110 10, 119 10, 93 9, 118 9, 101 7, 93 10, 98 10, 105 7, 116 10, 189 11, 128 5, 152 15, 118 5, 127 11, 104 10, 141 11, 117 10, 109 13, 112 10, 82 13, 163 4.90798
JS545SB 16 24 39983.7 169 14, 120 11, 159 6, 82 9, 128 13, 165 9, 121 13, 166 7, 112 10, 143 5.8042
DN091EM 9 16 39986.5 97 5, 172 14, 116 7, 111 15, 178 5, 126 9, 176 6, 177 9.44633
HF087EL 6 16 39990.1 173 7, 138 14, 172 7, 107 7, 132 10, 91 5, 189 15, 150 14, 187 11, 183 2.37705
AG126JA 5 27 39992.7 91 9, 102 13, 138 9, 169 15, 180 6, 136 13, 156 9, 149 7, 178 12, 116 6, 86 7, 160 13, 135 9, 92 7, 181 11, 140 13, 154 9, 127 11, 109 13, 151 5, 120 7, 94 7, 136 15, 147 15, 179 7, 98 7, 166 6, 144 4.84722
SD746GD 20 23 40001.8 177 14, 175 5, 147 8, 157 5.54777
GN087PV 27 29 40009.7 174 7.82759
YF774BC 1 16 40014.1 82 10, 165 13, 91 5, 126 11, 145 15, 91 9, 155 10, 136 14, 136 9, 144 7, 86 9, 110 12, 162 9, 130 12, 181 14, 128 8, 148 5.32432
TV123JG 15 17 40016.9 123 11, 98 10, 95 3.10526
WC669DR 22 26 40022.4 168 11, 169 5, 188 15, 116 15, 133 11.4211
AH931VC 20 22 40024.2 121 12, 125 10, 156 3.17949
PG981YX 4 20 40025.8 89 6, 115 6, 132 11, 149 7, 126 5, 149 10, 157 12, 175 6, 124 6, 138 12, 190 13, 95 9, 189 9, 97 14, 111 9, 180 9, 94 12, 188 9, 148 5.81081
CN929FE 26 27 40030.1 126 7, 146 5.83562
MF543CR 11 26 40039 164 15, 115 7, 81 10, 80 13, 104 9, 153 5, 149 13, 127 10, 139 6, 173 9, 84 10, 124 7, 170 15, 148 8, 127 9, 186 11, 154 9, 156 8, 144 11, 186 0.112903
SC049SA 17 21 40043.1 139 8, 116 9, 161 6, 153 9, 97 7, 93 15, 94 6.09574
PT663MS 27 29 40048.2 167 8.15569
PR608DJ 5 12 40053.4 163 12, 120 9, 150 9, 158 12, 103 9, 182 6, 155 5, 170 8.65882
MZ472WB 20 28 40060.6 180 12, 128 5, 164 10, 83 10, 96 5, 140 11, 141 5, 177 11, 100 7, 133 7, 113 15, 114 8.92982
RM069RP 27 28 40065.7 87 6.68966
RP864SY 18 28 40066.9 84 8, 159 14, 178 7, 164 10, 120 14, 104 11, 159 12, 173 15, 167 6, 104 11, 82 12, 89 11.1348
NW156VC 13 29 40076.8 139 6, 150 7, 173 6, 118 7, 162 8, 175 13, 168 14, 116 15, 151 14, 176 10, 92 11, 166 12, 97 10, 113 12, 151 11, 124 11, 112 12, 116 6, 153 3.56863
SZ361YL 21 25 40084.3 158 13, 81 8, 130 15, 167 15, 148 0.614865
GG244ZR 14 15 40086.2 139 6.64748
BC368ZZ 22 28 40087.2 144 14, 109 11, 118 6, 161 6, 121 11, 152 13, 159 5, 113 12, 113 6.55752
VC885XG 27 29 40095.3 93 7, 83 6, 178 1.19663
YK486GF 22 23 40098.7 97 8, 109 12, 98 1.20408
JE513DN 7 26 40099.3 108 15, 167 13, 174 8, 188 10, 128 7, 164 6, 86 9, 84 11, 136 15, 182 14, 123 7, 118 10, 110 14, 80 13, 111 14, 165 11, 136 6, 174 11, 182 13, 80 12, 171 9.95906
JF485SX 16 28 40109.3 183 10, 129 5, 88 8, 119 12, 139 11, 83 6, 141 7, 117 7, 100 9, 136 15, 119 6, 99 5, 103 11, 146 5, 171 10, 171 9, 102 8, 162 9.40123
GN812MM 24 28 40110 187 14, 119 14, 173 13, 99 2.9798
XF028AZ 15 24 40118.7 146 7, 168 14, 86 15, 174 11, 116 15, 166 11, 153 15, 135 10, 141 7.86525
FE596SY 12 19 40122.2 88 7, 125 13, 166 14, 102 11, 80 8, 133 9, 106 15, 126 6, 190 1.8
BV520ZZ 17 29 40126.5 105 14, 88 12, 186 7, 107 8, 124 13, 164 5, 88 7, 127 12, 85 12, 190 12, 155 9, 182 8, 109 5, 130 7, 119 12, 97 8, 181 4.48619
ST895BB 27 29 40131.5 148 7, 102 3.19608
LL275GK 4 16 40134.5 179 10, 172 6, 112 14, 86 6, 140 14, 129 14, 109 15, 122 8, 142 12, 102 12, 95 15, 123 13, 96 7, 141 1.38298
LE326ZT 7 28 40135.4 129 12, 101 14, 93 14, 118 7, 81 13, 140 6, 83 8, 103 8, 90 8, 89 9, 147 9, 166 8, 177 14, 184 11, 133 5, 167 7, 112 8, 124 13, 178 7, 187 14, 102 9, 145 13, 159 5, 125 9, 84 15, 89 8, 100 6, 96 6.75
XV880DS 19 22 40143 178 12, 140 10, 153 7, 119 7.21849
TF792MF 5 25 40148.3 142 6, 184 8, 117 8, 139 7, 188 7, 105 14, 161 12, 80 9, 90 8, 185 8, 91 8, 153 9, 87 14, 111 5, 157 7, 132 15, 135 10, 114 12, 132 11, 170 8, 157 14, 118 15, 175 8, 117 9, 123 6, 145 6, 86 2.59302
HH219GW 22 25 40155.1 182 12, 104 5, 116 5, 124 7, 178 5, 141 8, 119 1.79832
VY597HJ 26 27 40159.1 184 9.42391
NT145HK 28 29 40160.7 90 8.66667
TC642LC 6 16 40166.4 156 15, 180 13, 162 10, 163 12, 114 13, 140 6, 100 7, 161 15, 145 4.17241
EX613JS 19 21 40171.2 165 5, 155 11, 135 15, 150 0.313333
YR849XL 4 7 40174.7 81 15, 109 13, 139 13, 148 2.76351
WP314FG 5 17 40181 107 12, 102 6, 154 8, 164 10, 167 9, 109 9, 89 14, 134 15, 179 5, 175 12, 85 5, 116 7, 148 6, 99 11, 121 5, 86 9, 159 0.754717
SY339KL 1 16 40182.8 179 5, 156 9, 164 13, 99 15, 142 10, 186 12, 89 10, 114 6, 189 7, 184 14, 179 8, 152 15, 179 14, 179 9.41341
VZ047SS 22 23 40188.6 189 5, 133 8, 126 1.53175
XX319SZ 3 10 40189.3 122 9, 182 13, 96 9, 142 9, 96 15, 95 11, 106 7, 148 12, 109 6.81651
SB454RK 18 23 40197.3 111 11, 131 13, 84 7, 128 7, 186 10, 175 10, 137 2.39416
BC733KL 24 28 40207 80 14, 174 8, 115 8, 91 12, 92 5, 96 5, 84 10, 88 5.95455
YW345EJ 11 25 40211 98 12, 179 15, 120 14, 162 7, 108 15, 107 12, 117 14, 99 14, 185 15, 186 10, 97 11, 97 6, 166 11, 93 8, 161 8.93789
RC898NM 3 17 40213.1 166 9, 151 7, 105 7, 114 6, 123 14, 131 13, 99 11, 174 10, 161 10, 190 9, 102 15, 125 14, 93 11, 119 12, 90 14.3667
DC230TC 24 28 40221.7 167 14, 145 15, 112 5, 91 5, 175 7.42857
AP653CZ 22 24 40227.5 186 15, 153 9.60784
JH614DA 17 20 40235 127 5, 109 14, 128 6, 101 15, 161 2.28571
TP794EA 3 22 40238.5 118 8, 105 9, 150 7, 98 6, 133 5, 124 8, 157 7, 179 14, 101 10, 142 5, 81 13, 102 9, 159 12, 121 8, 149 9, 87 7, 166 13, 92 14, 85 6, 120 8, 166 11, 103 6, 161 13, 190 5, 95 9.14737
XX284RL 1 14 40242.1 88 8, 119 8, 138 9, 122 5, 141 12, 102 14, 170 13, 190 7, 133 8, 80 5, 85 11, 187 6, 122 12, 89 8, 162 5, 149 10, 105 7, 87 5, 146 6.84247
SH782HL 11 29 40247.7 96 12, 103 12, 96 14, 102 11, 105 8, 102 6, 145 11, 82 10, 112 6, 121 7, 150 8, 185 7, 160 14, 82 14, 118 11, 169 14, 182 14, 155 15, 177 5, 161 5, 168 6, 162 6.30864
LB203GC 4 14 40251.9 162 7, 129 12, 160 5, 160 14, 150 7, 108 6, 140 7, 156 6, 180 6, 84 10, 124 6, 127 5, 147 6, 88 8, 106 11.9906
JG958FA 2 21 40260.1 129 11, 190 15, 185 9, 109 13, 116 10, 92 15, 108 15, 187 12, 109 7, 136 11, 178 12, 131 15, 163 12, 155 8, 105 12, 118 13, 82 9, 84 5, 87 5, 184 11, 83 5.80723
PA035KX 18 22 40265.5 136 12, 86 13, 81 5, 123 13, 88 12, 170 1.96471
PF152FH 24 29 40268.5 96 14, 115 14, 113 10, 91 9, 96 12, 148 10, 180 0.405556
DB385PD 1 18 40271.5 90 12, 101 9, 95 11, 129 9, 120 13, 108 8, 80 14, 159 12, 149 11, 116 12, 145 8, 84 11, 185 12, 135 5, 87 8, 90 7, 101 13, 133 7, 170 7, 116 15, 183 8.71585
TG842CK 13 17 40278.3 181 7, 168 10, 182 15, 175 3.83429
HD934EL 11 24 40281.9 126 10, 117 5, 137 7, 87 7, 112 11, 164 11, 126 9, 156 10, 97 14, 91 11, 112 8, 118 13, 163 15, 88 7, 171 14, 166 8.34337
NH062GP 12 27 40287.1 85 6, 124 15, 99 5, 121 6, 145 7, 143 13, 129 6, 138 6, 136 7, 157 13, 143 15, 83 12, 143 5, 180 14, 143 6, 172 14, 167 15, 141 5, 85 8, 183 8.69945
VF091CF 17 27 40289.1 97 13, 118 9, 92 8, 135 5, 171 7, 150 11, 184 9, 87 6, 119 13, 170 14, 119 15, 124 9, 170 7, 119 8, 89 7, 107 1.53271
SE466EY 18 23 40293.3 146 14, 130 13, 144 8, 131 13, 100 13, 163 2.80368
RR707CT 28 29 40294.4 92 7, 184 0.73913
DB574LX 21 22 40299.6 85 8, 125 1.472
WB204KN 5 10 40308.2 138 15, 98 11, 105 8, 152 11, 126 12, 160 9, 138 2.81159
PW858AY 23 24 40311 187 6, 103 5, 163 2.58282
AA226ML 9 27 40316 151 9, 133 10, 95 5, 147 5, 113 13, 88 12, 159 12, 83 12, 121 5, 120 7, 109 8, 164 7, 134 11, 132 15, 95 15, 107 10, 140 14, 91 5, 183 14, 105 15, 108 9, 147 12, 103 14, 125 0.864
FS060RX 28 29 40322.8 96 8.125
BK204NY 9 10 40332.7 115 6, 121 9.57025
YZ014BA 21 28 40342.1 109 14, 141 8, 143 6, 116 11, 140 8, 105 8, 100 11, 155 8, 152 11, 118 9, 88 1.47727
VF743CT 12 16 40351.2 91 7, 86 14, 135 5, 158 5, 80 10, 87 8, 90 7, 116 8, 121 3.02479
FB560CM 5 28 40361.2 83 12, 156 11, 187 10, 157 13, 126 5, 95 10, 133 9, 146 14, 148 9, 131 14, 146 14, 102 12, 87 12, 156 13, 170 14, 105 9, 160 11, 105 7, 92 7, 80 13, 116 7, 162 7, 95 7, 189 14, 144 9, 159 10, 114 5, 180 0.816667
VG965TS 16 20 40367.7 145 11, 122 10, 118 10, 150 7, 86 8.24419
VC053ZM 7 8 40372.7 176 10, 162 2.87654
EY193ND 14 18 40378.9 154 10, 133 7, 101 15, 152 8, 114 1.89474
HK879TM 3 23 40385.4 130 6, 153 12, 91 15, 106 11, 178 12, 172 12, 89 10, 129 14, 152 6, 112 13, 162 6, 96 5, 178 6, 83 10, 184 11, 80 6, 151 6, 92 5, 173 14, 113 14, 151 12, 89 14, 144 10, 152 4.25658
RH621RR 18 23 40386.1 120 15, 161 8, 127 15, 135 8, 96 8, 105 8, 89 7, 125 0.336
HA059KE 14 27 40390.9 187 12, 162 13, 89 7, 176 14, 160 10, 173 8, 86 6, 102 8, 155 7, 88 15, 152 12, 116 11, 105 6, 131 11, 135 8, 123 13.4878
HF415NY 15 25 40397 162 12, 122 15, 187 11, 87 10, 187 13, 135 7, 108 5, 100 14, 130 11, 161 6, 104 12, 180 7.56111
YY217NP 4 17 40406.8 139 7, 182 9, 152 6, 112 7, 153 8, 179 12, 148 15, 155 9, 122 13, 124 15, 105 9, 132 13, 107 8, 185 4.25405
BY777HK 3 29 40412.9 167 9, 92 14, 90 11, 120 7, 178 7, 86 12, 132 14, 102 7, 125 11, 141 13, 105 5, 123 13, 115 14, 145 8, 186 12, 115 10, 85 11, 128 6, 136 13, 95 12, 174 7, 189 10, 101 8, 132 10, 95 13, 140 9, 96 10, 117 15, 127 13, 119 10, 97 8, 133 6.21805
LC440SA 13 15 40421.6 129 10, 164 14.8171
YF751WG 7 29 40426.2 110 7, 138 9, 190 13, 171 13, 131 14, 96 10, 181 6, 123 6, 140 7, 182 11, 143 13, 80 11, 112 6, 138 7, 137 12, 146 14, 134 13, 156 15, 112 6, 184 5, 112 10, 148 11, 117 11, 121 12, 120 4.525
BL991YY 23 25 40429.9 128 15, 126 7, 142 6, 177 2.98305
BC239DP 6 10 40431 164 15, 115 6, 81 14, 181 9.61326
KT452PY 25 26 40438 189 10, 185 2.69189
ZC112FP 5 29 40444 166 12, 117 8, 117 13, 189 8, 117 10, 169 11, 175 7, 185 8, 97 7, 132 14, 98 15, 121 13, 134 5, 110 9, 174 7, 146 7, 130 12, 161 14, 133 9, 169 13, 156 5, 158 12, 129 6, 97 7, 163 10, 165 15, 151 9.84768
AD843RY 26 29 40444.8 152 12, 87 14, 176 0.306818
LS752DY 14 21 40453.5 167 13, 84 7, 180 10, 91 12, 119 10, 155 11, 166 10, 119 4.13445
BA929KW 21 26 40459.2 189 11, 94 13, 87 8, 173 8, 156 13, 158 7, 108 10.3796
ZL652PT 3 6 40463 160 7, 186 8, 187 13, 161 1.79503
WG857XT 5 27 40471.2 127 9, 118 8, 128 5, 122 10, 94 7, 172 11, 100 10, 89 7, 171 9, 185 13, 128 15, 168 7, 121 12, 91 14, 148 14, 171 14, 152 13, 188 11, 176 6, 181 15, 178 7, 110 15, 122 5, 175 6, 128 7, 123 7, 164 1.53659
AY546YR 10 20 40478.4 105 11, 147 14, 109 12, 88 7, 155 6, 185 11, 102 14, 118 12, 139 15, 98 6, 174 2.35057
SR033ZW 22 29 40482.1 102 8, 90 11, 178 7, 118 8, 168 8, 102 11, 83 8, 128 5, 113 10, 163 15, 110 4.79091
LY459RK 2 17 40490 152 6, 163 7, 170 5, 175 11, 121 11, 174 7, 94 5, 109 9, 158 9, 86 10, 82 10, 102 5, 132 5, 171 12, 139 11, 93 9, 133 12, 135 9, 183 9, 166 6.51807
KF863BP 23 25 40493.1 105 11, 137 11, 102 13, 107 1.81308
TW432KD 28 29 40494.7 124 6.29032
PP396VS 17 23 40496.4 98 10, 82 6, 167 5, 148 15, 176 8, 145 11, 90 6, 102 8, 146 9.08219
HP188LN 17 27 40505.2 176 5, 159 12, 180 13, 103 13, 137 5, 110 13, 105 13, 183 7, 145 6, 92 7, 149 10, 131 6, 189 5, 143 6, 138 6, 116 7.47414
GM254ZK 16 29 40508 145 13, 180 5, 101 6, 91 11, 181 10, 156 6, 157 5, 89 7, 132 5, 161 7, 132 6, 174 8, 96 13, 156 6, 88 14, 184 12, 85 13, 85 5, 137 7, 133 1.42857
TR067ES 2 15 40511.3 182 8, 187 6, 174 8, 148 12, 122 15, 173 7, 91 13, 161 12, 154 6, 176 12, 151 14, 138 11, 86 14, 107 6.13084
MX253PN 13 14 40516.3 107 8, 118 11, 169 3.79882
VR351YD 12 24 40526.2 117 12, 179 6, 185 15, 160 8, 99 14, 186 14, 183 15, 138 6, 167 11, 167 7, 177 7, 139 7, 83 6, 172 0.732558
CG054NP 18 22 40529.9 157 10, 111 9, 178 5, 149 15, 113 3.9823
CK817FW 2 15 40535.6 134 6, 142 15, 101 10, 137 15, 190 7, 103 15, 186 6, 110 15, 124 11, 161 13, 156 11, 102 8, 140 14, 179 4.69832
CM772EW 22 27 40543.6 107 12, 139 7, 112 5, 108 7, 118 9, 112 11, 116 5, 143 10, 178 14.7697
BN447LR 22 23 40550.2 110 13, 125 6.176
DC476PR 2 22 40551.6 149 12, 181 12, 92 6, 173 12, 90 15, 134 14, 122 12, 101 9, 126 13, 114 12, 140 9, 88 8, 90 11, 162 14, 115 9, 131 6, 82 11, 104 11, 175 13, 183 7, 190 15, 127 2.99213
YA427WN 20 21 40555.8 89 15, 94 10.6277
DT065ZR 10 22 40563.9 80 11, 151 10, 150 9, 85 6, 178 15, 174 5, 99 5, 126 15, 106 8, 150 12, 147 8, 153 5, 82 12, 95 13, 172 1.41279
TH707BE 4 11 40564.8 156 11, 107 8, 167 12, 153 9, 82 8, 102 12, 168 9, 176 6.80114
YW245AV 18 23 40568 167 14, 146 6, 117 8, 136 10, 159 8, 147 7, 99 5.40404
YN812MR 4 10 40571.2 110 11, 113 15, 183 10, 132 12, 112 12, 160 13, 86 0.988372
CV456RZ 18 26 40573.9 176 5, 143 11, 189 15, 139 8, 173 5, 131 6, 86 6, 166 15, 103 7, 124 6, 141 12, 134 5.23881
YY571YS 3 4 40577.3 82 8, 104 5, 162 2.14815
XB570ZN 8 23 40581.3 89 9, 170 8, 187 5, 190 7, 144 10, 132 14, 138 11, 97 8, 141 15, 127 14, 181 11, 185 6, 136 6, 178 5, 85 7, 153 15, 87 6.71264
XH627ZB 7 14 40588.9 107 14, 168 9, 98 8, 127 10, 151 9, 99 10, 155 15, 82 11.0488
JP169FX 20 25 40595.2 115 14, 128 6, 182 6, 85 9, 160 8, 133 15, 110 8, 100 6, 96 6.16667
TG249HS 18 21 40601.5 110 7, 182 14, 145 12, 134 1.65672
WP218HA 12 25 40611.4 189 13, 142 14, 183 13, 177 5, 82 14, 106 15, 176 10, 122 14, 98 12, 172 5, 143 11, 121 10, 155 14, 103 6, 131 4.12214
HT099HE 27 29 40612.7 117 11.641
JR017LA 11 17 40615.7 138 7, 130 12, 188 8, 107 14, 136 5, 93 6, 134 11, 84 3.11905
KA879KR 10 15 40624.9 116 14, 84 12, 92 13, 173 11, 88 9.73864
JV949PA 19 29 40626.2 84 7, 136 6, 96 11, 161 7, 114 11, 170 14, 133 13, 162 7, 161 12, 168 13, 113 12, 152 11.6974
DV780PX 28 29 40627 171 4.5614
TB172CW 5 19 40628.4 128 11, 102 6, 116 14, 83 12, 106 15, 128 7, 88 13, 153 11, 90 14, 161 8, 157 15, 140 6, 121 10, 161 12, 181 10.6188
GE153VG 21 25 40637.7 160 5, 100 8, 125 13, 129 7, 167 7, 182 10.7198
AX270LZ 14 23 40642.5 114 13, 166 10, 157 7, 156 14, 135 11, 187 6, 110 9, 164 7, 141 14, 82 6, 97 1.31959
KX057TW 22 29 40646 83 15, 113 14, 131 6, 158 13, 117 5, 111 7, 102 11, 123 15, 131 13, 132 1.2803
DS692ZA 14 26 40654.6 185 15, 135 13, 117 15, 101 5, 148 7, 157 12, 144 9, 176 11, 99 5, 131 10, 146 9, 102 7, 121 14, 123 13, 94 2.82979
CH739WW 23 26 40661.8 177 13, 168 6, 82 11, 130 13, 127 5, 133 0.255639
ZR230FP 21 23 40663.7 164 5, 177 8, 116 6, 141 0.950355
GK082HS 11 28 40665.6 130 15, 177 12, 95 12, 99 13, 170 5, 114 11, 128 14, 104 12, 135 8, 189 13, 100 6, 86 12, 97 8, 145 8, 129 14, 148 9, 149 10, 103 7, 129 7, 154 14, 89 4.96629
JL834WW 12 22 40669.5 130 15, 130 9, 168 12, 84 13, 108 14, 125 8, 137 9, 109 15, 147 9, 124 15, 155 5.72258
VT368NE 10 21 40677.2 86 9, 142 12, 170 7, 118 11, 85 11, 161 9, 116 8, 157 10, 149 9, 102 14, 154 11, 141 12, 163 2.20245
YH263SB 8 26 40681.8 101 15, 152 13, 181 13, 130 13, 88 5, 139 13, 117 12, 120 14, 117 14, 100 15, 136 13, 111 14, 156 8, 149 12, 139 6, 163 14, 115 7, 136 11, 116 8.39655
AN033EM 13 14 40691.8 166 8, 88 7, 154 5.53247
SZ900VJ 8 27 40696.8 105 5, 160 7, 128 6, 179 8, 153 7, 96 12, 110 5, 144 7, 119 10, 126 9, 130 5, 110 11, 87 5, 84 6, 177 12, 85 11, 163 11, 114 7, 165 13, 87 5, 131 14, 162 7, 89 10, 92 14, 146 11, 130 12, 162 7.37654
ZG358RG 9 27 40699.8 98 12, 136 11, 115 15, 189 11, 144 13, 145 15, 187 9, 186 7, 180 6, 171 9, 169 5, 106 15, 139 5, 144 13, 93 5, 173 6, 143 12, 143 7, 155 9, 81 8, 163 7, 86 5, 131 4.70992
NJ416WN 26 28 40707.6 140 14, 94 3.78723
GX420PX 16 26 40711 167 13, 97 15, 163 9, 98 10, 170 10, 142 5, 138 6, 185 11, 162 7, 158 10, 170 8, 93 11, 140 9.15
SJ617NC 28 29 40714.9 178 4.38202
TZ358NG 28 29 40723.7 148 5.27027
SW411FJ 15 28 40729 178 7, 99 14, 142 13, 93 12, 91 7, 125 6, 85 8, 179 14, 154 7, 156 10, 96 14, 124 14, 94 12, 92 6, 165 15, 151 10, 105 1.67619
GH057FR 10 25 40736.1 187 13, 139 6, 105 7, 106 8, 150 11, 83 5, 92 5, 83 11, 178 10, 136 10, 186 10, 140 10, 97 12, 167 5, 140 6, 128 15, 99 9, 177 14, 100 7.96
CB031ZB 6 11 40741.3 181 5, 175 14, 156 10, 162 7, 147 4.68707
WX055WA 15 18 40742.1 119 13, 178 15, 126 2.19841
ZN621TN 17 24 40748.1 109 5, 84 6, 106 9, 177 6, 118 7, 80 14, 133 14, 109 14, 190 11, 160 10, 154 1.17532
SV291MT 27 29 40757.3 96 13, 85 1.34118
MN886DS 23 25 40761.3 182 6, 190 7, 108 15, 96 1.45833
XR389SD 15 18 40764.4 127 15, 100 5, 153 5, 114 5, 124 6.08065
EA412CN 15 29 40767.4 158 12, 83 5, 124 7, 92 11, 83 14, 119 10, 83 11, 158 15, 93 9, 187 5, 113 5, 81 11, 116 5, 158 9, 112 10, 186 14, 144 9, 125 6, 106 15, 145 0.62069
WG314YG 14 21 40773.3 103 11, 99 14, 140 14, 183 8, 100 6, 176 14, 110 15, 176 0.232955
TT161DW 18 25 40773.9 189 8, 168 6, 175 13, 156 10, 135 7, 92 14, 147 10, 122 7, 164 9.85366
LD642NH 2 14 40775 81 13, 119 14, 134 15, 189 5, 121 6, 111 6, 143 6, 168 10, 88 5, 151 10, 166 6, 136 9, 158 11, 106 6, 95 12, 144 5, 162 9.24691
NY114MD 10 11 40781.3 158 4.51899
LM986NC 16 28 40784.3 120 15, 175 15, 103 8, 89 14, 163 7, 153 8, 175 6, 106 12, 187 8, 153 9, 152 13, 186 7, 108 5, 80 11, 139 8, 158 1.10759
EB911LE 7 12 40790.2 185 15, 81 10, 153 14, 149 5.37584
MA289XA 28 29 40796.8 124 6.29032
XL843HN 5 10 40803.3 170 8, 135 14, 147 14, 180 5, 139 12, 131 8.58015
KJ596GE 6 16 40804.9 86 10, 90 6, 84 9, 168 12, 94 12, 136 15, 84 14, 97 8, 149 11, 141 7, 134 5, 108 6, 97 8, 101 2.83168
FR044HF 22 25 40810.4 88 13, 163 14, 169 7, 185 6, 190 3.5
JG451XD 4 6 40820.2 114 14, 156 6, 132 8, 165 1.30909
LV442DT 23 27 40827.4 126 7, 90 8, 169 9, 168 9, 136 11, 143 13, 180 1.74444
JG381JC 21 25 40833.7 171 13, 178 10, 164 10, 115 5, 176 5.85227
YM858TD 13 28 40837.2 106 15, 102 10, 164 10, 94 15, 149 5, 158 7, 101 7, 104 7, 179 14, 147 10, 163 7, 174 11, 113 13, 80 11, 157 12, 104 8, 139 9, 109 5, 135 10, 98 10, 96 2.89583
AD360EX 16 17 40842.4 118 7.98305
ZF081NY 24 25 40845.5 94 5, 142 7, 148 4.45946
AF297TT 7 19 40853.4 94 7, 151 6, 160 10, 133 10, 80 10, 128 9, 167 5, 88 5, 167 5, 179 10, 113 8, 183 10, 124 12, 189 9, 150 3.14
JA887VF 19 28 40858 93 6, 181 14, 95 13, 170 7, 177 15, 155 10, 81 5, 108 14, 122 15, 103 15, 85 14, 111 3.15315
JP822HK 20 23 40860.1 164 11, 112 12, 106 6, 147 10.9932
MC817HL 21 29 40865.4 190 7, 88 8, 169 8, 188 9, 81 8, 154 7, 184 10, 127 11, 132 12, 148 7.47973
GB411BH 24 28 40868.6 109 12, 126 7, 84 11, 160 11, 118 11, 108 6.07407
XN801JX 27 29 40878 95 5, 130 6, 94 1.1383
XA986YZ 14 28 40884.3 100 8, 137 8, 118 13, 89 14, 118 10, 152 11, 162 14, 178 14, 155 14, 151 8, 182 9, 91 10, 177 12, 155 9, 144 5, 130 1.51538
NN679FF 24 25 40892.9 177 5, 126 8, 169 1.36686
JH472NJ 27 28 40901.8 99 5.87879
ZC461AG 11 13 40905.3 117 5, 108 9, 108 5.52778
ZD923CT 13 22 40907.3 113 7, 149 5, 123 5, 162 14, 179 15, 86 7, 161 11, 97 10, 172 8, 122 14, 168 4.92262
JV119DB 4 14 40915.1 90 9, 174 12, 158 13, 182 11, 158 5, 86 7, 138 5, 189 9, 150 7, 117 12, 90 15, 125 7.608
MP247KP 22 24 40920.5 111 5, 143 11, 118 14, 121 3.96694
EN206GD 17 21 40928.5 82 15, 108 7, 142 11, 86 10, 102 10, 165 5, 164 5.44512
PB189PJ 24 25 40929.9 125 5, 104 13, 171 0.859649
GP142ZV 12 13 40939.5 116 11.3793
PM356GY 15 23 40941.1 86 12, 178 8, 107 12, 124 5, 160 12, 135 11, 171 8, 172 9, 88 14, 90 9, 152 0.769737
BX705LL 23 28 40943.3 82 15, 160 11, 157 7, 113 7, 162 15, 174 9, 160 0.0625
NP595SG 19 21 40949.9 103 8, 143 11, 183 11, 180 1.06667
RR273AF 28 29 40958.6 159 4.90566
XW550CX 8 17 40961.7 167 7, 120 11, 123 12, 86 14, 96 8, 161 14, 183 11, 123 6, 90 9, 81 2.69136
YZ026MB 14 22 40966.3 124 15, 174 9, 138 6, 121 10, 129 12, 158 15, 188 9, 100 4.88
RA361RE 10 25 40972.8 183 10, 98 12, 127 15, 171 5, 127 5, 187 8, 149 15, 135 5, 84 13, 85 9, 117 11, 156 9, 152 5, 88 9, 86 6, 144 10, 168 13, 114 10, 153 9.30065
PT798GD 23 26 40974.8 104 13, 144 12, 156 15, 140 8.21429
BB521MC 2 26 40975.4 137 13, 148 14, 185 6, 158 14, 96 11, 180 9, 186 13, 167 5, 143 13, 98 13, 81 10, 177 13, 186 15, 180 12, 154 5, 174 7, 127 8, 184 8, 189 6, 186 14, 121 9, 134 5, 180 6, 176 8, 92 5, 113 13, 189 6.09524
GV040CZ 19 22 40983.8 114 7, 89 11, 115 5, 126 6, 172 11, 150 3.10667
FR776BB 3 8 40992.9 81 5, 113 13, 136 12, 184 11, 171 11, 88 11, 182 1.2033
FS658BZ 21 24 40996.4 176 10, 142 13, 152 9.98684
SG026TH 25 28 41000.1 126 5, 173 8, 98 9, 149 7, 179 4.27374
YV605VE 10 11 41007.3 89 8, 97 0.0206186
EP843FG 24 29 41016.4 185 12, 162 7, 161 8, 110 14, 114 6, 143 5.18881
DT008RX 28 29 41026.2 100 7.8
WJ410WN 23 28 41031.3 103 7, 168 10, 184 8, 176 13, 169 14, 175 2.05143
XE517ZY 8 12 41034.5 177 8, 121 12, 108 13, 144 0.208333
MH317ME 14 17 41042.1 85 8, 98 11, 101 14, 188 2.02128
BW535PP 4 9 41047.2 95 9, 90 13, 169 7, 188 7, 183 10, 114 14, 89 0.337079
WM450FG 3 14 41050.4 154 7, 132 13, 144 7, 105 10, 149 7, 102 5, 133 13, 136 6, 138 12, 187 7, 82 14, 169 15, 125 5, 143 5.54545
BW169NP 3 6 41057.9 162 8, 103 6, 140 5, 170 8, 123 7, 139 3.54676
VC535YW 23 29 41061.5 137 10, 138 14, 170 9, 190 11, 109 10, 148 11.1757
WK977PJ 24 29 41068.3 137 9, 151 13, 150 10, 90 7, 121 5, 108 13, 86 3.17442
RH218EY 10 16 41076.1 134 13, 88 6, 125 8, 136 11, 116 6, 187 15, 103 0.0679612
GN999LW 19 24 41083.4 124 7, 187 14, 106 7, 131 9, 94 6, 89 6, 144 6, 80 15, 188 6, 97 0.298969
WJ036JD 15 24 41084.4 81 6, 144 14, 86 6, 187 13, 88 7, 154 11, 89 11, 100 10, 165 6, 90 10, 135 5, 181 14, 112 0.544643
YJ923BB 8 14 41088.2 94 11, 190 14, 84 6, 111 14, 90 5, 80 12, 150 8.37333
LH980RV 9 14 41093.8 176 9, 126 5, 100 15, 154 10, 160 12, 142 2.38028
TL721CM 6 16 41098.5 178 11, 132 13, 173 11, 170 12, 123 10, 116 9, 175 10, 178 11, 91 5, 166 1.46988
HK292DF 6 18 41102.8 108 13, 178 8, 189 6, 160 5, 143 14, 166 11, 179 13, 154 15, 136 5, 131 5, 85 15, 134 9.47015
ZZ913MD 2 26 41109.5 173 5, 104 10, 165 13, 189 10, 179 12, 174 11, 167 11, 141 8, 141 9, 95 12, 132 10, 83 9, 163 7, 119 10, 161 5, 122 8, 89 11, 143 7, 147 8, 168 9, 181 14, 179 9, 105 10, 164 15, 149 10, 108 7, 128 10, 179 8, 179 5.60894
CB229ED 19 29 41118.8 158 13, 186 15, 87 11, 166 13, 102 12, 115 10, 163 15, 107 7, 144 14, 140 5, 159 5, 187 1.58289
VP180AR 26 29 41126.4 86 13, 144 5, 87 10, 117 3.31624
SH790XA 5 26 41135.8 141 13, 148 7, 126 7, 174 5, 100 12, 96 10, 129 6, 90 10, 116 11, 138 13, 94 10, 145 15, 98 8, 140 8, 81 6, 82 14, 100 8, 141 12, 111 14, 189 9, 167 11, 160 15, 94 8, 179 6, 80 8, 100 12, 86 5, 120 7, 117 15, 108 1.34259
TD159ZE 11 23 41139.6 143 15, 136 8, 81 14, 165 5, 162 15, 159 11, 108 14, 106 6, 98 15, 134 6, 86 13, 173 6, 160 11, 179 5.61453
JC676JR 7 9 41141.4 186 8, 89 6, 124 8, 127 0.929134
AL656VF 7 14 41148.2 140 14, 150 7, 167 9, 80 13, 126 5, 178 7, 187 15, 157 2.61146
ZB731CD 10 24 41156.8 187 13, 81 12, 121 11, 135 11, 163 8, 116 12, 104 10, 91 14, 100 11, 105 9, 148 15, 99 5, 101 8, 167 15, 109 7, 127 6, 186 3.54301
ND613NP 7 23 41165.7 109 12, 135 12, 91 9, 98 12, 80 5, 103 10, 91 13, 83 9, 163 6, 137 9, 134 7, 152 5, 91 11, 81 9, 155 10, 179 12, 157 5, 122 9, 102 13, 106 14, 182 11.511
LR432SD 20 26 41170.6 171 8, 135 7, 187 8, 117 13, 122 5, 85 12, 174 11, 162 12, 137 8.40876
BY897BL 19 21 41173.1 152 6, 134 6, 92 13, 103 5, 183 6.42077
MR768GC 26 29 41179.5 130 13, 117 12.0171
NS201GL 16 19 41182.7 171 7, 177 10, 157 3.30573
GL271BA 12 15 41185.8 84 13, 179 9, 80 6, 96 11, 174 4.60345
NR887HC 14 21 41187.7 159 11, 94 13, 131 10, 172 5, 81 11, 168 8, 90 9, 136 8, 86 5, 123 8.0813
RT189NM 26 29 41192.1 146 11, 103 8, 120 5.55
RJ804PX 1 8 41196.4 82 11, 90 6, 189 7, 152 10, 108 15, 121 13, 118 8, 89 14, 163 6, 146 8.69863
XL018TW 16 29 41201.4 141 15, 163 14, 182 11, 186 11, 185 9, 115 15, 106 13, 178 9, 149 7, 172 10, 110 5, 133 10, 189 7.20635
RP786CZ 21 22 41206.6 187 4.62032
ZS911NB 2 25 41216.3 92 5, 159 6, 156 10, 179 11, 140 15, 93 13, 121 12, 166 14, 111 13, 116 14, 132 7, 118 15, 182 12, 100 14, 91 15, 87 6, 140 14, 133 13, 115 12, 155 8, 103 11, 130 11, 112 5, 118 7, 138 10, 144 7, 161 7, 163 2.57055
DD996SL 11 12 41218 87 9.58621
YW374JM 23 26 41222.9 121 10, 124 12, 83 13, 106 5, 139 5, 185 5, 121 5.31405
YB211VZ 1 12 41229.8 173 7, 185 15, 83 13, 157 10, 107 6, 182 14, 118 6, 138 13, 132 12, 153 13, 115 2.76522
TC544WR 26 28 41238.7 141 11, 160 4.78125
WM219AC 19 25 41244 186 11, 161 13, 146 6, 135 14, 110 13, 98 10, 153 8, 110 11.9182
LM322JX 9 11 41247.4 183 8, 137 8.0146
EK539KY 27 28 41252.1 144 4.04167
BP068VE 18 29 41252.6 146 9, 93 10, 150 8, 177 13, 169 14, 152 11, 185 7, 183 13, 124 5, 144 15, 161 8, 121 4.02479
NH850RF 28 29 41258.3 148 5.27027
PN139RX 19 26 41259.1 120 10, 119 10, 134 13, 154 7, 165 6, 172 10, 184 7, 175 6, 154 9, 86 5, 164 10, 134 3.91045
MZ304VK 2 7 41264.7 138 9, 83 15, 96 9, 154 11, 139 15, 135 9, 137 3.77372
LS402HR 25 28 41267.4 137 14, 132 7, 131 10, 117 4.71795
AD964EL 25 29 41276.7 117 13, 92 14, 175 7, 145 10
CR217CM 12 24 41286.6 161 12, 92 10, 95 9, 112 7, 158 12, 93 8, 85 9, 147 12, 185 7, 94 7, 108 6, 123 11, 162 6, 94 6, 185 10, 97 6, 137 10, 83 11, 131 0.557252
BS509EC 16 26 41291.1 188 9, 124 13, 81 13, 104 7, 145 10, 92 15, 113 7, 84 7, 143 9, 111 12, 100 11, 164 9, 145 7, 186 11, 82 2.12195
FE797WJ 22 24 41298.2 178 6, 101 8, 146 10, 117 7.89744
ZC099HE 12 29 41305 162 12, 162 13, 149 15, 155 14, 122 14, 148 13, 89 5, 165 11, 128 8, 144 5, 125 6, 83 12, 173 13, 149 7, 132 13, 144 14, 83 13, 154 10.4286
RC773RT 18 23 41307.9 184 7, 97 6, 189 9, 102 12, 152 7, 129 9, 107 12.3925
CE251MK 5 6 41313.7 108 7, 137 9, 174 5.67241
YX910PG 20 21 41319.8 172 8, 121 7.91736
XG407RX 20 21 41329.8 187 10, 171 2.71345
RH071WR 13 19 41336.8 126 5, 180 13, 124 9, 161 11, 145 10, 98 13, 166 1.87349
PV666HM 25 29 41344.5 121 8, 156 13, 130 5, 126 14.5873
KM138CF 7 19 41353.9 134 12, 170 12, 85 12, 147 7, 168 5, 119 14, 121 9, 127 7, 93 9, 117 6, 169 8, 102 5, 149 11, 174 8.72989
RV604PY 21 22 41362.4 156 5.53846
NN135SW 24 29 41369.3 92 9, 143 12, 178 7, 177 10, 101 12, 118 7.08475
DE132KB 4 20 41373 138 13, 123 9, 187 5, 177 9, 143 5, 129 10, 187 13, 173 8, 138 11, 137 12, 132 10, 140 10, 121 8, 185 15, 186 14, 103 3.6699
WS576RL 24 28 41376.5 105 11, 112 11, 187 13, 137 14.6715
NM176TY 23 26 41380.9 97 11, 138 9, 106 11, 98 10, 111 10, 170 5.91176
YA535XH 10 26 41387.3 141 7, 158 7, 178 14, 178 14, 186 9, 93 15, 101 13, 97 9, 122 7, 184 13, 81 6, 98 7, 89 14, 159 13, 126 6, 139 15, 140 13, 120 10.6167
GT008ZL 1 21 41388 123 9, 114 13, 172 13, 112 14, 141 7, 87 7, 93 12, 138 10, 99 10, 133 8, 108 9, 184 5, 90 5, 173 13, 92 10, 129 8, 128 8, 172 5, 168 12, 131 7, 139 5, 119 15, 103 11, 141 13, 93 11, 87 7.63218
JC801FE 25 29 41389.7 87 7, 109 5, 87 7, 178 5, 97 12, 160 9, 165 1.37576
MB992NT 24 26 41390.6 109 12, 83 13, 187 7, 100 5, 120 2.63333
LL822RK 3 26 41391.7 162 5, 157 6, 87 5, 85 12, 116 14, 125 9, 94 11, 151 15, 113 5, 89 15, 82 11, 181 7, 109 10, 185 6, 156 13, 84 10, 140 8, 189 8, 116 10, 102 11, 140 11, 173 15, 170 7, 157 10, 116 11, 144 13, 186 5, 121 6, 122 5, 140 9, 115 4.13043
XW830TF 13 24 41392.2 177 8, 129 5, 173 13, 145 7, 161 12, 109 9, 114 8, 172 7, 160 12, 182 9, 93 6, 83 10, 159 10, 174 6, 155 4.4129
AN999AP 27 28 41394.6 111 5.24324
EC924ZN 6 7 41395.4 108 5, 96 5.25
PW504DD 19 24 41396.4 104 7, 120 5, 120 13, 138 15, 133 15, 184 12, 109 5.18349
KE037SF 27 28 41397 117 4.97436
VY105DM 15 22 41400.9 118 6, 107 7, 183 15, 171 10, 86 11, 177 6, 159 11, 185 5.23784
MS162NV 22 25 41409.2 159 7, 139 11, 153 10, 144 12, 130 3.72308
MV511TF 22 23 41412.2 164 5, 112 7, 93 5, 99 1.34343
GS179VF 27 28 41420.1 98 5.93878
ZJ684CN 17 23 41424.1 134 13, 150 10, 119 8, 97 9, 167 14, 95 7, 172 5, 111 10, 166 1.03614
GK501YX 19 25 41429.4 125 13, 178 10, 148 9, 178 6, 103 9, 93 13, 115 5, 121 11, 154 10, 85 5, 132 0.287879
PS705PE 21 23 41438.1 112 12, 101 10, 152 4.68421
XA797NW 16 26 41438.9 187 5, 130 8, 162 15, 103 14, 170 12, 85 11, 150 11, 185 5, 151 11, 120 6, 141 15, 140 10, 110 3.91818
LR312FL 17 22 41446.7 172 15, 122 14, 133 14, 93 5, 103 6, 80 8, 97 1.41237
HK466VE 11 22 41450.4 171 10, 90 10, 152 9, 142 11, 171 8, 145 12, 132 13, 177 7, 132 15, 171 8, 157 6, 177 3.49718
GL985PW 3 27 41453.7 117 12, 126 9, 125 14, 130 8, 150 13, 105 9, 112 8, 91 6, 83 8, 147 8, 144 10, 161 5, 117 8, 140 12, 177 15, 102 14, 93 6, 86 10, 119 6, 83 11, 165 5, 85 15, 143 12, 100 6, 177 15, 127 10, 131 13, 111 8, 137 9, 139 5, 181 10, 131 7.0229
WP370ND 21 25 41461.9 107 15, 142 9, 172 6, 103 13, 160 12.4625
TE535NP 11 24 41471.6 118 6, 124 15, 163 14, 140 13, 163 12, 92 15, 99 12, 182 6, 80 7, 92 5, 114 9, 162 10, 175 9, 164 11, 99 9, 85 6.47059
XB163GR 24 26 41481.2 115 14, 100 15, 116 7, 86 6.86047
FV909DL 25 28 41488.5 119 11, 160 6, 190 12.8158
ZL548LA 21 29 41497.7 175 10, 91 5, 166 10, 140 6, 124 5, 120 8, 92 9, 121 6, 150 6, 127 5, 141 15, 110 5, 104 6.66346
XB441ER 3 13 41501.7 147 15, 165 5, 106 5, 119 5, 85 14, 187 15, 141 13, 113 13, 157 5, 184 7, 136 5.11029
MT964EV 1 6 41507.8 187 15, 100 9, 100 12, 141 12, 115 5, 125 8, 174 2.72414
AG246DP 25 28 41510.1 161 7, 190 13, 128 7, 110 1.91818
AC426KE 12 26 41518.2 94 9, 182 15, 90 15, 125 6, 126 10, 114 8, 155 9, 181 11, 113 15, 103 6, 180 9, 124 15, 171 7, 183 14, 139 13, 189 9.8254
EM298VW 3 17 41519 159 15, 133 8, 105 5, 158 9, 190 15, 81 11, 89 14, 165 12, 129 5, 122 8, 158 11, 140 15, 186 14, 123 1.15447
JH260DJ 14 25 41522.3 111 9, 137 13, 88 10, 94 8, 157 15, 181 14, 119 5, 147 8, 172 13, 105 11, 83 10, 189 7, 93 11, 140 2.19286
YD506WN 11 12 41527.7 135 6.17778
JE878FL 26 27 41530.3 103 5, 87 5, 81 9.67901
VS730AH 20 26 41537.2 153 5, 148 10, 190 11, 144 14, 100 14, 172 10, 177 5, 182 8.86813
XN145XL 6 26 41539 161 6, 160 14, 87 6, 112 13, 184 6, 151 15, 174 5, 137 15, 102 6, 98 5, 107 15, 189 7, 124 5, 101 5, 138 7, 152 14, 106 13, 182 13, 131 12, 109 11, 136 11, 153 10, 113 7, 105 12, 81 8.67901
YR545TP 15 25 41545 186 9, 125 15, 82 6, 137 14, 82 8, 87 5, 157 11, 182 13, 143 15, 173 14, 96 7, 154 4.15584
TK604WC 23 24 41550.1 99 12, 167 5.20958
FZ974ZF 25 27 41553.5 132 9, 92 7, 160 14, 140 0.357143
VW233VK 27 29 41561.2 145 9.3931
LA092XH 19 21 41566.9 149 11, 155 14, 169 4.69231
PX324CC 3 20 41572.6 174 12, 114 15, 119 13, 190 14, 115 11, 93 11, 121 15, 86 11, 180 11, 112 13, 136 6, 168 8, 183 11, 145 15, 89 11, 122 9, 181 2.56906
MD416SB 1 17 41574.2 166 9, 113 9, 98 6, 80 11, 175 5, 175 12, 110 12, 94 15, 128 12, 149 11, 170 12, 110 6, 186 10, 148 12, 104 9, 106 7, 90 11, 156 7, 168 5, 98 0.928571
PC822NP 11 21 41576.4 109 14, 132 10, 189 8, 112 11, 183 5, 109 14, 115 14, 185 12, 160 7, 124 12, 117 10, 133 0.0676692
WB703YE 27 28 41583.7 124 4.69355
DY946ZK 25 27 41592.2 187 7, 167 9, 129 10.155
RT432CW 2 22 41595.9 178 9, 162 14, 121 10, 100 13, 97 10, 148 5, 139 11, 104 14, 126 7, 87 11, 122 13, 89 10, 118 8, 170 10, 123 13, 181 11, 156 15, 141 11, 96 15, 111 11, 160 13, 100 6, 171 1.23977
MD329DY 9 16 41596.8 155 7, 95 12, 110 5, 167 8, 89 15, 178 12, 118 14, 181 4.90608
JR510AX 19 21 41605.1 158 7, 140 11, 131 13, 158 1.60127
ZE436XD 5 28 41606.2 169 13, 163 15, 151 11, 102 11, 136 12, 180 14, 83 13, 165 13, 150 9, 125 13, 171 15, 168 15, 119 12, 95 9, 172 10, 99 11, 164 7, 90 9, 143 7, 189 11, 181 12, 109 13, 100 7.34
JD998NL 9 25 41615.4 166 5, 169 9, 91 13, 92 6, 92 9, 175 9, 152 13, 162 7, 174 15, 184 14, 87 11, 146 12, 108 9, 190 12, 128 12, 166 12, 85 6, 163 4.13497
KX633KF 20 21 41625.3 182 12, 123 1.21951
TV081FM 12 25 41632.4 151 8, 135 5, 117 15, 114 12, 101 8, 117 11, 171 11, 184 7, 140 8, 141 12, 105 6, 164 10, 94 6, 85 10, 171 8, 133 9, 188 5, 182 9.84066
ML731HE 28 29 41633.1 170 4.58824
ND505HM 25 26 41637.8 131 11, 168 5.6369
XB262NE 18 20 41639.8 177 10, 122 6, 133 3.33835
PZ536AK 3 13 41641 150 10, 156 12, 101 11, 153 13, 160 5, 86 10, 130 11, 103 7, 80 14, 125 5, 130 8, 98 5, 172 3.84884
TX155MC 7 8 41648.3 141 9, 102 9.38235
WD459HP 11 12 41651.8 136 6, 149 0.120805
EM065AV 19 24 41659.9 81 11, 157 8, 146 15, 142 11, 184 9, 127 6, 97 14, 187 0.272727
DF637XE 15 17 41665.4 185 14, 101 0.376238
YW760LL 20 24 41667.6 170 14, 127 6, 150 6, 107 11, 96 12, 125 7, 102 2.07843
LP254ZM 5 15 41676.3 133 9, 87 6, 178 15, 122 11, 158 8, 174 9, 107 6, 172 10, 113 5, 129 5, 124 11, 83 7, 104 8, 125 5.424
FX133GG 27 29 41678.4 140 9.72857
GW633FX 3 11 41679.9 188 12, 164 14, 96 15, 113 14, 181 15, 160 9, 93 3.62366
PT527PB 25 26 41682.1 187 12.7701
CT908NN 13 25 41690.4 95 8, 109 11, 155 15, 104 15, 137 8, 160 15, 102 7, 153 10, 139 7, 144 12, 170 9, 170 8, 90 7, 155 12, 133 6, 85 3.28235
BX463EE 24 25 41700.3 186 10, 170 1.55294
VL464LE 13 16 41701 156 15, 135 14, 110 10.6909
LS241HZ 22 26 41707.5 186 9, 132 13, 107 9, 161 6, 147 8, 184 12, 178 0.38764
EL942MG 10 17 41709.2 179 12, 111 11, 171 13, 82 11, 97 7, 170 12, 119 0.0252101
SC874VE 18 28 41710.9 123 5, 170 5, 165 6, 174 5, 110 15, 117 15, 123 15, 95 8, 175 15, 116 11, 151 9, 146 10, 122 8, 150 1.34
GW751JZ 7 25 41720.8 122 9, 156 6, 178 10, 170 13, 145 7, 169 6, 172 9, 101 6, 101 5, 147 11, 146 14, 190 11, 87 5, 83 10, 120 13, 186 13, 179 10, 180 13, 157 8, 135 10, 173 0.855491
PJ960KP 10 15 41724.9 118 14, 92 15, 103 9, 88 15, 183 7, 87 0.321839
GZ932LR 2 14 41725.5 135 13, 173 7, 134 15, 100 9, 162 7, 95 6, 124 9, 119 15, 130 14, 154 9, 94 12, 148 6, 132 8, 105 5, 163 13.6319
ZY219FX 13 29 41729.8 175 15, 94 7, 185 14, 139 8, 190 7, 167 12, 119 7, 142 8, 173 10, 123 5, 112 11, 141 8, 166 6, 176 8, 85 5, 139 7, 151 14, 173 5, 154 11, 81 9.35802
NM351YB 22 27 41730.7 180 7, 88 15, 180 5, 148 10, 99 10, 159 14, 147 10, 165 5.21212
LZ810JA 22 23 41731.8 169 11, 131 2.61832
WH566SM 19 29 41738.6 137 11, 108 9, 111 8, 182 12, 123 7, 127 12, 116 14, 91 14, 174 9, 184 8, 179 12, 146 6, 113 3.87611
YJ995JT 3 15 41742.9 91 9, 126 12, 127 14, 171 11, 167 9, 120 5, 134 12, 112 14, 185 9, 139 8, 105 12, 118 12, 136 8.95588
KX060CM 26 27 41747.6 150 11.56
NA906NT 12 13 41752.5 117 11, 188 0.175532
TF946JL 28 29 41761.1 190 4.10526
HA126RB 28 29 41761.9 116 6.72414
DK699BJ 7 10 41764.3 157 7, 132 6, 99 8, 102 6, 134 6, 186 4.73656
RN023ZM 19 28 41771.1 179 12, 133 14, 108 14, 114 15, 115 15, 85 7, 145 10, 180 5, 182 9, 92 5, 100 10, 159 9.77358
BR027RZ 11 18 41779 113 12, 92 14, 105 7, 96 7, 128 12, 149 11, 125 9, 175 9, 134 3.29851
XP177SY 16 19 41783.2 83 6, 190 6, 123 12, 99 3.75758
RH773LR 12 24 41785.6 160 15, 152 7, 154 12, 101 10, 95 10, 148 5, 186 7, 114 7, 80 15, 190 6, 88 10, 104 15, 81 15, 136 13, 119 11, 83 9, 151 0.0463576
YZ605YK 17 26 41793.5 134 12, 80 10, 122 8, 122 6, 108 13, 154 7, 85 9, 92 6, 174 13, 116 7, 123 13, 169 15, 114 10, 83 6.25301
HW061LR 4 23 41801.2 108 8, 148 15, 167 14, 159 14, 82 12, 130 15, 146 12, 96 8, 123 12, 171 13, 80 9, 179 9, 133 7, 94 12, 187 10, 142 10, 117 11, 107 10, 93 13, 122 8, 155 1.50323
VX084MN 2 6 41802.8 128 12, 148 11, 130 13, 144 7, 163 12
WX653WY 10 16 41809.9 183 15, 139 8, 130 12, 126 14, 174 5, 160 1.39375
BC992NS 2 14 41811.3 86 6, 94 15, 87 11, 96 10, 85 11, 176 8, 123 10, 107 15, 148 14, 177 6, 150 7, 170 9, 121 7, 100 11, 155 6, 111 6, 138 5, 148 3.63514
HD800VR 21 23 41814.1 121 10, 107 6, 172 7.05814
XL047KR 21 24 41822.2 180 7, 80 6, 130 13, 179 8, 154 1.7013
AY678ES 15 22 41825.2 119 13, 81 15, 99 13, 108 7, 180 15, 158 15, 158 4.82911
YH232XH 2 7 41829.6 175 6, 122 5, 135 15, 133 13, 114 15, 162 10.7284
VW811AV 11 15 41833.2 158 6, 122 5, 130 10, 146 10, 89 7, 165 5, 124 0.870968
AB994CH 7 21 41835.5 159 6, 150 6, 186 7, 111 5, 131 9, 85 12, 109 9, 186 6, 130 9, 184 13, 95 11, 81 14, 182 6, 88 6, 184 15, 99 6, 178 7, 149 9.22148
RW040TD 16 17 41836.4 172 5.47674
SY717RW 6 20 41839.3 138 6, 126 10, 88 9, 128 12, 148 15, 137 15, 174 10, 180 14, 168 10, 88 9, 148 5, 177 7, 138 10, 108 7, 174 2.95402
BX690DX 12 18 41841.3 110 11, 118 15, 158 6, 176 6, 146 8, 143 12, 90 10, 159 4.81761
LS468PN 20 28 41844.8 96 6, 107 13, 155 8, 89 12, 157 14, 155 10, 97 5, 169 15, 140 6, 90 15, 96 8, 123 2.31707
YT587MA 5 15 41852.3 118 6, 106 8, 99 10, 170 8, 128 14, 166 12, 129 12, 170 12, 110 12, 83 13, 181 9, 111 2.54054
DZ908XA 26 29 41855.1 92 12, 87 5, 166 9.37952
HA592FX 21 25 41865 107 8, 171 10, 114 13, 117 12, 139 5, 111 9.91892
GF456FR 19 25 41866.1 165 6, 116 8, 128 10, 166 8, 112 7, 135 15, 159 8, 171 15, 156 4.34615
HS819KE 17 27 41870.9 102 9, 175 14, 98 13, 100 7, 164 8, 147 5, 118 10, 184 12, 122 11, 129 6, 114 10, 83 12, 80 10, 95 7, 146 9, 180 3.93333
BW815TA 15 27 41872.4 80 12, 173 14, 114 12, 86 7, 108 7, 187 13, 144 11, 148 8, 183 7, 84 8, 129 8, 92 10, 151 12, 94 5, 190 9, 175 7, 135 5.2963
NL875AC 23 26 41879.2 173 7, 93 12, 131 10, 140 14, 117 8.31624
JS722JE 16 28 41883.5 173 11, 151 8, 148 12, 154 10, 121 6, 162 13, 156 12, 160 10, 81 11, 113 10, 134 11, 129 12, 148 14, 166 1.16867
WA596YJ 3 5 41885.9 167 6, 94 12, 135 1.64444
JB790YF 21 22 41888 180 4.8
EL652BD 26 28 41888.8 190 5, 123 11.1057
JT547TH 5 15 41891 163 13, 126 13, 169 7, 82 11, 155 12, 167 15, 82 8, 118 14, 93 14, 100 12, 113 5.0531
RR260CW 13 26 41900.1 102 7, 92 7, 117 9, 162 11, 181 15, 106 12, 140 7, 152 13, 160 12, 126 5, 103 13, 83 8, 170 5, 146 12, 101 13, 167 11, 100 9, 166 4.75301
JK444LN 21 23 41906.3 156 11, 184 7.33696
CR243SZ 20 23 41913.3 99 7, 134 7, 180 15, 164 6.51829
SE198EY 10 13 41923.1 100 8, 175 11.8171
DL165HY 2 11 41928.3 173 15, 115 11, 99 12, 125 14, 97 12, 106 13, 84 12, 155 12, 143 13, 155 3.15484
KD783BW 19 22 41930.2 118 6, 175 10, 171 6, 82 13, 138 5, 109 2.07339
GP306CF 5 29 41936.9 101 12, 112 6, 108 15, 131 8, 94 9, 135 10, 175 5, 146 11, 117 5, 158 13, 115 11, 119 5, 161 11, 177 8, 129 12, 168 6, 183 6, 149 13, 184 5, 155 14, 160 13, 130 13, 96 13, 109 10, 125 5, 102 14, 153 9, 175 10, 180 6.72222
FG052CW 24 28 41941.5 170 13, 169 7, 122 10, 178 8, 151 5.23841
AV144EN 4 9 41946.8 135 10, 87 8, 126 10, 182 13, 146 13, 185 2.21622
BD370AV 6 15 41955 147 5, 113 10, 82 5, 112 13, 89 8, 172 8, 156 12, 151 6, 137 8, 147 13, 181 5.56906
TP278PL 12 18 41960.9 105 8, 172 14, 139 14, 102 7, 96 12, 105 13, 178 6.23034
ZD284GC 5 21 41965.3 89 12, 143 13, 186 10, 131 6, 105 10, 140 11, 100 9, 83 14, 155 15, 105 10, 124 11, 101 8, 179 9, 144 6, 88 6, 133 7, 83 6, 82 15, 95 7, 104 6, 183 8, 151 7.78146
BJ975YK 9 24 41973.3 116 11, 95 12, 122 7, 147 11, 88 8, 157 9, 184 5, 109 9, 116 6, 113 15, 123 8, 88 13, 119 8, 133 12, 188 14, 178 11, 121 14, 84 5, 115 5.72174
TS362DE 28 29 41979.1 108 7.22222
ZC747DA 19 24 41980.8 141 10, 110 9, 180 5, 146 14, 101 10, 185 6, 178 11, 97 3.13402
CN855BM 9 25 41984.5 95 14, 139 5, 161 14, 189 6, 170 11, 116 12, 83 13, 167 8, 174 14, 169 13, 122 8, 85 15, 125 10, 141 7, 80 13, 127 14, 158 12, 161 3.31056
WX206HV 15 28 41987.7 184 13, 137 5, 98 13, 102 15, 141 7, 99 11, 121 11, 120 14, 151 11, 185 12, 85 14, 86 13, 117 14, 128 8, 119 9, 141 5.92908
YW820AA 6 26 41994.9 142 13, 138 9, 186 9, 112 9, 188 14, 157 9, 139 10, 89 12, 138 15, 135 12, 103 12, 188 10, 148 6, 89 5, 184 13, 188 13, 179 13, 123 15, 92 14, 96 10, 184 1.92391
GW263CM 7 28 41997 157 12, 129 5, 115 8, 139 6, 159 5, 102 10, 140 6, 190 11, 97 15, 152 13, 122 5, 107 7, 166 5, 153 10, 147 14, 121 6, 162 8, 152 13, 185 10, 104 8, 162 7, 155 9, 155 7, 165 9, 130 9, 151 9, 158 4.74684
YB609LN 23 27 42004.8 117 9, 139 13, 181 13, 161 11, 136 6, 138 3.65217
AT610FJ 24 28 42009.6 151 13, 173 7, 121 13, 155 10, 98 5.41837
LV161ZG 25 27 42012.6 131 5, 110 8, 116 7, 121 14, 164 0.493902
NW427AB 22 27 42019.3 122 14, 186 5, 182 9, 119 5, 107 7, 136 12, 130 14, 104 9, 114 4.36842
KF722LT 5 19 42027.7 92 12, 168 10, 171 7, 108 11, 152 6, 121 8, 189 14, 103 10, 136 9, 172 10, 177 5, 173 10, 161 5, 80 9, 92 6, 100 6, 138 13.0362
TD642BW 14 28 42036.1 130 9, 82 12, 125 12, 127 10, 124 14, 133 6, 175 9, 147 9, 131 12, 115 10, 145 12, 81 7, 153 7, 147 6, 133 5, 154 13, 143 7, 96 15, 170 1.2
ZW877ES 28 29 42043.8 177 4.40678
TT172HV 25 28 42047.5 165 13, 84 11, 91 6, 102 8, 166 1.64458
GF602LS 13 25 42049.4 83 6, 190 14, 133 15, 167 7, 101 11, 190 7, 138 9, 150 7, 173 9, 86 15, 166 11, 91 7, 132 13, 122 13, 112 9.59821
GB433JD 24 28 42055.5 113 15, 96 15, 181 10, 177 8, 144 3.24306
LJ945LH 14 19 42063.3 177 7, 93 9, 160 14, 104 13, 157 2.72611
YT265NE 16 28 42069.8 99 12, 110 8, 102 14, 160 11, 118 10, 149 8, 186 7, 89 6, 140 12, 127 15, 118 9, 96 5, 114 7, 159 5, 96 8, 169 9, 86 12, 132 4.05303
FF570SE 5 15 42078.6 84 11, 83 13, 170 6, 136 15, 85 5, 149 12, 83 5, 83 9, 148 10, 183 13, 161 14, 132 7.85606
NR229GS 28 29 42082.4 142 5.49296
JD938NM 16 24 42090.4 147 5, 115 15, 158 15, 106 10, 133 9, 170 8, 185 7, 90 13, 171 6, 137 5, 101 5.83168
PL059SY 26 28 42092.9 144 12, 173 3.39884
XR262KE 13 17 42098.1 163 8, 156 8, 136 10, 96 5, 83 5, 110 13, 126 0.880952
SH297ZJ 8 22 42104.5 167 10, 172 11, 155 10, 139 12, 109 6, 111 15, 190 14, 114 8, 129 13, 122 7, 173 6, 91 11, 102 14, 182 7.2033
AD022EV 19 23 42106.1 183 10, 146 11, 173 15, 166 9.86145
ZR074NV 19 22 42112.8 187 15, 100 14, 96 10, 142 2.11972
TA204YP 5 28 42116.3 85 10, 153 5, 105 5, 186 6, 147 9, 178 6, 115 15, 105 5, 124 11, 157 5, 92 5, 181 12, 115 15, 103 8, 108 6, 89 12, 189 7, 179 7, 109 10, 107 10, 103 6, 187 12, 124 9, 148 7, 101 5, 88 12, 116 8, 168 11, 159 11, 94 6, 122 9, 133 6, 121 11, 161 4.62112
AJ964XM 28 29 42121.6 167 4.67066
LJ668KJ 2 11 42125.9 83 7, 95 7, 123 12, 142 6, 154 7, 117 10, 107 8, 143 15, 189 10, 85 12, 169 8, 80 7, 105 6, 162 1.73457
DM197TY 22 25 42126.6 158 6, 126 15, 189 14, 159 5.66038
FA741XJ 24 27 42127.1 127 8, 143 14, 118 10, 188 9, 83 4.28916
ND595PA 19 28 42134 186 11, 182 10, 85 5, 118 10, 168 10, 120 12, 136 5, 164 7, 187 15, 90 15, 104 10, 115 5, 184 1.9837
XL381FY 2 16 42139.7 110 6, 145 9, 174 13, 95 10, 128 6, 135 11, 86 15, 85 15, 122 12, 131 14, 145 7, 123 15, 82 15, 132 12, 167 11, 140 9.37143
FE359EG 2 12 42146.4 100 15, 88 9, 96 6, 180 6, 93 8, 82 8, 143 10, 129 7, 174 12, 96 13, 149 8, 179 9, 81 13, 114 4.53509
RL643JX 1 7 42154.9 84 14, 164 8, 129 10, 183 7, 147 7, 87 11, 124 11, 119 7, 184 2.43478
ZG468FT 14 16 42158.7 165 15, 96 1.40625
YZ517NT 6 27 42164 133 9, 157 14, 144 9, 128 6, 183 5, 107 8, 188 12, 88 5, 123 12, 160 5, 148 14, 97 14, 179 14, 85 5, 90 11, 179 8, 114 8, 80 15, 105 11, 133 14, 184 9, 176 11, 104 7, 101 9, 87 11, 100 7, 137 5.51825
BL092PF 1 9 42169.7 142 11, 159 5, 125 11, 100 10, 110 12, 116 6, 117 14, 183 15, 91 5, 96 9, 114 3.26316
WH389MX 1 4 42174.3 111 6, 107 13, 110 7, 179 5, 106 5, 94 6.2766
MJ728CR 25 27 42178.3 147 12, 91 6, 150 8, 173 3.53757
MY770VF 11 20 42185.8 164 9, 84 6, 109 13, 141 7, 117 7, 118 7, 81 6, 171 15, 142 10, 107 15, 150 6, 162 1.90741
GA925CM 22 28 42186.6 82 6, 118 6, 168 6, 139 10, 181 12, 93 6, 122 8, 118 8, 129 10, 120 12.9167
CL395ZN 16 29 42188.8 180 11, 109 14, 133 15, 105 11, 111 9, 152 8, 159 12, 134 13, 184 11, 169 5, 114 10, 161 13, 107 10, 186 6.05914
JN815NB 28 29 42195.6 158 4.93671
PV826SG 3 9 42197.5 190 7, 80 7, 138 7, 133 5, 92 14, 86 10, 121 8, 106 14, 135 10.2444
BV261PD 14 22 42207.4 151 13, 152 8, 85 13, 166 13, 172 14, 101 14, 135 9.61481
ZZ132TR 11 20 42209.8 158 7, 165 10, 137 15, 135 11, 111 10, 154 7, 86 10, 169 5, 187 6, 167 11.994
ML134CF 7 17 42216 103 6, 130 13, 121 5, 157 6, 133 10, 131 7, 158 6, 162 14, 178 7, 131 11, 161 12, 103 2.51456
XG031AY 2 15 42224.3 134 13, 177 11, 95 15, 123 6, 183 8, 166 9, 151 14, 149 13, 90 9, 112 8, 99 14, 94 7, 131 11, 137 5, 133 7, 81 9.40741
TG665EH 20 24 42227.6 138 12, 135 7, 177 12, 150 6, 118 11, 158 3.38608
JT951YJ 10 22 42236.1 166 9, 94 11, 88 9, 171 14, 115 7, 125 8, 114 14, 113 13, 91 12, 173 5, 179 6, 165 11, 169 10.6272
XT119ML 22 23 42237 163 6, 144 8.5
NP936CN 7 10 42239.7 113 12, 106 12, 80 12, 166 8.38554
SX608XT 20 21 42244 108 9, 99 7, 103 5, 100 1.54
CA278TR 20 23 42249.7 97 6, 116 9, 120 5, 85 8, 189 13, 115 0.321739
TE842EM 19 21 42257.6 131 6, 91 5, 80 8, 88 10, 173 10.6416
LV198GJ 1 17 42258.6 177 5, 165 12, 150 10, 151 13, 96 8, 183 5, 172 5, 170 14, 149 9, 145 15, 173 15, 99 11, 115 13, 147 15, 158 10, 176 0.880682
CW072SW 26 28 42267.7 98 12, 85 9, 149 2.51678
BK717MV 28 29 42274.5 188 4.14894
AC725CB 23 29 42281.3 83 12, 180 14, 86 6, 109 9, 118 13, 118 14, 161 9, 162 0.111111
XV521AE 19 25 42289.5 90 8, 140 13, 171 11, 159 15, 151 9, 151 13, 103 9, 103 5, 145 1.93103
ZS391ND 26 27 42295.6 159 6, 105 7.42857
GD702SL 21 24 42302.9 102 13, 180 15, 180 6.1
TW738HF 14 29 42306 182 14, 101 10, 160 7, 128 7, 131 9, 183 8, 127 5, 179 12, 146 9, 95 14, 159 15, 141 11, 140 7, 95 10, 139 13, 152 11, 157 2.80892
WM981ER 8 9 42307.6 95 7, 155 1.55484
ZL345LL 20 26 42314.2 144 13, 122 15, 81 13, 172 13, 101 7, 101 11, 148 15, 147 6.40136
LG764AH 19 29 42320.1 121 15, 156 6, 131 8, 137 15, 137 6, 180 9, 99 6, 82 15, 130 7, 102 6, 185 8, 126 5, 152 13, 105 6, 142 6.87324
DY516AS 3 21 42320.9 155 9, 148 14, 81 12, 183 11, 170 5, 96 7, 142 13, 123 14, 179 6, 170 8, 187 12, 103 12, 106 6, 81 14, 117 13, 138 7, 148 13, 159 14, 172 5, 128 7.74219
GX732BF 28 29 42324 170 4.58824
FE480MV 2 14 42331.7 129 8, 112 6, 119 10, 188 8, 179 13, 184 10, 138 5, 180 11, 146 12, 85 8, 170 9, 128 6, 115 14, 96 12, 139 5.60432
MW439LZ 20 29 42339.4 88 10, 166 14, 96 13, 82 15, 164 7, 143 6, 125 5, 103 13, 140 6, 154 15, 136 13, 179 2.77095
HF302ZE 4 29 42348.5 158 12, 133 9, 145 6, 180 15, 141 8, 151 11, 130 14, 181 14, 118 14, 108 13, 109 14, 119 8, 137 12, 88 12, 96 14, 147 8, 182 5, 166 14, 90 8, 185 6, 142 6, 119 12, 88 5, 83 12, 181 12, 86 8, 182 5, 105 10, 83 7, 160 1.13125
LP134NR 27 29 42356.6 85 8, 145 4.70345
VC778PG 28 29 42359.4 174 4.48276
BJ131TT 3 12 42360.4 144 13, 99 15, 170 5, 143 6, 173 14, 106 11, 110 15, 129 15, 87 7.6092
VZ223LX 16 28 42364.4 143 7, 99 5, 141 8, 159 10, 134 8, 95 12, 185 9, 104 10, 124 10, 159 5, 83 8, 119 15, 134 6, 178 15, 148 5, 81 5, 102 10, 180 4.36667
FA257TJ 11 25 42369.1 188 14, 172 10, 184 9, 166 8, 89 14, 91 9, 144 11, 117 11, 187 6, 132 14, 154 13, 117 9, 80 7, 129 15, 117 7, 129 5, 111 5.76577
LT225ZV 17 20 42370.3 94 15, 158 10, 94 13, 140 4.28571
MH244WM 5 7 42376 127 9, 186 14, 185 1.47568
LK014LM 28 29 42381.6 94 8, 160 0.175
AZ525DS 24 28 42391.4 165 11, 131 6, 126 6, 168 14, 111 5, 81 6.96296
WB535DX 14 17 42392.4 187 7, 169 7, 111 9.54955
ES020ZE 24 29 42393.9 108 8, 144 8, 86 13, 105 13, 89 8, 165 14, 124 0.701613
HH317BD 10 28 42401.6 80 8, 119 13, 146 12, 165 12, 86 7, 178 9, 143 11, 83 5, 141 14, 136 8, 126 9, 145 12, 81 9, 134 15, 129 15, 92 14, 176 6, 125 6, 112 12, 85 14, 121 15, 89 1.68539
DP681VZ 14 17 42408.9 97 13, 123 15, 161 2.77019
VL109WN 22 27 42416.8 91 11, 189 10, 177 13, 111 15, 141 5, 87 8, 138 7, 106 7, 127 4.25197
CY892VB 13 23 42421.5 153 14, 115 15, 178 7, 93 14, 169 10, 113 10, 97 8, 171 5, 106 13, 98 11, 98 15, 187 9, 90 0.944444
MR519BD 11 21 42428.8 188 12, 102 7, 84 15, 169 15, 160 14, 99 13, 130 15, 82 11, 141 6, 151 10.9801
FC847BJ 5 8 42431.4 123 5, 166 13, 136 10, 185 6, 177 5.66667
BB044SM 3 23 42434 80 9, 127 11, 112 6, 166 10, 85 11, 81 11, 130 14, 183 14, 161 12, 141 15, 190 12, 98 7, 185 7, 140 9, 155 7, 149 9, 130 13, 172 14, 184 15, 80 5, 115 7.57391
KY096TT 14 16 42440.6 177 10, 185 4.54054
SA924PV 11 18 42448.1 102 10, 124 13, 176 6, 184 6, 99 7, 125 13, 96 5, 101 11, 103 10, 177 3.59887
PM540ZE 8 28 42449.5 188 11, 146 13, 116 5, 113 6, 125 15, 104 8, 158 8, 123 10, 95 5, 169 9, 97 9, 156 5, 176 10, 98 14, 180 8, 102 8, 98 9, 115 12, 169 11, 124 10, 110 11, 164 9, 175 8, 165 6, 169 6.91716
XF791DS 20 25 42457.4 187 10, 152 7, 158 10, 90 6, 118 5, 140 7, 89 13, 151 7, 138 5.3913
RK148BX 16 24 42465.8 150 15, 94 6, 153 9, 105 10, 116 10, 132 8, 87 14, 112 15, 150 9, 92 12, 80 5.0375
WE518MW 10 23 42468.2 97 5, 110 10, 123 8, 114 8, 145 5, 124 14, 93 12, 106 7, 93 7, 173 15, 189 7, 121 6, 146 15, 137 13, 92 12, 155 8.11613
DV773JP 4 23 42471.3 180 8, 157 15, 150 6, 100 5, 96 9, 171 15, 111 7, 164 13, 106 12, 146 9, 98 7, 136 12, 92 10, 152 11, 141 13, 115 6, 80 12, 103 8, 158 11, 88 10, 185 10, 177 8.20339
YM334WH 26 29 42476.2 84 15, 155 8, 137 4.35036
GN475BC 8 9 42479 134 6.76119
TS520EM 28 29 42481.7 184 4.23913
SP821KM 5 6 42483.9 105 9, 100 8, 163 7.55215
XG695HW 13 16 42488 177 12, 182 5, 159 7, 153 7, 169 1.11243
FG888YV 25 29 42496.4 93 8, 116 15, 184 5, 127 14, 114 2.64912
SX393ZS 19 22 42503.3 158 7, 145 15, 181 8, 145 5.08276
RS510FC 15 19 42512.9 104 14, 161 12, 183 8, 190 1.68421
XS799AB 9 10 42521 139 10, 131 3.49618
WA944CR 14 28 42529.9 161 11, 98 7, 119 12, 172 13, 155 13, 153 9, 125 9, 92 5, 111 15, 178 15, 136 10, 154 8, 190 12, 190 12.3421
FY663JP 24 28 42534.2 138 11, 137 15, 93 6, 160 13, 83 7.43373
HP362XZ 4 17 42539.6 151 15, 96 8, 181 9, 109 8, 89 13, 163 8, 98 9, 148 14, 93 6, 176 9, 95 12, 169 5, 157 8, 128 8, 152 10, 147 1.14286
CV872RV 19 29 42545.3 169 8, 133 6, 125 10, 189 11, 178 5, 149 6, 174 15, 176 15, 172 15, 153 6, 142 9.3169
KA308NR 28 29 42554 87 8.96552
VW567SY 15 22 42558.2 143 13, 104 8, 171 13, 133 6, 92 15, 190 13, 106 10.1509
ZZ178SN 6 13 42559 95 8, 156 11, 160 5, 91 11, 97 5, 87 6, 163 11, 146 9, 142 3.52817
LH330YB 7 18 42566.7 152 9, 185 6, 88 7, 134 11, 81 6, 121 13, 82 7, 142 6, 95 7, 157 7, 126 7, 147 12, 117 10, 151 6, 135 5, 151 5.61589
TK011KD 1 7 42568.1 95 5, 81 5, 89 7, 144 15, 115 9, 129 10, 130 13, 161 11, 92 2.61957
ES651EP 6 29 42572.9 155 12, 136 10, 181 14, 168 13, 83 14, 151 5, 125 7, 124 15, 117 9, 164 15, 131 14, 177 8, 127 15, 152 11, 143 13, 153 5, 166 15, 115 11, 102 15, 152 9, 103 14, 164 6, 97 5
VM590ZV 6 22 42581.1 137 10, 109 12, 132 6, 190 14, 176 8, 164 6, 97 9, 180 11, 178 12, 188 7, 163 9, 183 6, 162 8, 147 8, 143 15, 149 8.32886
MR992BX 15 22 42583.8 157 7, 186 5, 114 14, 140 15, 187 6, 82 10, 145 6, 180 10, 97 3.10309
PF387JF 28 29 42585.5 98 7.95918
KP229MS 16 28 42587.3 126 8, 83 7, 92 7, 121 5, 145 10, 118 8, 111 6, 166 13, 184 10, 112 14, 117 14, 98 5, 144 15, 133 14, 103 10, 99 8, 108 5, 173 0.369942
KH264DC 14 17 42596.7 92 10, 153 5, 112 12, 107 4.88785
WM746NR 13 19 42604.5 125 7, 121 10, 125 9, 142 15, 124 15, 162 10.4444
FD251CX 7 21 42607.6 160 11, 190 7, 172 5, 123 9, 170 15, 154 11, 140 5, 174 6, 93 15, 137 15, 126 6, 166 8, 163 14, 99 7, 114 6, 82 6, 134 4.56716
AS529AF 5 18 42615.1 90 7, 92 12, 131 13, 98 13, 184 11, 106 5, 177 8, 96 11, 84 14, 106 10, 80 7, 163 12, 90 7, 135 12, 94 8, 110 5, 82 10, 189 6.46032
XG258GX 23 26 42621.2 136 11, 187 7, 178 15, 139 7, 120 1.01667
CW201ZA 4 26 42624.8 158 11, 81 13, 168 7, 92 7, 190 11, 101 6, 157 9, 102 6, 100 11, 104 5, 153 13, 95 15, 96 7, 173 13, 139 7, 127 7, 158 10, 87 10, 157 14, 91 5, 121 7, 161 8, 170 15, 177 10, 124 5, 125 8, 139 7, 136 6, 90 7, 113 9.55752
YG124RR 18 27 42629 150 13, 190 6, 110 5, 163 14, 143 8, 105 14, 175 12, 92 8, 81 15, 165 6, 172 10, 113 10, 130 1.71538
ER156TW 8 9 42633.1 108 8.38889
BN835XN 4 21 42639.2 135 9, 101 7, 170 7, 178 7, 187 9, 155 14, 177 5, 85 10, 85 8, 97 13, 94 15, 177 13, 99 7, 141 11, 182 8, 94 11, 82 14, 147 10, 147 15, 106 8, 106 1.76415
BM943CZ 14 18 42647.5 100 12, 101 11, 140 15, 120 8.39167
PC823LM 23 29 42657.5 138 5, 82 10, 83 10, 87 8, 156 13, 97 9, 104 12, 118 13, 82 10, 128 0.992188
TE390CD 7 26 42662.3 107 11, 167 7, 180 9, 141 13, 115 15, 134 15, 88 15, 96 7, 161 13, 122 11, 185 15, 120 10, 127 8, 163 6, 95 13, 121 11, 144 12, 131 9, 109 15, 168 12, 112 8.25
BC438JY 18 23 42666.8 100 13, 103 10, 99 11, 134 6, 152 9, 153 11, 109 9.83486
VC391AJ 20 25 42670.9 97 11, 85 5, 177 10, 143 5, 177 5, 142 12, 86 12, 81 14, 139 6.11511
LH630SE 20 22 42675.6 91 8, 184 10, 91 6.92308
MR264XX 2 17 42683.4 151 15, 83 11, 126 9, 117 8, 140 7, 169 9, 159 8, 110 5, 88 15, 98 9, 156 11, 107 11, 83 15, 184 5, 143 6, 140 7, 117 5, 157 5, 141 9, 184 9.51087
WN359XD 24 25 42685.1 120 9, 87 8, 93 3.74194
KD430PZ 19 26 42687.5 99 15, 101 13, 186 11, 121 14, 121 11, 94 10, 147 11, 136 12, 93 14, 85 10.3294
DZ628LM 9 17 42697.5 137 8, 173 12, 152 15, 109 10, 131 6, 88 6, 157 10, 86 13, 85 6.11765
TM363GW 15 27 42703.4 109 11, 182 14, 159 7, 115 7, 83 15, 141 11, 110 5, 146 15, 89 9, 90 15, 105 11, 132 15, 124 14, 125 7, 92 5, 189 8.39153
LR435KP 2 12 42704.5 117 14, 131 7, 80 7, 133 11, 95 13, 87 12, 187 6, 155 6, 110 10, 155 13, 143 13, 159 9.47799
XF346RB 24 26 42712.4 92 12, 162 15, 115 8.50435
JC504SB 14 16 42713.6 105 5, 167 10, 102 4.06863
KT220WT 12 22 42716.2 92 7, 182 6, 174 13, 107 7, 108 7, 186 8, 108 12, 93 13, 187 7, 186 10, 118 9, 88 14, 130 5.53077
FM078HZ 7 18 42718.9 96 6, 178 7, 95 15, 87 7, 190 13, 90 9, 161 13, 168 7, 138 15, 154 9, 91 10, 150 8.60667
FK757BD 5 26 42723.4 110 11, 97 6, 88 5, 114 7, 169 7, 167 12, 132 11, 165 8, 111 6, 114 6, 150 11, 175 7, 116 8, 127 14, 190 14, 112 5, 141 6, 171 14, 138 7, 187 13, 156 12, 171 7, 97 13, 136 14, 110 14, 138 10, 84 0.797619
NS573DW 12 18 42728.8 90 13, 91 8, 83 9, 190 8, 151 9, 183 11, 108 11, 126 6.42063
VC276WM 7 25 42730.2 90 14, 126 12, 177 14, 181 12, 122 7, 83 11, 126 7, 164 7, 87 13, 149 5, 99 9, 163 11, 177 10, 183 11, 106 14, 114 11, 115 14, 146 5, 87 5, 147 8, 152 13, 184 1.97283
CV733FZ 8 27 42731 133 9, 171 6, 159 11, 92 6, 184 10, 90 14, 100 7, 147 10, 128 6, 119 15, 110 10, 116 15, 85 12, 112 11, 165 15, 95 9, 111 13, 146 8, 181 10, 158 7, 190 10, 159 5, 87 13, 188 1.93617
VJ018VN 19 28 42737.9 188 6, 184 8, 129 5, 83 11, 121 7, 150 15, 150 12, 156 13, 92 7, 164 14, 171 7, 82 7, 136 5.58824
PE110GE 1 20 42742.4 149 14, 129 6, 139 10, 102 9, 185 11, 82 12, 150 13, 147 10, 110 5, 101 12, 94 15, 86 15, 174 8, 177 15, 131 13, 182 8, 176 5, 87 11, 91 5, 146 15, 93 10.1183
CB699YA 3 11 42745.4 97 7, 110 7, 120 12, 122 10, 148 12, 179 6, 173 11, 173 11, 183 7.10929
GB302NG 3 15 42754.4 133 8, 85 15, 140 9, 153 5, 104 15, 179 7, 175 12, 150 12, 168 11, 165 5, 133 7, 127 8, 84 6, 150 11.5933
JD003XR 20 22 42756 106 14, 106 11, 136 4.02941
DF492YS 9 11 42765.1 114 15, 85 7, 170 1.51176
DK995DG 2 4 42767.8 152 15, 90 6, 162 7.37037
DD359LZ 23 28 42774.7 182 9, 86 7, 113 13, 178 5, 130 15, 140 5, 117 12, 189 1.2328
WZ113NT 20 24 42782.1 100 15, 127 15, 134 10, 97 7, 152 7, 130 7.46154
YD641GL 10 20 42790.6 161 11, 127 6, 163 13, 162 15, 106 11, 127 13, 177 9, 157 13, 158 3.13291
WB195KK 23 29 42795.6 188 8, 108 10, 127 5, 97 8, 158 12, 184 11, 87 13, 185 3.35135
ED779BL 19 22 42798.1 153 7, 118 10, 141 13, 80 12, 175 2.41143
LA153ZE 15 19 42804.7 188 15, 87 11, 128 5, 166 4.54819
VB701ZX 13 27 42812.2 133 13, 169 5, 176 8, 184 6, 174 9, 110 6, 184 15, 184 13, 157 13, 84 6, 84 10, 132 15, 188 7, 150 12, 141 13, 123 14, 168 2.16667
PK705GS 6 20 42820.3 167 6, 135 5, 174 12, 167 7, 117 9, 148 7, 175 11, 117 9, 129 10, 110 5, 162 11, 169 7, 82 10, 142 7, 183 12, 184 6.71739
RC137ZN 13 14 42825.5 129 11, 182 7.56593
DR627HD 16 25 42826.2 146 12, 117 13, 175 6, 174 6, 84 11, 172 8, 147 5, 125 10, 123 10, 162 7, 184 11, 148 8.75676
FL470ZW 12 24 42834.9 168 12, 90 7, 116 13, 122 12, 152 11, 180 13, 160 12, 114 13, 135 15, 151 12, 120 11, 137 12.7664
PD824HP 16 21 42837.2 149 6, 144 15, 118 8, 100 5, 115 11, 94 11, 165 7, 93 1.46237
EF579ZL 17 21 42839.9 156 13, 155 13, 147 9, 86 5, 85 7, 87 8.67816
PJ862EC 18 27 42844.2 144 10, 92 8, 189 12, 152 14, 190 6, 172 12, 108 11, 153 11, 82 9, 100 5, 156 7, 144 11.6181
GK331GZ 8 9 42850.5 171 5.29825
XZ789MJ 22 27 42851.8 166 8, 98 14, 178 14, 146 11, 179 12, 93 13, 94 3.73404
MW004HX 20 29 42859.2 129 11, 87 10, 97 7, 183 9, 188 6, 143 8, 153 6, 146 9, 83 14, 143 15, 176 6, 88 6, 92 11.4783
KM307LR 16 24 42863.8 132 8, 109 10, 132 12, 140 14, 129 7, 160 11, 156 10, 95 13, 137 9, 188 4.42021
JY599PK 25 27 42867.1 80 14, 126 9, 152 11, 140 1.4
TW872KL 12 14 42871.8 144 8, 149 6, 132 11, 120 5.15
PY904HG 17 22 42875.5 122 5, 108 6, 95 13, 92 7, 172 13, 172 12, 125 4.584
TK885NL 4 13 42885.2 172 7, 184 7, 137 8, 143 6, 116 5, 184 14, 88 9, 101 13, 167 7, 148 5, 152 7.10526
SM753ZH 4 18 42889.5 99 6, 127 10, 185 11, 137 5, 151 7, 114 14, 174 12, 155 8, 152 7, 94 11, 114 10, 176 14, 103 8, 99 5, 185 13, 109 7, 85 1.83529
NX023HS 14 19 42899.4 157 13, 84 6, 122 5, 189 13, 115 4.2087
KV561KS 10 23 42900.8 104 14, 123 13, 169 13, 152 12, 122 7, 124 14, 85 7, 163 9, 119 8, 148 14, 149 13, 182 10, 182 5, 113 0.079646
YZ659CF 24 28 42905.6 94 10, 99 5, 180 8, 146 10, 117 8, 189 8.2381
AL049VR 4 14 42906.6 121 5, 100 8, 111 12, 92 15, 131 8, 100 5, 155 11, 134 6, 151 11, 94 5, 91 10, 180 12, 162 6, 84 8, 175 2.70286
HX902EY 8 18 42911.2 170 12, 104 7, 163 15, 81 9, 93 9, 133 11, 97 11, 187 14, 168 8, 139 4.06475
WP167FS 10 24 42915.2 138 11, 150 7, 86 6, 131 10, 96 10, 167 9, 190 5, 150 7, 82 11, 172 10, 107 9, 124 13, 157 12, 132 8, 164 10, 93 5, 174 7, 122 9.58197
LX504ZG 23 29 42924.8 174 10, 171 9, 99 10, 183 7, 174 10, 176 10, 152 4.05263
SR023NV 4 5 42933.4 83 9.9759
LA295HA 4 13 42939.3 91 10, 123 5, 188 9, 114 7, 102 15, 128 11, 170 5, 158 13, 115 8, 96 13, 187 3.58824
BN663RY 5 14 42941 98 15, 128 13, 187 12, 89 10, 187 5, 135 11, 115 5, 87 10, 122 15, 129 7, 113 12, 89 4.96629
LP967BR 14 19 42946.7 159 6, 100 7, 157 7, 127 7, 151 9, 144 7.60417
AM365BY 2 24 42953.1 185 7, 139 6, 106 15, 189 8, 161 11, 91 5, 109 9, 86 15, 131 9, 157 7, 125 15, 107 13, 139 12, 106 12, 119 14, 179 5, 162 6, 112 6, 101 5, 136 7, 152 11, 111 5, 128 12, 160 13, 189 15, 113 9, 86 13, 150 4.27333
RB206YC 9 25 42959.8 170 13, 152 14, 92 6, 110 11, 166 5, 186 15, 130 14, 139 6, 161 8, 123 12, 167 14, 115 13, 185 15, 139 8, 187 6, 118 10, 111 2.68468
KK010SL 10 25 42963 175 9, 135 13, 157 8, 92 5, 119 14, 146 6, 169 10, 163 14, 168 5, 180 9, 159 14, 149 9, 114 10, 100 5, 90 13, 154 5, 141 11, 86 10.3721
HK149DW 23 24 42971.4 184 11.1848
CZ362DG 12 17 42973.5 106 15, 111 12, 156 10, 188 9, 148 10.0946
DF540LK 24 28 42974.2 107 13, 115 12, 183 14, 149 10.0336
CV634DN 9 26 42984 80 15, 172 10, 113 7, 179 9, 128 5, 113 8, 97 13, 108 14, 119 6, 113 5, 108 5, 168 14, 141 5, 176 14, 170 12, 181 10, 184 6, 165 9, 108 15, 101 7, 133 5, 136 10.5588
XS822PP 16 25 42990 131 15, 190 5, 143 13, 109 13, 137 14, 113 8, 91 7, 126 12, 161 9, 122 9, 176 9.24432
XP080WN 9 13 42998.4 182 10, 147 10, 119 10, 140 1.68571
MC263SG 26 27 43007.8 140 12.3857
XG331GF 9 24 43008.6 90 9, 151 7, 137 11, 172 8, 123 13, 110 13, 92 10, 113 9, 119 5, 178 7, 144 12, 146 11, 126 10, 92 15, 80 11, 115 10, 133 10, 137 13, 151 4.38411
JM975DE 7 20 43015.6 136 14, 89 7, 185 10, 156 13, 164 9, 183 5, 141 7, 88 15, 105 15, 171 11, 121 10, 100 10, 164 5, 154 9.21429
EB134ZR 21 26 43018.1 166 9, 96 14, 152 14, 181 10, 175 5, 142 9, 92 7.68478
AK567KW 9 10 43026.6 135 7, 169 5.3432
JA434PE 21 27 43030.9 127 13, 136 8, 98 7, 117 7, 125 11, 101 13, 170 10, 157 9, 182 7.28022
GH363FR 23 24 43039.9 89 11, 163 6.61963
PV161XK 6 20 43043 124 12, 135 8, 81 6, 118 7, 134 5, 125 14, 174 7, 93 10, 80 14, 115 11, 93 13, 92 8, 104 13, 156 12, 97 9, 105 8, 152 5, 121 13, 190 0.0210526
HW043LC 23 25 43048.6 99 8, 142 8, 160 14, 160 0.0875
RT473MS 22 27 43056.6 140 9, 133 13, 83 8, 155 12, 126 15, 144 7, 115 11, 149 5.57047
WW386CY 22 27 43061.9 84 14, 131 11, 141 10, 91 7, 140 12, 147 15, 84 14, 147 5.31293
FC364RV 17 28 43071.7 143 15, 81 11, 155 13, 100 10, 155 9, 113 9, 104 10, 108 10, 190 9, 111 11, 182 11, 96 7, 162 11, 138 8.17391
YL487VR 7 12 43080.5 161 7, 115 14, 132 6, 107 8, 119 6, 102 6, 189 4.32275
JV666XE 17 28 43086.5 178 6, 80 8, 169 11, 93 12, 127 5, 164 8, 100 7, 167 14, 164 7, 112 12, 185 5, 148 6, 148 9, 140 11, 146 14, 82 2.54878
GZ959ER 1 21 43093.3 171 6, 100 7, 85 8, 84 5, 116 13, 151 6, 138 5, 131 5, 148 12, 123 9, 138 6, 112 9, 146 13, 168 14, 168 15, 88 10, 96 9, 126 5, 88 10, 145 13, 125 12, 114 9, 168 11, 107 8, 169 6, 159 9.90566
HZ869JC 17 24 43097.4 171 9, 101 12, 133 13, 185 12, 147 8, 130 8, 131 7, 109 10, 143 9.41958
DL750CD 3 20 43107.3 137 11, 133 5, 89 15, 176 14, 166 10, 96 13, 185 15, 125 13, 101 13, 98 6, 112 12, 154 7, 120 7, 83 12, 171 12, 156 6, 86 5, 154 11, 160 5.1875
KE835CW 14 27 43115.5 131 5, 144 9, 131 14, 120 13, 186 8, 82 5, 159 15, 185 13, 158 7, 145 15, 170 5, 138 10, 106 11, 106 10, 153 12, 165 2.8
XC063PC 5 13 43120.6 152 5, 144 13, 150 6, 107 14, 109 6, 154 13, 150 5, 140 10, 173 5, 104 9, 189 1.22222
GF807YA 19 28 43123.8 127 12, 161 14, 130 10, 155 8, 92 7, 83 6, 97 7, 144 14, 101 6, 182 11, 140 10, 176 8, 83 11, 106 0.660377
AJ124NH 24 25 43132.6 174 12, 103 0.349515
PA262LR 4 19 43140.6 138 14, 123 5, 162 5, 131 5, 82 8, 185 13, 189 14, 99 11, 145 5, 100 6, 107 11, 176 11, 145 15, 125 10, 109 12, 117 12, 127 1.61417
TH952TZ 26 29 43143.6 176 7, 84 13, 157 4.9172
YL206FC 24 25 43145 111 12, 131 6.0458
PW189XX 7 27 43149.6 115 7, 152 7, 96 11, 184 13, 164 7, 189 12, 114 12, 171 12, 89 6, 111 9, 115 10, 87 15, 106 14, 99 15, 119 11, 132 7, 183 6, 96 14, 164 5, 186 6, 125 6, 188 15, 102 7, 147 13, 89 8.94382
ST459GG 5 8 43154.6 95 12, 119 14, 127 12, 99 14, 141 3.75887
LJ632JD 7 12 43157.4 102 14, 113 6, 132 8, 95 14, 151 8, 112 7.39286
FX997GC 5 23 43161.5 163 9, 107 14, 123 15, 94 12, 149 9, 159 13, 173 11, 144 11, 138 14, 139 13, 173 9, 132 12, 110 14, 122 15, 135 5, 180 13, 118 7, 102 11, 173 2.20809
JZ968NF 8 22 43162 183 14, 120 11, 143 6, 156 9, 156 9, 153 7, 99 11, 162 12, 148 8, 125 10, 161 6, 157 14, 174 9, 169 6.88757
WP502LK 1 17 43168.9 140 12, 160 10, 153 15, 141 5, 158 13, 140 14, 118 13, 119 7, 188 6, 190 14, 132 9, 95 6, 185 6, 157 10, 83 6, 89 15, 129 9.03876
TX591KD 6 26 43174.3 175 8, 103 7, 108 5, 136 6, 162 15, 177 5, 174 13, 88 8, 84 5, 136 10, 104 14, 81 7, 162 11, 181 7, 153 15, 106 11, 155 11, 152 12, 121 14, 177 13, 168 14, 173 11.9942
BT066ME 7 28 43180.8 153 14, 151 6, 175 6, 161 6, 179 8, 115 7, 127 7, 187 9, 170 11, 180 6, 139 9, 159 15, 97 7, 141 15, 181 10, 184 6, 89 15, 113 6, 135 13, 111 10, 102 7, 183 15, 139 11, 163 7.7362
XC853JP 21 22 43190.1 122 7.08197
EC716FG 8 13 43192.4 105 9, 152 13, 136 12, 143 6, 125 1.688
FB523HC 15 25 43198 98 9, 185 7, 144 13, 150 12, 83 7, 131 15, 111 14, 122 15, 152 13, 145 9, 176 11.1477
YE674XJ 12 26 43204.2 159 6, 114 7, 173 11, 185 6, 138 12, 165 9, 147 13, 98 15, 144 11, 106 15, 135 15, 109 14, 129 11, 165 12, 92 11, 135 6, 178 6.83708
CR453JA 25 29 43206 121 10, 166 10, 142 13, 103 7, 178 0.264045
LH000GH 23 27 43213.4 184 5, 189 8, 131 11, 160 8, 178 5, 116 8, 99 7, 171 3.74269
TM533SP 25 27 43222.5 105 8, 110 6, 180 9, 98 5, 94 5.44681
TK619SL 1 28 43227.4 118 6, 167 7, 125 8, 164 15, 115 9, 104 15, 137 15, 185 7, 171 14, 88 10, 145 11, 145 7, 115 11, 143 11, 133 12, 83 7, 145 5, 176 13, 160 14, 140 11, 188 11, 111 13, 144 10, 82 6, 104 13, 82 9, 153 6, 98 15, 84 11, 131 14, 89 7, 125 5.664
GF799AT 22 24 43231.4 148 12, 122 15, 189 3.46032
ZK118LH 27 28 43239.1 154 3.77922
JL978JL 9 28 43241.8 169 11, 107 15, 160 15, 87 10, 97 8, 160 13, 158 9, 81 8, 173 6, 163 5, 90 11, 148 13, 145 13, 177 5, 140 6, 88 14, 159 14, 126 15, 90 15, 152 10, 110 7, 178 6.38764
DH926PK 11 27 43247.4 94 6, 86 6, 117 13, 152 6, 107 13, 97 7, 134 5, 179 7, 118 13, 112 7, 110 6, 105 12, 132 13, 160 8, 187 12, 93 15, 152 8, 133 15, 166 9, 183 11, 161 11.9317
SC272MD 21 29 43255.3 145 12, 94 9, 116 5, 102 5, 100 5, 127 14, 160 9, 174 8, 151 15, 88 8, 175 5.58286
ET646XS 14 16 43256.7 97 8, 107 12, 119 4.62185
XH706LY 25 28 43260 140 13, 122 6, 118 15, 189 2.02116
WL151GC 23 25 43266.2 154 15, 168 7, 96 7.25
MY805CZ 18 28 43271.5 121 15, 97 8, 169 5, 144 14, 182 15, 148 15, 146 7, 172 5, 120 5, 184 7, 116 8, 139 5, 150 7, 128 3.02344
YE792YF 24 27 43274.9 131 12, 87 14, 189 12, 88 8, 92 5.26087
WV588AC 23 27 43278.6 145 5, 113 12, 125 10, 177 10, 119 14, 147 9, 154 1.38961
WC286YC 28 29 43285.9 93 5, 164 1.92073
AC080KA 3 28 43289.9 187 7, 100 6, 151 10, 143 9, 114 5, 96 14, 148 15, 130 10, 172 12, 128 13, 178 10, 139 9, 123 5, 139 9, 145 6, 125 9, 182 12, 173 5, 163 5, 169 9, 152 12, 141 6, 144 15, 107 11, 180 14, 146 9, 150 5, 114 9, 176 10.8182
XR255XH 23 28 43291.9 117 5, 169 13, 185 5, 119 8, 173 14, 105 5, 93 8, 146 3.67123
YE970MP 6 25 43297.3 157 8, 149 5, 80 12, 100 8, 171 14, 144 5, 170 5, 149 15, 183 10, 144 7, 110 5, 101 8, 187 9, 172 9, 182 15, 124 5, 96 13, 165 15, 164 6, 96 8, 186 7, 165 11, 105 2.90476
YZ766WZ 17 23 43305 174 14, 164 13, 105 10, 170 9, 87 6, 116 9, 107 13, 131 0.816794
AX324VT 28 29 43311 112 6.96429
VL951AR 4 8 43321 173 5, 117 9, 88 10, 128 11, 105 15, 89 6, 185 4.1027
RJ598YZ 18 25 43327.5 122 13, 83 7, 179 15, 129 6, 98 11, 110 9, 166 9, 141 7, 140 5, 98 11, 134 4.29104
FN757TJ 28 29 43328.3 104 7, 87 0.597701
HV628TF 18 22 43337.3 172 11, 163 14, 166 11.8675
JT599SE 7 23 43338.1 148 15, 144 14, 130 12, 124 13, 136 9, 134 7, 179 6, 155 11, 183 7, 102 12, 160 7, 83 5, 135 7, 133 8, 180 13, 80 12, 102 10, 81 5, 94 5, 186 4.38172
AL648RY 11 18 43340.5 131 15, 153 6, 160 7, 104 13, 164 9, 137 5, 101 8, 115 14, 138 3.14493
YF147CW 18 29 43346.6 167 12, 99 8, 187 10, 130 10, 118 7, 85 7, 119 6, 159 8, 154 6, 145 14, 93 6, 121 14, 95 13, 140 5, 166 9.0241
AD080YL 17 26 43350.7 134 5, 111 15, 160 9, 173 15, 159 5, 177 13, 175 9, 115 6, 123 5, 185 9, 180 6, 151 6, 106 7.40566
TY287HE 1 4 43356.5 158 6, 132 8, 179 8, 152 9.25
DE266KP 5 10 43359.8 98 13, 95 10, 156 6, 113 10, 137 6, 163 14, 129 5, 126 7.62698
CJ926YJ 15 17 43369 174 5, 104 6, 123 9.21951
PY612MN 3 18 43370.8 170 11, 112 8, 97 6, 176 8, 140 11, 133 15, 96 13, 87 13, 83 11, 104 9, 145 12, 128 12, 128 5, 92 8, 117 11, 93 14, 90 9, 187 9.96791
GL083FJ 4 7 43380.5 168 14, 190 7, 93 12, 111 0.45045
PR103TL 20 26 43388.3 138 15, 155 8, 112 12, 141 6, 129 11, 121 9, 121 9, 96 5, 179 13.3687
RS349WL 3 6 43394.8 80 7, 101 12, 155 11, 155 10, 106 2.83962
WD147DY 4 12 43402.1 180 15, 123 11, 90 12, 93 8, 89 11, 176 9, 103 15, 113 12.3097
XA425GX 19 21 43403 148 13, 118 10, 111 10, 126 3.07937
LT399AB 6 12 43407.6 85 12, 99 14, 137 8, 151 6, 121 14, 88 5, 187 5.50802
VG961BR 14 20 43413.1 181 9, 144 6, 100 8, 95 12, 119 5, 91 7, 85 11, 169 10.4379
LD772HV 1 26 43415.6 102 12, 90 8, 155 6, 149 12, 136 5, 93 12, 184 5, 172 10, 108 6, 166 8, 90 8, 88 11, 115 11, 184 13, 160 14, 83 14, 119 14, 187 11, 128 10, 86 12, 85 10, 111 13, 152 14, 166 5, 123 6, 103 14, 129 10, 182 5, 115 9, 180 15, 140 10.3286
PH753ZP 9 23 43419.8 93 6, 87 9, 115 6, 93 13, 178 11, 108 9, 177 12, 163 10, 119 15, 82 12, 182 14, 124 9, 175 8, 177 5, 179 9, 108 9.47222
LY820WJ 9 26 43428.2 128 14, 123 12, 114 7, 158 15, 180 5, 83 9, 169 13, 128 13, 100 10, 83 7, 138 14, 162 14, 153 11, 144 6, 85 6, 156 15, 93 12, 106 13, 168 10, 86 6.39535
CE013ZH 21 23 43435.8 135 5, 121 6, 111 11, 169 2.62722
NW643PM 10 17 43436.3 171 14, 162 7, 136 9, 128 5, 144 12, 169 11, 187 1.26738
CM343JX 11 20 43444.6 146 13, 130 8, 97 12, 171 7, 172 6, 112 8, 128 6, 104 10, 127 15, 165 14, 110 0.581818
HN415VW 19 27 43449.8 124 10, 138 5, 163 11, 166 11, 132 8, 90 14, 119 13, 133 6, 102 15, 149 10, 128 7, 179 10.3128
XZ151ED 12 20 43453.8 171 10, 140 12, 111 15, 108 11, 161 5, 150 7, 137 9, 168 9, 148 11.0608
RX802DM 5 9 43455.1 97 13, 154 8, 160 5, 125 12, 159 7, 177 7.03955
TE403WY 12 23 43460.1 108 12, 96 9, 117 10, 120 15, 84 5, 187 5, 187 14, 81 11, 110 15, 108 7, 111 9, 85 6, 177 5, 173 7, 162 8, 184 3.14674
PK293SB 21 26 43461.2 165 14, 167 9, 158 8, 86 13, 117 14, 84 10, 128 7.52344
KT195LS 23 28 43470.5 125 8, 140 7, 92 11, 162 11, 133 5, 92 5, 128 7, 116 13, 190 3.06842
CZ145ZL 18 26 43476.1 156 10, 188 11, 190 12, 88 13, 111 14, 107 13, 168 11, 183 10, 133 9, 154 0.285714
DZ107ZP 7 22 43482.2 158 9, 127 11, 113 14, 173 15, 115 9, 161 6, 164 9, 108 9, 156 5, 116 11, 156 14, 139 12, 99 14, 167 9, 82 12, 95 10.3158
MV163ZR 24 25 43485.3 118 8, 84 6, 148 4.56757
BF562WP 14 23 43489 114 9, 146 14, 89 8, 111 13, 155 6, 155 12, 143 10, 188 8, 145 8, 126 7, 132 5.85606
TV565NM 2 24 43491.9 163 7, 189 5, 136 13, 128 9, 153 12, 153 5, 95 6, 166 15, 121 15, 134 12, 150 12, 88 12, 183 15, 180 10, 123 12, 115 15, 160 5, 184 13, 181 12, 146 11, 145 7, 185 8, 140 8.36429
DV014BD 27 28 43497 121 4.80992
XM413XR 17 20 43504.8 155 15, 133 13, 140 5.41429
CK364EM 4 12 43507.9 106 14, 81 8, 150 14, 91 10, 126 8, 166 14, 131 13, 183 6.55191
EG319GY 28 29 43509.5 190 4.10526
HT504WK 3 27 43513.9 170 8, 174 11, 182 9, 125 13, 107 5, 162 9, 80 14, 137 13, 153 5, 98 5, 88 5, 126 11, 180 14, 172 10, 167 6, 148 6, 101 11, 120 7, 105 14, 105 6, 166 10, 178 12, 128 14, 131 15, 134 10, 171 6, 142 13, 105 7, 100 7, 99 9, 169 1.77515
ZC440RS 28 29 43521.1 149 5.2349
ZX441HW 14 24 43522.7 116 12, 142 5, 162 15, 170 15, 121 6, 158 14, 141 10, 88 11, 155 7, 133 14, 116 4.11207
SM126RD 2 8 43525.2 107 9, 180 5, 161 7, 140 15, 98 5, 100 12, 152 8, 137 8, 144 7, 154 6, 87 0.735632
DY897MD 11 17 43530.3 125 7, 142 12, 119 14, 98 14, 114 13, 92 9, 144 3.99306
HR630AB 22 24 43533.2 181 10, 169 9, 187 4.96791
PF982CN 17 26 43537 161 9, 132 9, 176 13, 129 12, 158 7, 159 5, 81 14, 159 8, 118 6, 187 14, 80 6, 160 13.725
FT619PX 2 25 43542.2 175 12, 130 5, 117 6, 83 11, 90 10, 178 5, 82 13, 163 12, 126 13, 159 13, 83 7, 145 9, 89 14, 136 7, 118 5, 128 10, 140 8, 178 11, 157 13, 179 6, 155 5, 179 13, 163 12, 115 14, 135 9, 176 10, 136 8, 176 8, 189 1.50265
EJ456FY 7 27 43547 168 15, 117 14, 147 12, 184 12, 180 12, 87 8, 124 15, 108 13, 118 9, 155 12, 138 14, 144 5, 100 14, 85 8, 173 8, 175 9, 182 14, 165 11, 103 14, 119 9, 118 8.24576
KY472GN 5 19 43555.5 185 8, 89 7, 153 15, 179 7, 87 12, 130 14, 189 13, 132 13, 155 11, 173 13, 120 15, 116 7, 134 11.2388
HA901PL 8 19 43564.8 127 13, 183 12, 167 7, 145 8, 119 15, 161 12, 102 9, 124 6, 105 11, 124 10, 97 5.81443
CM555PL 14 16 43571.3 133 13, 176 5.00568
XM674CK 7 27 43577.6 169 12, 89 15, 122 11, 168 5, 124 9, 137 10, 189 10, 162 9, 167 8, 176 6, 83 11, 146 6, 129 13, 85 9, 100 14, 135 11, 178 6, 155 10, 149 15, 159 6, 104 8, 180 12, 135 8, 83 9, 120 6, 174 2.75287
PM706PP 5 29 43585.1 147 7, 154 6, 188 5, 156 7, 84 15, 122 5, 153 14, 172 5, 155 6, 166 13, 115 15, 137 13, 157 14, 171 5, 85 5, 162 8, 168 5, 83 14, 100 6, 144 8, 182 11, 177 6, 117 5, 188 15, 134 13, 137 14, 100 12, 103 9, 109 12, 129 4.27132
YE498CV 1 17 43594.5 91 8, 141 5, 156 6, 158 8, 141 9, 181 11, 154 8, 98 11, 183 7, 112 10, 135 12, 123 9, 147 10, 185 6, 134 9, 130 5, 159 10, 181 7, 106 8, 144 9.81944
HA484KV 23 29 43599 112 14, 125 15, 179 11, 116 9, 149 6, 105 8, 173 8.53179
MX747LJ 11 23 43603.5 104 9, 125 13, 103 5, 85 12, 170 12, 152 12, 117 7, 146 11, 127 7, 132 8, 166 14, 136 7, 167 11, 190 6.68947
VV104RX 23 28 43611 173 8, 102 8, 92 15, 155 10, 97 12, 188 13.7872
TY657FJ 10 14 43620.1 156 6, 172 15, 166 5, 91 8, 172 3.43023
GB720TM 11 12 43622.4 114 7.31579
NT414KW 22 24 43626.3 96 14, 176 6, 101 5, 170 7.97059
GN241YZ 11 19 43633.2 85 5, 114 9, 190 12, 180 8, 146 11, 174 12, 114 5, 158 6, 148 4.47973
FF546PM 12 20 43635.8 95 5, 123 13, 120 7, 109 11, 187 10, 164 9, 87 10, 135 14, 168 11, 95 4.34737
YY844SX 2 23 43638.7 143 7, 189 13, 183 10, 174 6, 135 12, 173 6, 108 5, 150 7, 125 9, 112 15, 125 7, 179 11, 158 13, 140 10, 172 11, 96 12, 160 5, 128 15, 167 12, 97 7, 120 11, 141 11, 126 8, 141 8.94326
GR910PE 3 11 43645 117 9, 111 10, 138 11, 87 15, 184 14, 178 7, 117 9, 126 12, 102 6.79412
AR066AS 28 29 43651 123 6.34146
MN960XD 18 29 43653.3 119 13, 164 13, 156 9, 153 6, 123 6, 92 10, 92 15, 127 5, 119 13, 178 11, 84 10, 86 5, 101 14, 102 7, 161 8.91304
GB505KZ 24 25 43659.2 89 13, 86 11.2442
XN555TY 13 18 43661.3 151 13, 154 8, 94 11, 167 12, 190 6, 153 5, 143 0.531469
DB273SL 18 23 43670.8 98 9, 90 11, 161 14, 125 14, 142 13, 188 3.31915
GK616VV 19 22 43673.8 172 8, 136 7, 162 14, 91 9.56044
SY228PE 12 22 43680.1 100 5, 80 14, 150 8, 122 7, 178 5, 118 14, 83 9, 130 5, 168 12, 101 8, 144 12, 113 14, 92 9, 116 9.50862
KN446HY 25 26 43687.1 160 5, 81 15, 132 2.82576
MP816EA 27 29 43691 98 8, 88 6.56818
RP183TZ 13 14 43699.1 156 10, 145 6, 173 2.11561
PM969AF 18 27 43701.9 141 15, 151 13, 147 14, 160 10, 156 15, 82 13, 153 15, 172 15, 153 4.13725
MB859CC 20 21 43706.2 163 13, 174 1.23563
XZ053YH 13 23 43713.1 82 14, 150 6, 182 6, 135 7, 118 6, 134 11, 188 15, 118 13, 114 11, 147 8, 151 8, 116 13, 157 5.05096
AH951SK 23 29 43719.4 142 8, 149 9, 172 15, 103 14, 167 5, 104 15, 112 6.89286
YJ044RW 26 29 43726.6 129 12, 113 13.6991
LD537MC 15 17 43732.8 173 5, 178 5, 111 7.86486
CJ655ZM 20 26 43735.2 154 8, 142 7, 188 5, 171 6, 174 14, 95 13, 133 6, 111 14, 80 7, 126 9.48413
VR702DP 10 16 43735.8 96 5, 82 10, 155 10, 151 14, 124 13, 91 7, 142 7, 165 0.406061
SZ369AF 8 20 43739.4 133 15, 170 9, 94 9, 165 14, 155 12, 164 13, 155 10, 137 14, 127 9, 135 11.0963
GP972MY 11 25 43740.4 91 15, 109 6, 165 15, 124 6, 102 14, 107 6, 148 10, 129 7, 123 6, 88 6, 131 15, 149 10, 165 15, 163 12, 128 10, 96 7, 94 11, 83 9, 171 1.87135
GR834HP 13 22 43741.5 110 9, 89 10, 143 11, 111 14, 184 6, 175 13, 179 14, 93 15, 107 5, 160 9.6
XM719TB 26 29 43744.2 149 15, 107 8.04673
EG616CK 21 22 43750.9 171 5.05263
SC227LP 21 22 43759 144 6
ZJ345BG 13 19 43762.7 91 6, 81 14, 176 14, 144 10, 137 14, 86 6, 118 7.40678
XN668BE 23 27 43767.4 98 6, 140 11, 156 11, 163 5, 112 15, 94 5, 175 8.54286
AA827YY 19 24 43769.7 84 11, 128 10, 174 14, 179 9, 92 15, 143 14, 104 0.894231
WD271VS 22 26 43777.9 107 12, 95 9, 127 7, 166 14, 138 5, 139 12, 145 7.32414
SA297HC 22 23 43780.6 111 5, 187 5, 89 8
XS442FV 3 6 43783 115 9, 160 15, 144 12, 89 1.85393
VV720CT 5 20 43790.4 156 6, 92 15, 154 6, 174 7, 149 11, 178 7, 160 13, 159 13, 170 13, 84 10, 82 5, 95 5, 98 7, 94 10, 130 15, 113 14, 117 6, 99 12, 185 3
BN410KW 27 29 43797.8 133 10.2406
ZM463WL 24 25 43807.6 122 11, 176 4.44318
TC075LK 25 26 43811 162 9, 151 6.15894
XG827XA 16 17 43819.5 120 7.85
ZZ533WT 14 15 43828 105 8.8
HX882TJ 16 18 43833.9 105 7, 84 15, 90 7, 145 1.26207
HF833AK 13 22 43836.9 182 13, 93 14, 84 7, 190 11, 122 8, 190 9, 80 5, 139 9, 112 6, 121 9, 125 7, 177 5.87006
FM618XV 9 20 43844.4 165 13, 115 10, 183 11, 158 15, 130 9, 107 14, 153 6, 156 14, 95 6, 106 9, 149 6.06711
ZR705YF 16 29 43849.1 166 8, 167 15, 120 7, 84 9, 131 9, 143 13, 97 12, 124 15, 136 5, 172 13, 85 10, 185 15, 185 8, 86 10, 115 3.89565
SW995ER 10 29 43849.8 157 5, 105 10, 151 11, 105 15, 84 6, 164 7, 94 5, 97 15, 98 10, 86 6, 110 15, 97 7, 90 6, 163 14, 114 9, 180 8, 91 6, 137 5, 162 7, 189 10, 181 14, 105 10, 172 11, 184 8.70652
PA792TS 1 25 43857.4 151 15, 102 8, 179 14, 125 10, 98 11, 113 14, 136 14, 183 8, 86 14, 99 15, 185 14, 172 11, 104 15, 86 7, 116 14, 153 9, 114 6, 112 5, 190 11, 102 10, 156 12, 123 5, 111 9, 136 13, 178 10, 165 6, 153 4.59477
AH594MH 8 12 43863.8 81 13, 142 9, 90 10, 87 7, 156 2.96154
FA715VE 20 22 43871.2 122 6, 114 12, 112 9.80357
JM352AL 26 27 43878.2 180 5, 148 5.63514
JW066JG 25 27 43884.3 146 13, 149 14, 173 0.797688
TC038DW 9 18 43891.4 109 9, 188 5, 114 9, 83 7, 167 15, 96 11, 180 14, 108 13, 126 11, 119 4.46218
RT220NC 16 24 43898.7 163 15, 93 8, 153 12, 82 6, 151 12, 175 11, 112 13, 117 8, 155 10.1032
GX941SM 23 27 43905.3 170 11, 83 13, 136 12, 164 6, 141 10, 107 12, 171 0.263158
JY030JA 24 29 43911.7 145 13, 190 5, 158 5, 87 9, 143 6, 150 5, 189 8.42328
WC014HK 26 29 43916 115 7, 125 5, 124 7, 162 4.92593
YK471SV 11 17 43918.4 81 10, 123 10, 180 6, 171 7, 138 8, 114 13, 177 9.0339
DZ394LT 5 19 43923.2 162 14, 159 9, 169 6, 148 15, 135 15, 187 7, 81 6, 135 6, 135 6, 131 6, 159 14, 179 6, 119 15, 156 14, 95 3.49474
AB556MJ 26 27 43931.2 81 6, 96 5, 160 4.8
HK973AJ 7 25 43932.8 82 12, 129 6, 80 14, 174 8, 167 12, 163 12, 143 6, 133 10, 162 10, 129 10, 170 10, 103 15, 114 7, 84 14, 136 5, 179 11, 134 10, 175 9, 126 13, 177 14, 108 3.36111
FG501XB 11 18 43933.4 87 12, 178 5, 169 5, 154 13, 139 9, 136 6, 157 5, 152 9, 155 7, 134 2.10448
WT350SE 17 23 43936.1 81 13, 137 14, 145 9, 122 11, 84 7, 183 12, 142 10, 139 2.80576
BT366MS 16 19 43943.6 112 10, 173 9, 182 4.44505
TV439JH 16 18 43945.8 159 15, 173 2.44509
YR895VD 17 28 43951 90 15, 188 14, 86 14, 80 6, 176 5, 187 13, 107 10, 80 11, 89 9, 178 7, 164 6, 148 14, 183 13, 101 6, 164 0.506098
TY426MB 10 21 43954.9 86 8, 138 5, 129 13, 137 12, 144 9, 137 6, 187 7, 127 10, 166 13, 125 12, 184 7, 148 12, 174 1.4023
JT577GF 2 11 43956.7 166 7, 85 6, 82 9, 110 11, 95 5, 129 13, 101 11, 188 15, 174 5, 119 6, 81 5, 178 9, 109 11, 139 0.453237
DE290CF 6 17 43966.5 173 11, 121 8, 182 6, 131 8, 97 14, 121 13, 118 5, 101 8, 106 6, 189 6, 125 9, 117 15, 111 11, 169 0.171598
BT783XS 16 19 43971.6 153 6, 104 14, 150 7.41333
BN726VS 17 23 43973.6 96 5, 151 11, 186 8, 171 14, 156 5, 168 12, 112 5, 124 6.71774
YY275RH 26 28 43976.6 132 15, 154 2.18182
MG070DZ 5 12 43977.1 132 13, 133 9, 113 12, 172 11, 170 14, 132 6, 129 9, 155 0.348387
TM917LW 10 22 43982.4 159 13, 161 5, 158 7, 135 10, 130 9, 124 5, 99 11, 111 9, 185 11, 119 13, 174 13, 136 15, 92 1.47826
JT067NN 3 29 43990.5 95 9, 152 8, 92 9, 124 9, 82 12, 117 9, 133 6, 143 8, 122 11, 159 6, 168 11, 94 5, 173 14, 159 15, 166 9, 110 14, 90 12, 131 15, 115 15, 185 15, 122 5, 101 9, 177 5, 139 9, 140 11, 96 5, 162 10, 133 5, 181 13, 153 7, 167 6.39521
YK204GT 8 23 43994.5 86 9, 134 15, 144 5, 138 8, 81 7, 119 14, 160 9, 172 14, 87 11, 168 14, 178 6, 188 11, 130 15, 125 14, 90 7, 100 7.18
KG493DD 3 14 44003.8 135 7, 165 6, 181 8, 86 11, 103 12, 153 11, 189 9, 178 12, 113 7, 155 15, 157 8, 173 5, 145 4.78621
EH401XA 3 13 44012.8 85 15, 89 13, 147 14, 113 11, 109 5, 88 5, 120 8, 109 9, 190 13, 183 5, 147 8, 141 6, 102 1.5098
WX075VS 27 28 44020.2 92 6.32609
XJ320GB 21 22 44027.2 104 8.30769
FW380BE 11 13 44034.2 80 12, 157 7.6051
NM688TP 15 27 44040.4 126 13, 99 15, 183 11, 102 6, 159 7, 154 11, 99 13, 135 12, 133 12, 83 11, 187 8, 174 6, 150 10, 185 15, 107 3.34579
FJ543MF 16 23 44042.6 96 14, 158 9, 92 5, 152 7, 119 15, 89 12, 159 12, 102 5, 122 13.0574
TZ788GV 22 24 44044.7 100 14, 155 11, 147 7.85714
EM120CK 19 25 44047 182 12, 152 5, 90 12, 136 15, 152 7, 125 13, 108 12, 132 13, 130 0.653846
PS781JC 8 25 44053.3 146 11, 146 7, 187 5, 110 13, 114 10, 115 6, 180 6, 175 8, 116 10, 153 5, 182 7, 157 13, 92 8, 142 8, 117 13, 122 13, 95 14, 144 5, 153 12, 164 7, 189 9.56614
ZT689GF 25 27 44059.3 140 6, 166 5, 158 13, 184 2.16304
WH699DD 10 13 44063 176 9, 114 8, 124 3
ZP511YY 17 27 44069.2 157 10, 99 11, 185 7, 164 5, 143 14, 163 11, 106 15, 143 11, 162 11, 135 15, 116 5, 157 8, 85 5, 81 8.83951
PB685HD 15 18 44071.1 161 7, 159 5, 98 13, 167 7.77246
SM510CB 9 19 44074.4 81 10, 165 15, 95 9, 85 13, 161 9, 112 7, 177 14, 133 7, 163 13, 151 3.98675
MD813TP 17 23 44075.1 172 6, 82 13, 151 7, 108 8, 142 8, 89 14, 110 15, 186 9, 122 3.9918
PR349PM 4 27 44080.9 126 12, 151 15, 163 12, 93 11, 165 13, 89 5, 104 5, 178 11, 124 6, 81 13, 105 9, 170 13, 190 14, 123 7, 86 8, 159 14, 162 12, 127 15, 91 9, 142 15, 161 15, 98 11, 177 8, 126 11, 134 9.37313
FL757RS 13 24 44085.2 182 15, 153 13, 121 15, 164 10, 152 12, 108 8, 181 7, 132 10, 174 13, 190 7, 80 13, 130 4.13077
MZ558AA 21 29 44093.4 83 6, 111 9, 116 15, 141 15, 135 13, 139 15, 144 7, 108 14, 180 5.66667
GG575AT 3 23 44098.4 129 15, 171 15, 121 15, 155 7, 130 15, 103 10, 150 7, 108 10, 116 12, 85 8, 159 12, 85 7, 89 15, 172 8, 149 14, 182 13, 168 5, 96 10, 128 6, 97 9, 153 11, 149 9.44966
PJ264AB 18 21 44103.2 123 8, 126 14, 84 7, 125 11, 131 4.34351
HH726WW 1 26 44107.3 131 14, 86 8, 134 8, 158 9, 157 7, 137 9, 171 15, 166 10, 142 6, 101 8, 85 13, 177 14, 82 7, 180 7, 164 15, 101 11, 144 10, 118 9, 149 15, 178 7, 145 12, 160 14, 159 7, 188 10, 145 8, 169 12, 92 11, 190 6.79474
RL687AT 16 20 44115.7 161 7, 155 10, 148 10, 158 6, 151 4.29801
EV361GZ 9 15 44116.6 182 9, 105 13, 166 8, 160 8, 113 11, 151 8, 177 2.11299
JN952LR 2 24 44123.2 166 15, 144 11, 115 9, 138 13, 149 13, 111 8, 113 9, 140 10, 127 7, 174 5, 133 5, 113 15, 181 10, 97 12, 143 11, 112 11, 135 7, 105 15, 80 15, 88 15, 132 8, 187 11, 82 12, 154 12, 122 7, 87 15, 150 0.94
XA221GZ 21 25 44131.9 180 13, 163 9, 131 7, 155 7, 87 15, 139 0.964029
ZM748HN 11 20 44136.4 190 10, 126 10, 185 8, 185 13, 128 15, 112 14, 85 15, 175 8.60571
AY754HL 10 23 44141.2 125 14, 135 9, 125 13, 165 10, 136 7, 107 6, 84 11, 170 6, 173 8, 176 14, 97 11, 184 13, 153 15, 186 0.258065
XZ836VK 23 25 44149.3 176 15, 97 5, 123 8.5935
ZD571TX 21 24 44158.2 167 11, 167 8, 83 9, 84 12, 142 1.38028
GJ168PD 23 26 44162.1 148 10, 98 14, 163 15, 109 6, 106 5.83962
FT701MS 2 26 44168.8 164 15, 121 9, 146 6, 97 13, 143 10, 122 7, 185 8, 155 12, 157 10, 165 8, 147 6, 168 10, 178 11, 81 5, 95 9, 94 9, 187 14, 85 8, 119 8, 175 7, 90 8, 146 12, 180 11, 151 11, 175 7, 131 12, 85 6, 120 11, 154 8, 80 12, 184 3.29891
DL727JH 3 9 44170.6 166 11, 136 10, 96 15, 185 5, 110 8, 81 10, 105 7, 135 11.3185
TF270VH 21 26 44176.6 82 7, 155 9, 163 15, 153 15, 112 13, 83 14, 137 2.25547
WA193MD 4 27 44184 83 6, 132 9, 150 7, 149 15, 182 8, 170 7, 167 8, 143 9, 165 14, 155 15, 113 5, 84 9, 113 8, 183 12, 142 12, 80 14, 90 11, 181 6, 88 11, 164 7, 88 11, 190 15, 180 5, 188 12, 190 8, 154 11, 175 6.05714
BS592NP 1 9 44188.3 94 5, 164 11, 163 14, 109 10, 150 11, 89 11, 154 13, 102 11, 81 15, 148 1.40541
DT853BS 17 25 44196 120 9, 125 15, 119 13, 129 6, 123 15, 123 6, 139 12, 114 7, 139 13, 116 12, 183 4.7541
GM278JY 6 19 44198.3 108 9, 173 12, 170 10, 169 12, 175 7, 97 9, 109 7, 131 12, 162 7, 130 13, 154 5, 87 13, 169 5, 185 5.43243
HA998BJ 9 18 44203.6 133 13, 119 12, 164 9, 164 13, 123 14, 168 7, 95 11, 180 12.3444
LZ486TH 1 6 44209.6 96 11, 180 10, 147 6, 120 8, 150 14, 108 13, 168 2.64286
KR327FK 25 28 44215.1 130 6, 111 7, 84 11, 107 10, 141 8.1773
WP914YB 20 25 44223 181 12, 119 13, 104 9, 174 8, 178 6, 146 13, 160 3.55625
JL897JY 12 16 44226 118 15, 100 12, 81 9, 94 9, 115 8, 150 5, 176 2.90341
ZP217VJ 12 21 44232.3 141 11, 108 6, 136 11, 174 5, 155 13, 170 6, 137 10, 163 12, 83 12, 124 8, 134 6, 136 8.05882
GE976HK 23 27 44235.6 163 14, 103 8, 120 9, 105 14, 104 12, 125 11.2
CY988HR 21 28 44239.2 156 8, 89 5, 177 10, 141 14, 112 14, 142 13, 88 12, 109 15, 91 4.50549
YV333JB 14 29 44246.3 176 13, 138 15, 174 6, 174 7, 176 11, 108 15, 131 7, 161 5, 93 13, 108 5, 106 8, 150 9, 174 13, 182 8, 140 14, 121 6, 157 7.52229
GA662MJ 23 27 44249.9 167 9, 134 11, 104 15, 151 10, 125 15, 94 4.06383
DR010KN 25 29 44258.7 163 14, 150 12, 187 7.49733
VN081EN 2 15 44264.4 147 13, 144 8, 144 9, 185 10, 80 7, 94 8, 110 13, 110 15, 137 14, 103 11, 86 12, 182 11, 146 11, 123 6, 162 8.64198
MV410KG 9 26 44268.5 176 10, 174 5, 185 5, 173 12, 170 14, 190 6, 117 8, 178 5, 158 8, 169 10, 153 11, 185 12, 165 11, 107 8, 170 14, 95 14, 168 13, 113 12.8053
WR231WH 25 28 44271.1 159 12, 85 12, 151 8, 82 6.92683
HP607AM 1 17 44280 95 15, 179 14, 103 5, 145 7, 141 10, 174 11, 172 15, 98 10, 101 10, 126 15, 125 15, 170 6, 154 6, 151 8, 135 8, 126 11, 132 5, 179 2.72626
HA116FY 14 26 44280.5 144 15, 157 5, 156 12, 105 6, 104 13, 174 12, 164 13, 130 14, 162 6, 185 9, 140 15, 81 13, 115 7, 122 7.37705
DB721VJ 18 26 44282.7 114 12, 168 13, 151 10, 140 13, 168 5, 105 15, 147 12, 162 10, 189 11.8254
VX374ZF 16 29 44284.3 103 6, 111 10, 134 11, 144 9, 144 6, 118 11, 120 9, 168 12, 131 9, 105 9, 185 9, 92 8, 119 5, 100 10, 148 8, 91 15, 157 6, 128 11.3516
PF384RV 6 22 44290.7 99 11, 168 11, 137 15, 189 14, 177 9, 161 5, 154 11, 145 12, 123 15, 156 5, 142 10, 113 7, 98 9, 184 6, 146 5, 98 10, 96 6, 154 4.36364
LG566HS 21 25 44294.7 104 6, 123 7, 177 14, 95 6, 163 13, 125 4.768
CF730JH 22 28 44302.9 174 6, 144 8, 86 14, 151 5, 181 5, 148 13, 167 7, 169 6, 87 5, 142 7, 118 4.16949
DW422DE 7 17 44304.7 157 15, 84 10, 121 9, 150 10, 125 14, 144 12, 181 13, 190 11, 113 4.34513
PF237MN 12 14 44308.2 190 11, 85 14, 167 5.00599
ZE134PB 16 22 44310 95 5, 151 9, 120 13, 102 12, 113 15, 108 12, 151 7, 88 3.25
XH432DT 11 17 44313.8 101 9, 180 6, 118 14, 103 14, 184 10, 86 14, 174 2.15517
VN766DA 13 20 44319 111 12, 144 11, 167 14, 183 15, 145 10, 123 13.9106
CS258SN 10 28 44322.7 80 12, 154 9, 151 15, 135 11, 151 11, 109 15, 177 10, 120 15, 140 7, 172 8, 109 10, 189 13, 167 7, 142 11, 142 14, 109 6, 115 6, 85 11, 85 7, 178 5, 149 6.48322
DL802AG 20 27 44327.3 148 10, 115 9, 97 11, 149 15, 176 14, 103 7, 169 5, 84 11, 133 6, 108 7, 170 8.11176
MR142DF 1 6 44336.5 121 10, 141 12, 164 7, 99 10, 186 5, 109 15, 170 6.12353
KK876BT 11 27 44342.3 133 9, 133 13, 139 9, 131 8, 178 14, 171 11, 133 15, 140 12, 164 6, 101 11, 157 14, 113 5, 140 5, 155 12, 123 13, 88 12, 95 8, 165 7, 142 12.3732
NP620TJ 15 21 44350.5 146 7, 164 6, 127 14, 174 11, 184 15, 156 8.4359
MN371HG 24 27 44354.6 162 9, 136 12, 189 8, 128 5, 158 6.35443
CM013DS 28 29 44359.4 97 8.04124
TX421EM 15 27 44367.8 131 9, 127 5, 112 8, 145 14, 111 14, 125 14, 175 7, 138 7, 122 9, 103 7, 115 9, 97 11, 131 14, 182 10, 113 12, 82 6, 183 8.12022
PM539YN 8 20 44376.5 109 9, 123 10, 103 15, 122 9, 83 8, 106 9, 150 10, 171 11, 95 14, 169 7, 179 6, 187 7, 167 8, 135 5.16296
NB946EA 12 29 44381 96 12, 165 7, 145 11, 172 13, 106 15, 177 15, 180 10, 90 5, 96 14, 161 15, 137 15, 183 13, 168 13, 187 7, 139 13, 137 10.365
HC033MC 2 20 44383.7 82 8, 183 5, 96 9, 106 10, 173 7, 133 7, 179 15, 165 11, 112 13, 87 12, 101 13, 186 10, 103 6, 162 9, 180 11, 132 7, 181 8, 141 14, 131 6, 99 9, 83 11, 178 6
BZ663VV 4 7 44388.2 179 11, 124 10, 185 8.85946
RG365RK 22 23 44396.5 161 13, 158 0.689873
BH324CW 14 26 44403.9 139 6, 149 13, 123 11, 106 13, 174 7, 88 8, 126 12, 176 14, 152 13, 137 13, 172 10, 100 10, 98 11, 185 7.45405
RN112GZ 9 14 44405.2 108 12, 101 13, 84 10, 150 6, 121 7, 111 13, 119 7.33613
HT805EZ 6 24 44406.1 123 12, 139 9, 120 5, 155 14, 114 15, 130 9, 134 11, 146 14, 112 12, 158 12, 178 8, 166 13, 179 13, 108 5, 167 10, 151 15, 127 5, 134 5, 86 7.97674
DB176KV 5 10 44415.5 125 13, 150 15, 168 6, 92 6, 118 12, 157 13, 159 0.679245
SG133TF 28 29 44419 120 6.5
LZ617HH 15 17 44420.5 143 15, 184 2.625
JT645YP 22 25 44429.4 176 6, 151 6, 133 8, 132 14, 127 6, 135 5.54074
RM741FN 11 13 44432.2 176 12.2386
BJ082PJ 10 23 44441.9 100 12, 188 12, 126 8, 121 8, 117 13, 146 6, 147 10, 182 14, 132 15, 187 15, 182 10, 142 6.87324
KK492XC 21 24 44443.4 175 9, 148 10, 131 14, 181 1.29834
XG778PJ 13 17 44450.8 110 11, 92 5, 84 9, 155 12, 183 11.2678
SK681HH 7 26 44453.4 176 6, 151 14, 149 8, 186 9, 110 7, 181 8, 132 13, 163 6, 153 11, 117 14, 188 7, 169 10, 103 11, 117 14, 97 9, 185 8, 175 7, 151 11, 178 9, 120 13, 166 6, 156 8, 155 1.85161
RX583HM 15 26 44455.2 168 15, 142 12, 107 7, 139 15, 144 6, 102 11, 107 8, 189 12, 110 5, 152 6, 138 6, 162 6, 179 13, 97 6, 83 12, 83 0.903614
EC908KZ 26 29 44461.2 144 8, 176 5, 141 7.5461
VL584GA 6 28 44467.9 151 5, 145 9, 169 12, 119 8, 93 7, 129 5, 145 8, 184 14, 175 7, 184 6, 106 5, 144 6, 128 13, 149 6, 169 10, 162 10, 108 10, 84 10, 146 15, 161 12, 127 10, 175 14, 146 15, 133 6, 165 7, 135 5.7037
BS149TD 11 12 44469.7 187 4.45989
GN284YK 9 17 44475.7 183 5, 102 7, 144 12, 173 12, 144 14, 97 11, 177 5, 136 7, 132 5.38636
AC208ZB 25 29 44485.3 131 10, 142 5, 110 10, 117 11, 86 12.5233
XC797AX 23 27 44486.1 119 10, 158 15, 189 9, 118 13, 80 10, 145 4.88966
CN825PF 10 26 44494.3 185 13, 84 6, 119 14, 109 10, 140 6, 169 5, 117 10, 85 6, 181 14, 147 14, 181 14, 99 8, 82 8, 143 8, 130 6, 95 13, 145 8, 105 14, 80 14, 125 8, 184 2.63587
RG558PD 22 27 44495 180 13, 169 10, 179 8, 131 6, 127 13, 135 12, 146 6.76027
YG570CF 22 27 44497.8 141 12, 147 7, 90 7, 135 13, 181 7, 106 6, 99 9, 96 6, 116 7, 120 6, 149 3.34228
JX454JP 28 29 44507.8 81 8, 116 1.13793
XN370DK 21 24 44515.6 96 6, 170 6, 87 5, 100 14, 87 9, 99 7, 111 1.95495
XK131HV 13 27 44523.8 171 7, 190 11, 111 14, 123 10, 150 9, 119 10, 166 9, 187 8, 105 7, 161 11, 160 10, 102 12, 103 12, 167 15, 97 13, 178 10, 159 7.23899
MG044LF 16 20 44526.8 90 7, 182 9, 123 5, 152 15, 180 3.28333
MP857GP 28 29 44527.9 119 6.55462
GG625JS 15 23 44528.7 83 15, 148 9, 148 12, 143 5, 123 11, 164 5, 82 9, 162 8, 185 10, 119 10, 139 3.77698
XY075GZ 19 27 44529.4 106 13, 171 5, 125 14, 97 10, 145 15, 168 6, 155 14, 149 5, 81 5, 158 5, 176 9, 138 9, 84 7, 189 1.65079
XA126XB 12 13 44534.5 112 9, 94 3.31915
XG512RT 18 21 44535.5 99 9, 93 13, 91 15, 140 5, 133 8.38346
EC168JL 3 4 44539.9 107 5, 89 6, 124 3.66935
DV197BN 11 17 44549.6 163 12, 178 12, 97 13, 142 5, 150 12, 151 4.23179
TT907BF 27 28 44550.6 186 3.12903
HM537MT 13 28 44558.5 157 13, 187 14, 86 7, 128 14, 183 14, 80 8, 163 14, 98 8, 155 14, 136 10, 138 5, 124 9, 142 5, 90 11, 121 11, 147 15, 177 8.77401
LY373WH 12 17 44568.1 95 12, 145 9, 134 6, 164 14, 145 13, 161 1.47826
VN769SS 7 18 44573 112 10, 158 11, 166 11, 120 12, 94 13, 160 7, 172 5, 83 12, 117 6, 177 13, 157 11, 124 8.14516
ER338XW 13 14 44579.9 136 14, 140 6.37143
KY795GK 23 28 44581.3 187 13, 183 9, 105 15, 80 8, 85 13, 178 6, 183 2.29508
TZ131JK 16 29 44588.7 82 11, 128 12, 164 14, 124 14, 125 10, 183 5, 153 10, 80 15, 109 10, 144 8, 162 13, 137 6, 189 13, 109 13, 131 3.1374
GM166SF 22 28 44596.7 172 10, 88 9, 124 10, 80 10, 83 14, 170 9, 166 12, 105 7, 145 7.70345
YA105YM 9 17 44602.8 149 8, 129 10, 106 10, 144 9, 129 10, 109 15, 169 6, 94 5, 147 8, 156 4.10897
KG924NJ 15 24 44612.3 124 13, 141 11, 133 5, 86 13, 114 5, 147 15, 108 13, 88 10, 132 15, 147 8, 120 6, 189 5.38095
XW357KB 20 29 44621.9 139 6, 105 6, 140 14, 181 13, 143 8, 179 9, 96 6, 82 5, 102 8, 99 13, 180 10, 151 10.894
JL093PP 8 28 44625.4 127 10, 143 15, 136 5, 102 15, 156 12, 97 15, 100 12, 148 14, 85 10, 182 15, 190 13, 161 9, 106 13, 89 5, 152 14, 100 13, 147 12, 130 12, 147 12, 125 7, 80 1.6375
DN608YG 26 28 44630.9 171 9, 178 4.36517
HW399BH 21 26 44633.3 136 15, 120 11, 93 9, 168 12, 83 5, 177 9, 168 8.42262
BL505LV 14 17 44635.5 124 6, 182 12, 109 5.72477
RG286LJ 12 23 44637.1 113 8, 97 6, 97 9, 93 15, 145 5, 122 7, 138 9, 151 12, 117 10, 84 9, 132 8, 179 15, 164 14, 118 9, 135 3.46667
LR147BD 3 19 44643.9 88 11, 158 7, 143 9, 121 10, 128 7, 179 13, 176 13, 188 6, 163 15, 169 8, 186 15, 111 7, 175 6, 87 9, 113 7, 89 5, 126 11, 91 0.912088
RK876YD 25 28 44652.2 139 5, 110 12, 185 13, 157 1.80892
SD935BT 23 28 44653.5 183 5, 83 8, 181 15, 113 10, 89 15, 150 11, 157 3.03822
CT008KK 6 21 44663.1 112 5, 129 11, 142 10, 146 13, 168 12, 165 10, 115 15, 89 15, 149 8, 131 10, 186 8, 137 6, 185 10, 108 8, 175 6, 115 8, 101 8.58416
BF107FG 24 28 44672.3 109 14, 86 7, 189 10, 186 6, 129 8, 147 4.5034
CW436ED 20 26 44681.5 171 12, 116 8, 170 15, 97 9, 185 7, 98 5, 102 13, 82 10, 162 8, 116 2.93103
DG936PJ 15 28 44690.2 168 10, 106 11, 93 8, 176 13, 180 15, 135 7, 132 7, 155 13, 172 9, 156 5, 102 5, 170 14, 123 14, 186 8, 167 5.00599
DD676VB 25 26 44695.5 114 14, 151 5.24503
YL211PM 4 12 44700.7 186 15, 180 8, 135 9, 128 7, 144 11, 151 6, 111 11, 89 10, 180 2.41111
XB972CL 6 23 44708.1 88 7, 154 15, 187 8, 83 15, 141 7, 178 7, 118 5, 187 15, 185 10, 96 15, 144 5, 132 8, 127 15, 145 15, 153 9, 152 8, 120 15, 167 3.7006
EK940LN 12 14 44717.7 159 7, 136 15, 189 5.09524
BE227VL 15 26 44724 82 11, 162 9, 118 15, 114 11, 158 13, 177 14, 91 10, 104 15, 104 14, 95 10, 168 12, 151 6, 177 6, 88 7, 86 0.209302
CK755XF 5 9 44727.4 99 13, 182 14, 80 11, 186 13.1022
LT351ZZ 19 20 44736.7 159 9, 87 9.62069
SX459PL 3 25 44741.3 140 9, 127 15, 188 5, 128 8, 124 15, 132 6, 138 14, 151 7, 95 6, 123 14, 177 15, 82 10, 184 13, 146 5, 130 5, 106 5, 115 8, 142 14, 141 9, 104 6, 127 11, 130 6, 190 14, 182 13, 130 7, 154 7, 95 1.37895
NF696ZK 14 24 44751.2 175 8, 157 7, 88 11, 136 5, 133 13, 132 10, 140 6, 160 13, 153 13, 118 8, 137 10, 174 7, 86 2.15116
AC351XA 5 14 44759.9 159 9, 115 10, 80 13, 128 13, 113 10, 156 13, 84 8, 147 8, 157 14, 152 11, 148 3.39865
NE852LR 7 8 44769.9 136 11, 116 6.2931
HF197YA 14 21 44773.2 92 8, 124 6, 182 13, 109 11, 132 12, 156 6, 160 7, 145 8, 138 6.18116
PD846RJ 17 24 44776.3 138 12, 165 11, 158 14, 100 15, 141 8, 99 7, 178 6, 122 12, 128 5.73438
AM175FZ 28 29 44784.7 103 7, 124 0.475806
PJ616HJ 18 21 44786 124 6, 148 8, 183 13, 141 6.90071
ZK734AY 16 24 44792.1 157 9, 110 7, 148 14, 88 10, 164 9, 106 11, 142 8, 121 7, 87 8, 113 15, 106 6, 115 3.69565
LJ421BX 17 22 44801.1 171 7, 180 8, 136 9, 152 9, 138 12, 107 10.514
SR840FP 24 29 44811 117 12, 156 12, 128 5, 172 13, 172 7, 94 2.68085
FM998PW 13 29 44815.9 131 10, 92 6, 124 14, 144 6, 120 7, 149 7, 127 10, 126 6, 127 7, 82 14, 93 15, 139 10, 184 15, 167 13, 129 7, 92 8, 169 14, 177 6, 119 15, 109 11.4679
ER008RD 9 12 44822.7 89 6, 158 6, 157 12, 90 0.333333
HW485LG 3 11 44830.1 187 11, 117 11, 180 13, 130 5, 118 10, 95 10, 120 9, 119 10, 153 8.70588
JL296JK 15 27 44838.9 80 7, 108 8, 159 15, 153 5, 157 5, 86 8, 186 10, 126 6, 153 8, 101 13, 100 5, 106 6, 107 11, 168 10, 133 10, 137 15, 172 7, 145 6, 158 3.11392
EX244SD 22 26 44843.9 128 11, 120 15, 153 14, 167 10, 142 8, 89 6.92135
DK275KA 19 28 44845.4 90 10, 81 15, 148 6, 165 15, 158 15, 171 5, 133 7, 119 14, 172 9, 131 9, 174 6, 88 10, 150 4.02
ZW907LC 8 28 44852.7 190 5, 120 6, 123 5, 100 15, 187 7, 159 12, 93 12, 189 11, 171 10, 148 9, 144 15, 186 15, 111 15, 150 6, 127 14, 176 8, 164 5, 107 8, 101 15, 181 6, 154 8, 171 9.46784
AY979TA 15 23 44857.2 131 5, 143 10, 108 6, 188 14, 148 14, 132 12, 143 14, 160 11.3562
VB407CJ 19 28 44867.2 109 7, 140 9, 146 8, 175 10, 190 8, 122 14, 115 8, 120 12, 119 15, 180 5, 147 11, 113 5, 116 6, 123 3.7561
YR027MG 21 28 44871.2 137 13, 113 15, 108 14, 114 11, 113 8, 102 13, 132 6, 155 14, 130 3.98462
MX466DC 8 28 44875.9 90 14, 182 6, 145 13, 104 8, 121 7, 126 12, 129 12, 134 15, 114 8, 128 5, 164 7, 185 7, 106 13, 101 6, 108 10, 91 12, 128 15, 90 8, 112 5, 159 12, 103 12, 162 7, 131 6, 87 10, 174 12, 98 7.23469
CH901LY 14 20 44879.8 121 6, 136 10, 165 5, 173 7, 100 7, 181 15, 123 5, 104 2.03846
FB366YL 13 23 44889 120 9, 83 11, 135 6, 113 14, 113 12, 107 15, 88 14, 85 12, 170 15, 159 6, 105 9, 185 7, 107 11.3832
LC120EJ 16 18 44898.5 153 14, 148 4.5
SS939JB 24 27 44905.9 156 9, 125 8, 138 10, 115 12, 190 5.69474
YF857MD 14 22 44907.8 132 14, 139 5, 166 9, 180 15, 158 13, 118 8, 180 10.15
YV836ER 12 13 44917 167 5, 159 3.05031
JF267VZ 19 21 44926.4 138 10, 177 10, 102 6, 122 6.88525
BW621BP 9 17 44932 129 5, 152 10, 172 6, 111 8, 172 11, 80 8, 179 8, 88 9, 119 13, 137 4.93431
YA071SR 13 27 44939.3 126 6, 143 6, 97 9, 134 9, 150 9, 98 9, 165 7, 131 14, 116 10, 176 15, 163 9, 135 8, 115 12, 137 13, 171 11, 140 12, 156 10, 159 8.30818
AK718DJ 15 21 44946.5 103 13, 109 14, 102 7, 148 13, 161 11, 121 12, 137 7.64964
SV640YH 18 23 44954.3 169 15, 96 5, 107 6, 133 14, 84 9, 136 6, 116 9, 149 1.41611
ES824NM 16 26 44957 173 9, 173 14, 169 5, 137 12, 132 5, 123 6, 189 9, 182 8, 92 9, 156 6, 117 15, 111 13, 98 6, 112 10.2768
ZT140AH 4 6 44960.2 167 11, 84 14, 180 4.39444
FP953EV 28 29 44965.4 138 5.65217
EZ666DV 20 21 44968.3 140 6, 89 9, 169 4.10059
WH230SW 12 21 44976.5 129 6, 165 12, 132 10, 164 13, 134 7, 188 12, 187 5, 154 12, 147 9, 139 6, 145 3.26897
ZK472WP 2 22 44978.3 125 7, 161 10, 117 13, 81 8, 188 8, 152 5, 185 8, 102 10, 185 9, 190 14, 140 9, 126 11, 129 7, 170 15, 99 8, 94 13, 159 7, 83 8, 186 14, 112 12, 81 13, 174 13, 141 1.21986
XB511NK 3 13 44983.9 158 7, 93 15, 187 11, 135 14, 112 11, 119 11, 148 9, 127 9, 106 7, 80 11, 107 5, 95 6.30526
RH646DY 10 27 44989.2 133 5, 161 11, 150 8, 93 5, 190 12, 146 9, 110 8, 159 13, 142 6, 94 15, 162 14, 129 13, 155 14, 107 15, 169 9, 126 7, 175 15, 81 12, 184 6.02174
JF415DG 21 24 44997.5 147 7, 117 15, 111 9, 105 7, 100 6.06
FD793HM 24 26 45000.8 89 9, 179 9, 165 6, 130 8.53846
VB458ZL 14 26 45001.5 189 9, 140 15, 84 15, 127 14, 149 10, 131 8, 130 12, 161 7, 91 14, 104 5, 106 11, 119 12, 178 14, 147 5, 183 3.57923
TS781SB 18 24 45009.8 161 14, 141 5, 165 6, 99 11, 155 5, 107 10, 121 6, 130 14, 109 6, 84 3.82143
FD670BA 1 22 45014.4 93 10, 139 14, 166 13, 133 11, 183 5, 113 13, 175 14, 179 9, 135 14, 174 13, 183 10, 115 7, 130 6, 118 10, 182 11, 90 5, 127 5, 130 5, 107 6, 85 6, 141 6, 157 15, 92 6, 105 5, 179 5.81006
RA858AD 20 26 45019.5 148 7, 136 6, 160 6, 160 12, 131 11, 138 10, 148 6, 102 13, 156 9, 152 5.25658
SG518FL 1 23 45020.6 113 12, 129 15, 126 13, 95 15, 146 12, 143 9, 123 6, 91 11, 167 11, 88 14, 87 15, 177 12, 100 14, 187 7, 135 7, 112 12, 156 13, 149 8, 159 9, 129 9, 188 12, 118 6, 142 8, 152 10.25
DM473BW 8 26 45027.6 124 6, 99 5, 153 9, 141 10, 146 13, 116 7, 83 14, 163 7, 143 6, 101 14, 134 5, 188 5, 126 15, 140 6, 157 6, 93 11, 188 15, 106 5, 157 12, 183 10, 147 14, 149 13.5168
DM738VH 27 29 45034.9 106 11, 135 1.45185
ZJ710CV 12 13 45036.8 142 6, 174 2.68966
PY478RE 4 18 45041.2 176 7, 145 6, 179 14, 151 8, 182 15, 89 7, 140 15, 112 6, 104 13, 156 6, 104 5, 119 10, 149 6, 139 14, 121 9, 181 5.75691
SN428GC 4 5 45050.5 157 5, 178 0.241573
XV883GK 7 21 45057 187 12, 84 7, 121 7, 147 9, 149 15, 109 5, 190 6, 130 8, 175 8, 99 15, 96 10, 151 8, 140 6, 106 5, 91 8, 176 10, 86 12, 162 8.87037
DJ200HH 9 23 45060.5 172 7, 92 8, 185 13, 120 6, 187 9, 126 5, 103 13, 158 14, 183 12, 146 9, 168 10, 171 9, 137 6, 131 14, 189 5.08995
WS417MM 16 27 45067.1 189 5, 182 13, 159 14, 181 12, 118 10, 90 5, 164 7, 103 13, 85 15, 147 11, 182 6, 146 8, 176 6, 132 10.7879
VL988RY 19 22 45073.3 93 6, 139 10, 109 9, 104 10, 124 12.0726
KD272BW 5 12 45081.4 107 12, 90 5, 103 7, 87 11, 85 8, 91 11, 142 6, 187 13, 87 6, 190 7, 180 1.77778
YM113AY 27 28 45085.6 179 3.2514
JF602TZ 11 12 45089.8 92 7, 116 1.63793
PF061GJ 13 25 45091.7 109 12, 148 5, 179 9, 124 5, 120 6, 128 6, 104 14, 86 11, 141 14, 81 15, 95 5, 97 9, 176 14, 119 14, 180 13, 178 8, 169 0.840237
LN004KR 20 24 45099.8 172 11, 143 7, 106 12, 146 7, 161 8, 132 7.44697
NH226DG 20 21 45104.3 159 7, 97 12.5876
AK551HN 23 24 45109.6 84 9, 189 6, 108 1.55556
AD560JE 8 22 45119.5 132 5, 108 13, 114 8, 136 15, 163 5, 143 10, 118 6, 180 8, 150 11, 137 15, 160 11, 118 9, 153 14, 98 10, 146 6.31507
EA910DS 22 25 45125.1 163 9, 89 13, 118 14, 156 13.5128
MW352XC 6 22 45133.3 174 6, 108 13, 83 6, 86 5, 98 8, 99 13, 104 12, 114 13, 126 14, 87 6, 93 5, 177 15, 126 9, 113 5, 88 5, 185 15, 136 11, 86 15, 108 10, 190 4.66842
YY122CN 10 13 45141.7 102 12, 184 7, 126 2.8254
BE426AC 4 21 45147.7 82 15, 93 10, 83 7, 135 8, 145 7, 150 10, 111 8, 83 13, 114 10, 94 8, 183 10, 170 7, 175 8, 81 7, 145 7, 179 12, 168 13, 189 15, 89 9, 116 13, 176 2.9375
MS204CN 20 28 45157.7 129 6, 183 9, 129 8, 119 6, 173 14, 166 11, 108 5, 134 10, 175 6, 180 5, 127 7, 121 9.52066
MW106CT 20 24 45165.8 107 12, 102 6, 93 15, 170 14, 114 6, 177 6.23164
EY048YK 3 16 45167.3 139 15, 171 11, 174 14, 85 5, 101 7, 91 6, 113 11, 163 5, 173 11, 96 11, 123 6, 142 9, 126 10, 125 9, 148 5, 116 11, 145 0.772414
MY502VT 18 27 45168.6 159 9, 141 5, 85 10, 95 7, 116 8, 111 10, 120 11, 84 9, 82 10, 144 14, 84 11, 139 8, 93 7, 92 14, 83 8, 176 7, 154 1.15584
LV981LA 12 13 45176.4 143 9.23077
PP321BX 9 20 45181.8 161 14, 170 10, 158 7, 163 12, 124 10, 87 9, 136 9, 187 11, 102 7, 176 5, 156 7, 170 5.11765
BX856BG 15 22 45191.5 102 7, 184 6, 96 12, 142 8, 155 7, 98 15, 129 6, 96 7, 105 12, 122 10.418
XH930DB 26 29 45198 143 6, 133 9, 138 5, 178 1.97191
KE218VT 28 29 45206 81 7, 186 1.14516
ZM013NX 24 28 45207.5 158 13, 172 13, 88 8, 132 12, 165 1.51515
NZ513NC 10 19 45215.8 95 7, 126 12, 119 8, 184 14, 93 9, 174 12, 178 9, 133 8, 82 5.65854
XJ784RW 26 27 45224.4 146 7, 94 7.57447
EX637TP 17 21 45227.3 170 15, 158 6, 179 6, 148 14, 188 2.67021
FC994VX 10 28 45229.9 164 15, 136 9, 106 15, 85 15, 131 10, 142 13, 99 12, 80 12, 94 11, 118 9, 168 14, 148 8, 158 14, 130 13, 85 6, 103 9, 171 15, 130 6, 177 11, 173 1.14451
KL385VC 3 28 45231.6 160 7, 125 9, 112 5, 118 12, 163 12, 90 12, 124 10, 83 12, 162 5, 92 5, 163 6, 155 9, 154 10, 86 12, 156 11, 115 15, 178 5, 149 8, 94 12, 139 5, 126 8, 155 7, 105 10, 137 6, 125 11, 143 7, 161 9, 172 15, 125 9, 145 9, 84 12, 119 11, 99 9, 156 3.87179
MV125WW 7 25 45236.9 107 13, 161 14, 111 5, 187 6, 173 10, 186 10, 119 6, 108 5, 99 10, 101 14, 149 12, 123 11, 85 14, 136 10, 149 15, 112 8, 169 5, 190 9, 116 14, 129 7, 156 13.5641
LS580MJ 4 24 45241.8 95 9, 124 13, 141 15, 174 5, 95 11, 150 13, 147 5, 139 8, 189 15, 189 9, 146 13, 141 5, 121 11, 177 12, 189 14, 130 15, 182 13, 145 12, 190 9, 186 0.0752688
DW113VD 16 29 45246 130 14, 127 10, 120 15, 149 8, 109 9, 153 14, 101 11, 114 14, 91 10, 126 11, 163 8, 153 15, 83 6, 116 12, 105 6, 107 4.60748
BF095TD 20 27 45251.2 155 8, 106 7, 174 10, 160 14, 115 6, 187 15, 99 9, 118 9, 124 6, 164 9.45122
DM183ZE 6 15 45258 99 13, 116 7, 179 5, 116 6, 88 12, 125 5, 144 14, 135 12, 161 8, 148 12, 177 3.0565
LG191PA 7 14 45261.2 105 13, 118 10, 180 14, 95 15, 190 10, 102 8, 187 5, 162 3.10494
LN457VX 14 22 45264.3 144 10, 133 7, 103 11, 140 9, 133 12, 149 8, 137 15, 116 10, 87 8, 185 0.535135
SH921FS 10 13 45271.7 126 12, 180 7.53333
LZ830LE 25 27 45281.2 182 12, 123 13, 166 2.04217
EV641TT 26 27 45291.1 126 13, 150 0.64
GV331JL 15 28 45298.3 185 15, 104 13, 87 11, 97 14, 134 7, 176 11, 109 6, 159 7, 185 13, 92 8, 125 6, 109 11, 144 7, 121 15, 114 5, 86 12, 146 7.72603
AW825ZW 13 26 45301.1 181 9, 86 7, 90 9, 143 12, 124 15, 143 6, 179 12, 189 6, 150 14, 176 11, 150 12, 189 11, 154 6, 151 9, 83 10, 141 5, 144 4.44444
NB739NX 6 16 45305.6 114 10, 188 5, 93 9, 115 10, 96 9, 181 11, 117 6, 157 7, 112 10, 83 11, 81 12, 89 9, 97 5, 122 7, 185 2.32432
ZS370GR 26 29 45313.7 109 8, 158 12, 117 2.80342
WP443FB 4 13 45322.6 157 13, 134 9, 161 13, 139 8, 109 12, 188 6, 87 12, 190 14, 111 0.936937
JX498LA 28 29 45330.6 111 5, 165 1.36364
EW584VH 24 29 45335.4 104 9, 134 15, 111 5, 122 11, 97 6, 153 7, 171 6.50292
EK017HV 18 25 45339.6 145 12, 107 12, 163 14, 186 10, 155 8, 131 11, 100 15, 119 5, 155 3.78065
CB582DB 1 4 45342 158 12, 94 8, 179 12.257
ES276AR 5 10 45345 155 7, 167 6, 106 7, 174 12, 106 13, 120 12, 129 8, 175 1.33143
ZY438JK 6 22 45349.7 183 8, 184 8, 110 13, 80 9, 139 13, 139 13, 157 9, 124 12, 107 6, 126 14, 90 13, 137 8, 166 11, 155 12, 170 10, 112 7, 90 8.96667
YG149RK 9 26 45355.5 110 9, 176 8, 153 15, 149 11, 170 10, 183 5, 148 12, 125 14, 134 11, 173 15, 155 14, 109 9, 83 8, 142 11, 123 10, 111 12, 186 14, 116 6.56034
ZB413LM 13 17 45365 151 7, 106 5, 99 8, 139 11, 88 9, 162 10.1728
RB473JK 6 19 45366.5 129 12, 189 14, 151 10, 83 13, 87 6, 122 14, 146 7, 106 9, 140 10, 138 8, 135 12, 163 5, 113 9, 109 7.69725
KR685ZZ 4 8 45368.7 186 7, 186 13, 105 13, 159 8, 139 5.15827
CS288VE 17 22 45369.9 156 6, 156 8, 172 9, 139 15, 113 10, 167 6.36527
PV118DY 6 27 45376.7 84 15, 80 8, 190 14, 179 5, 173 8, 102 10, 119 9, 143 8, 99 14, 130 13, 135 14, 170 6, 83 8, 88 11, 161 6, 81 15, 80 12, 164 15, 127 6, 173 6, 187 12, 133 5, 84 9, 178 5, 120 6, 120 8, 136 10, 118 8, 105 1.18095
PT776WN 6 25 45379.4 156 9, 114 7, 187 10, 127 5, 178 15, 80 15, 122 6, 130 5, 91 13, 99 7, 107 13, 125 14, 80 15, 153 5, 108 9, 90 7, 98 15, 164 8, 113 7, 121 7, 128 12, 100 14, 184 5, 186 14, 82 2.57317
NX914LK 18 23 45385 167 7, 163 13, 181 8, 133 14, 131 12, 155 1.13548
SA291PT 25 27 45394.3 172 10, 88 15, 175 6, 170 0.188235
YC003FR 25 27 45397.6 139 8, 115 5, 152 13, 113 4.06195
XZ612BR 9 19 45399.4 155 8, 181 11, 145 8, 178 7, 100 6, 148 7, 94 12, 110 5, 133 15, 99 8, 154 12.1429
AH365HX 22 23 45401 153 9, 175 4.71429
MY887YT 26 29 45405.4 172 6, 83 8, 157 6, 100 4.58
TF177RF 16 21 45411.8 126 7, 83 13, 120 15, 157 8, 143 10, 95 15, 186 1.16129
AJ978NZ 16 21 45419.3 81 8, 104 9, 91 11, 156 14, 106 7, 128 14, 175 4.48571
XH742FM 4 6 45420 107 12, 120 6, 124 7, 123 7.57724
PS255TW 25 27 45428.3 179 11, 131 15, 94 2
PM266HF 13 21 45433 162 8, 161 5, 180 13, 123 12, 84 14, 160 5, 168 10, 107 11, 84 13, 125 5, 90 7, 152 2.61184
NW944RR 9 11 45443 113 7, 122 6, 174 5.97126
EY897HN 21 27 45451.2 119 5, 93 7, 161 8, 85 15, 168 14, 106 9, 122 8, 127 9, 120 8, 164 7.17073
XW186BB 9 13 45452.3 121 12, 148 12, 108 5, 136 6.97059
YJ128FM 6 29 45455 150 8, 148 11, 104 11, 188 9, 167 6, 182 11, 178 7, 188 6, 90 11, 166 8, 154 14, 182 12, 104 15, 180 6, 96 8, 164 10, 86 6, 162 10, 94 12, 158 9, 168 7, 122 14, 107 13, 159 6, 118 13, 190 4.84737
BX539XN 14 20 45456.5 80 14, 122 8, 161 5, 126 15, 93 14, 135 11, 172 4.56977
FD059JB 18 22 45458.5 124 8, 108 6, 183 11, 139 8, 118 9, 189 1.67725
BE196DT 13 20 45461.8 180 5, 144 14, 175 13, 85 14, 176 13, 130 10, 175 6.80571
TY730MW 2 20 45464.5 149 9, 188 8, 181 10, 187 13, 142 7, 93 14, 183 10, 168 13, 132 5, 105 12, 81 5, 94 9, 154 10, 189 11, 91 8, 91 9, 117 14, 123 8, 156 9, 159 13.2767
BN337MT 10 12 45469.8 159 9.73585
MJ739SZ 10 28 45475.5 109 12, 81 7, 103 13, 84 8, 102 10, 136 11, 107 8, 119 13, 190 6, 136 12, 97 10, 169 14, 152 5, 134 10, 87 7, 142 10, 118 11, 117 6, 100 13, 110 7, 171 14, 91 10, 104 14, 175 2.52571
EZ852CP 17 26 45477.1 147 7, 129 9, 168 15, 160 9, 188 9, 87 5, 112 13, 190 10, 113 15, 112 9, 85 10, 162 7, 88 5.25
SS426GE 8 25 45483.4 116 13, 188 14, 152 7, 130 11, 84 8, 188 10, 136 6, 168 8, 109 7, 99 9, 134 6, 128 6, 179 8, 139 14, 112 15, 114 5, 159 7, 139 11, 180 5, 166 7, 176 7, 83 2.74699
PW999KW 14 25 45486.6 88 8, 113 12, 140 10, 95 15, 116 8, 119 12, 172 5, 132 9, 88 13, 190 15, 130 8, 119 11, 175 10, 177 3.18644
SC766BH 24 29 45489.3 184 15, 185 6, 83 10, 93 14, 142 7, 147 4.16327
HC977GK 2 4 45495.8 98 7, 138 5, 120 15, 126 6.65079
RK125PS 22 23 45504.7 143 8, 131 8.07634
TG111PK 22 28 45513.2 189 13, 153 13, 168 14, 170 11, 109 9, 156 5, 142 4.64085
AD364SW 9 29 45516.6 111 6, 135 6, 163 6, 121 10, 179 7, 167 5, 116 7, 169 8, 189 5, 159 6, 92 11, 126 10, 129 9, 94 5, 89 14, 176 8, 108 12, 95 13, 153 9, 146 11, 186 11, 165 8, 125 11, 177 5, 118 13, 88 13, 163 4.6135
HG267RL 11 20 45518.2 151 8, 81 12, 96 13, 186 10, 86 6, 180 10, 181 12, 141 8, 111 13, 165 5.86061
BZ766TR 20 26 45523 82 11, 180 15, 183 15, 122 8, 102 12, 133 14, 182 8.57692
MT376DM 18 19 45527.4 135 5.02222
DJ762JK 26 29 45532.1 95 15, 160 8, 157 2.49045
EK745LT 21 25 45539 180 8, 121 12, 127 5, 98 14, 98 12, 168 6.98214
ZM502DW 7 15 45541.2 154 14, 125 5, 190 5, 135 11, 106 11, 155 7, 82 6, 186 8, 126 7, 129 9.60465
YW212ZX 6 10 45545.6 87 9, 141 9, 86 14, 95 11, 145 11.8828
EG408CB 1 27 45555.6 170 7, 165 15, 99 15, 91 11, 157 9, 140 9, 102 11, 150 6, 182 13, 88 13, 179 5, 187 11, 119 7, 91 14, 123 13, 101 11, 117 8, 94 6, 140 13, 158 8, 121 11, 122 15, 93 10, 95 15, 130 13, 87 13, 90 9, 118 12, 97 11, 175 8, 128 10, 142 9.73944
GF971FC 12 29 45560.9 100 12, 115 15, 158 13, 161 9, 95 5, 156 9, 93 5, 103 10, 160 14, 98 13, 86 15, 153 5, 120 12, 152 14, 164 9, 184 15, 175 9, 181 14, 172 1.52326
ZF882TB 1 28 45563.5 136 15, 159 13, 133 7, 87 12, 166 13, 109 7, 176 12, 172 11, 166 8, 174 12, 80 5, 94 11, 160 6, 166 7, 155 15, 186 15, 179 7, 128 8, 172 10, 81 5, 81 8, 164 9, 102 10, 151 7, 158 8, 157 10, 142 5, 93 14, 110 11, 147 6, 167 12, 94 3.67021
JM425PE 26 27 45571.9 187 9.27273
NC182MS 28 29 45575.1 124 6, 189 0.190476
YX145MG 22 25 45584.8 97 8, 119 8, 94 10, 132 9, 92 13, 94 14, 168 0.0952381
KP400WR 7 26 45591.2 159 6, 132 15, 123 13, 101 11, 176 5, 98 5, 145 14, 183 15, 143 13, 81 14, 151 14, 124 15, 96 5, 103 13, 176 9, 180 5, 106 13, 133 8, 154 11, 133 12, 172 11, 90 3.27778
ZR297NB 4 24 45595.4 179 5, 80 12, 104 10, 154 7, 100 13, 104 9, 113 7, 82 9, 159 5, 189 8, 169 11, 152 6, 118 12, 159 14, 140 8, 179 14, 94 15, 151 8, 153 6, 114 11, 186 10, 167 6, 159 12, 175 9.54286
JW334FA 10 13 45599.4 172 7, 187 6, 94 5.76596
YW382CN 23 24 45602.6 87 12, 184 5.51087
ZA146KT 2 22 45604.6 173 12, 98 14, 134 10, 112 13, 92 10, 107 10, 127 15, 174 13, 139 6, 81 15, 100 13, 189 14, 125 15, 117 10, 150 11, 122 11, 88 14, 144 11, 121 5, 164 8, 165 6, 105 6, 82 3.43902
JD038HS 4 22 45606.7 135 6, 96 11, 101 7, 115 15, 81 14, 99 12, 111 14, 182 6, 124 14, 87 5, 145 5, 85 11, 165 14, 133 13, 148 6, 82 6, 137 11, 148 10, 170 8, 84 8, 109 8, 176 12, 135 3.96296
YA519DS 4 11 45612.3 150 6, 85 12, 145 12, 98 6, 89 12, 106 8, 92 5, 82 13, 87 14, 170 5, 96 8.16667
DF449BS 14 27 45617.7 117 15, 98 9, 185 11, 167 11, 87 8, 116 11, 136 6, 168 8, 157 12, 166 9, 98 13, 126 8, 190 14, 81 13, 122 8, 128 7, 119 1.52941
TE206YM 12 15 45623.4 110 14, 157 15, 171 6.69591
DW253JW 18 28 45626.3 85 14, 190 14, 188 12, 128 11, 180 12, 132 15, 104 12, 90 7, 158 12, 179 10, 187 0.0748663
GX980KR 4 9 45636.1 92 5, 127 7, 161 14, 83 8, 155 15, 188 7.38298
KP108WB 28 29 45643.1 178 4.38202
NC716GK 12 13 45648.3 149 8, 188 0.680851
NL885SD 6 7 45650 188 5.55319
ZL938AJ 8 17 45658.3 149 6, 156 7, 144 5, 161 14, 155 15, 159 13, 166 10, 170 5.63529
RR709VM 26 29 45665.8 175 10, 158 8.51899
WC366CV 12 16 45666.9 151 12, 103 13, 149 10, 141 13, 96 2.625
BZ121HD 25 29 45674.9 160 8, 96 14, 123 9, 118 12, 175 1.92571
HV973JS 21 28 45683.4 136 5, 101 11, 186 13, 189 15, 137 6, 140 6, 168 8, 81 14, 110 5, 102 2.13725
YF871NH 9 23 45688.8 97 6, 151 6, 121 14, 179 8, 180 9, 164 7, 127 6, 155 7, 149 11, 159 5, 106 12, 130 11, 176 15, 93 9, 97 9, 116 13, 98 10.7449
GF858EP 28 29 45690.3 125 6.24
SB584HL 19 24 45698.2 182 5, 129 7, 120 14, 175 15, 174 8, 143 15, 189 0.375661
EP447LH 21 22 45707 158 5.46835
SK068ES 23 25 45707.9 150 10, 86 5, 152 7, 103 11, 188 0.292553
NG915GC 14 17 45712.1 175 10, 88 5, 112 12.1607
BA984TS 25 26 45719.3 105 8, 178 8.69663
JF623FZ 19 23 45721.9 161 11, 90 7, 96 12, 127 12, 88 11, 123 10, 139 2.82734
BH220ES 15 29 45727.4 138 15, 151 6, 183 14, 167 12, 172 7, 127 15, 113 8, 108 15, 103 14, 148 8, 106 6, 88 5, 87 8, 157 5, 96 15, 158 12, 163 4.9816
KV632ZJ 9 27 45732.2 120 13, 97 14, 109 6, 106 5, 140 10, 168 6, 109 8, 129 15, 187 13, 106 6, 81 9, 144 12, 96 15, 173 6, 110 15, 179 15, 164 10, 94 5, 111 10, 128 9, 135 8, 169 14.6391
HY592ME 7 26 45736.8 102 9, 89 5, 171 14, 155 5, 119 9, 165 5, 147 12, 136 14, 132 13, 166 8, 80 10, 82 7, 184 14, 155 5, 118 6, 81 11, 151 13, 95 11, 98 15, 89 13, 164 9, 134 8, 173 10, 168 9.52976
WJ806ZY 19 20 45739.4 185 12.2595
CL142ET 27 28 45745.8 133 4.37594
ZT538PM 24 25 45749.9 116 10, 124 7.77419
TR967SP 16 29 45751.9 178 14, 132 6, 170 6, 135 14, 113 11, 121 11, 179 8, 81 5, 95 13, 178 9, 134 13, 177 14, 124 14, 190 7.48421
NK483XK 26 27 45757.4 186 5, 165 4.87273
MJ615PA 5 26 45764.9 162 13, 87 7, 112 12, 114 5, 174 8, 136 7, 118 11, 123 13, 133 8, 184 11, 106 10, 131 14, 170 6, 104 9, 182 15, 150 11, 121 7, 171 15, 165 8, 104 7, 118 8, 83 13, 181 12, 152 7, 127 9, 95 6, 158 2.39241
HP862GJ 28 29 45770.7 81 9.62963
CC876KE 16 18 45775.2 89 10, 178 10.7753
CK280CM 22 24 45781.6 92 7, 173 9, 82 10, 115 10, 152 0.585526
JT222EE 24 25 45786.6 186 10, 153 1.72549
PD711KF 10 27 45788.9 117 6, 149 5, 166 6, 170 9, 138 14, 99 7, 150 7, 176 12, 94 11, 143 5, 93 12, 177 5, 170 15, 131 5, 186 11, 164 11, 107 13, 187 7, 134 15, 157 13, 158 2.63291
ZX563PS 9 29 45793 171 13, 139 8, 112 6, 120 5, 109 14, 181 15, 131 5, 163 6, 147 11, 160 6, 168 5, 92 14, 120 9, 126 13, 139 6, 174 7, 149 11, 105 7, 153 12, 90 9, 148 11, 174 15, 178 9, 98 1.28571
KX768RJ 1 14 45800 134 14, 146 13, 127 5, 168 14, 81 11, 116 6, 149 7, 141 11, 113 9, 173 12, 163 12, 154 10, 135 6, 187 10.6578
SD560PL 22 27 45807.8 105 15, 141 8, 155 9, 164 14, 82 15, 108 7, 157 5, 116 9, 170 1.74706
ME959BS 17 26 45812.2 130 5, 167 10, 173 11, 94 12, 139 14, 114 15, 103 11, 91 11, 150 10, 182 5, 117 8, 135 9, 85 10, 189 1.21693
BF354YY 15 16 45817.2 176 7, 141 3.21986
TA038RB 8 20 45827.2 90 14, 93 7, 158 7, 140 9, 103 7, 151 9, 94 6, 180 15, 172 12, 181 11, 101 8, 152 6, 184 7.53261
TR998MH 19 27 45832.4 81 7, 83 12, 183 6, 87 5, 187 7, 183 15, 188 5, 104 12, 121 10, 126 10, 144 15, 166 12.0723
ES974XG 8 21 45833.5 141 14, 157 8, 153 15, 88 12, 147 7, 173 11, 145 11, 147 6, 138 13, 177 5, 156 11, 167 9, 124 9.90323
AS171EW 13 24 45841 142 7, 131 11, 154 5, 154 11, 150 12, 107 5, 138 6, 186 5, 130 15, 133 10, 115 12, 97 11, 161 13, 114 10, 85 7.83529
DL080DD 4 19 45843.9 101 9, 175 9, 122 15, 162 12, 172 9, 151 5, 182 9, 154 14, 81 9, 125 14, 163 5, 187 14, 147 12, 163 5, 151 4.91391
VR768WX 27 28 45852.6 100 5.82
LE750HG 13 25 45859.6 188 14, 114 13, 180 7, 97 6, 141 5, 188 15, 121 7, 109 12, 89 11, 173 14, 182 14, 134 15, 86 11, 86 2.33721
PR838CL 27 28 45865.5 130 4.47692
RC125ST 13 24 45871.5 185 14, 153 14, 185 14, 108 11, 127 13, 83 11, 173 15, 91 12, 132 10, 179 6, 166 8.81325
TS365MJ 25 26 45873.2 181 7, 107 6, 153 3.13072
GH136SY 20 29 45877 185 6, 132 7, 107 14, 115 14, 173 10, 146 7, 136 8, 86 14, 145 15, 186 7, 134 10.4701
FL458EJ 14 28 45885.8 113 7, 105 14, 174 10, 111 10, 127 9, 96 5, 132 7, 128 11, 175 7, 178 15, 91 8, 164 9, 120 11, 117 5, 131 14, 118 14, 159 6, 109 5, 165 3.60606
DY005MX 19 22 45889.7 127 6, 141 9, 126 8, 85 7, 175 9, 87 2.95402
MM674EF 9 27 45893.4 142 13, 142 9, 103 15, 176 5, 125 12, 170 13, 181 12, 120 8, 117 14, 106 6, 132 7, 179 10, 178 7, 149 9, 160 10, 84 14, 83 13, 134 11, 129 15, 155 9, 120 7.95833
PF940LA 11 26 45895.7 128 8, 89 6, 130 13, 127 7, 135 13, 137 7, 153 7, 95 15, 121 6, 101 8, 175 11, 134 14, 127 14, 101 12, 186 14, 154 9, 87 14, 165 13, 94 2.75532
DN065RD 12 15 45898.4 94 10, 107 13, 138 14, 97 8.01031
ME103FF 17 18 45905.7 160 6, 141 6.42553
NG882FY 9 19 45909.7 176 8, 182 5, 128 13, 80 11, 156 14, 182 10, 115 10, 128 6, 110 15, 181 6.48619
YM674NB 5 24 45913.6 126 6, 115 15, 138 15, 134 10, 157 5, 190 12, 107 9, 139 15, 83 15, 165 6, 164 6, 173 15, 109 6, 167 12, 183 6, 95 13, 132 10, 159 15, 123 11, 146 13, 134 5, 146 0.349315
FM423BY 6 19 45923.5 161 10, 151 5, 81 11, 184 8, 175 6, 129 8, 107 6, 172 6, 116 14, 92 5, 150 12, 104 8, 131 6, 110 12, 100 6, 190 7, 87 6.29885
XE566JX 3 7 45931.7 97 12, 152 9, 103 5, 153 5, 173 11, 90 5, 112 1.84821
MA073DB 7 15 45939.5 171 12, 117 13, 100 8, 146 8, 138 11, 83 9, 178 7, 159 14, 101 2.87129
LY666XC 10 14 45943.8 102 7, 165 10, 95 9, 107 11, 190 6.67368
HX113MN 28 29 45952.5 156 5
AM929PV 19 22 45958.9 151 15, 179 10, 170 8.3
PD514VZ 26 29 45960.9 171 14, 151 4.64901
DX818PR 1 28 45962.8 173 7, 168 13, 171 13, 88 13, 93 11, 136 5, 82 15, 187 15, 122 7, 149 11, 96 14, 82 10, 108 14, 183 9, 114 12, 159 12, 182 11, 185 14, 181 11, 167 6, 120 6, 120 5, 145 13, 179 8, 96 12, 125 5, 102 11, 190 14, 106 8, 172 4.43605
XY220MV 4 29 45963.6 150 13, 170 13, 178 6, 157 7, 145 13, 129 15, 137 12, 112 11, 162 6, 114 11, 126 5, 116 12, 134 11, 176 11, 92 11, 81 13, 92 5, 88 8, 82 5, 188 15, 85 15, 173 13, 112 14, 137 7, 146 7, 98 15, 174 14, 157 5.11465
HM255CH 17 22 45969.7 165 7, 117 7, 134 11, 139 13, 136 5, 113 8, 80 7, 158 3.86709
LX096AF 28 29 45976.8 132 5.90909
EW702VT 5 22 45979.3 136 7, 150 7, 138 14, 180 14, 174 5, 102 15, 164 15, 137 13, 165 7, 167 7, 182 7, 174 13, 92 9, 104 12, 132 6, 179 8, 107 9, 106 6, 81 12, 124 3.22581
XY517NK 7 9 45983.3 83 13, 123 11, 99 7.07071
EH716CX 20 25 45987.2 190 8, 189 14, 112 11, 129 15, 88 12, 87 13, 190 0.326316
FH262YS 14 26 45990.8 126 9, 90 6, 121 8, 140 7, 142 8, 94 9, 80 10, 186 8, 140 12, 173 15, 80 12, 98 5, 129 8, 150 10, 154 11, 111 11, 167 7.60479
EB193JW 18 28 45993.7 124 14, 107 14, 185 12, 178 7, 159 6, 152 8, 103 9, 80 6, 161 12, 87 9, 170 13, 148 6, 99 5, 87 7.43678
YV170XX 21 24 45994.6 160 5, 88 15, 117 15, 131 9.53435
GJ240NP 23 27 45995.8 94 11, 94 9, 131 7, 144 5, 184 5, 96 7, 143 10, 181 9.75138
JV844EY 7 29 45997.3 151 13, 152 6, 107 7, 124 8, 151 14, 184 5, 186 14, 93 8, 127 13, 169 15, 128 7, 123 12, 150 7, 179 13, 116 15, 166 5, 161 7, 181 13, 104 7, 111 10, 154 14, 142 7, 104 11, 128 7.49219
XW588GS 6 29 46007.2 110 9, 181 8, 162 10, 117 9, 186 15, 100 10, 91 9, 159 10, 121 6, 101 10, 87 11, 161 14, 161 13, 109 8, 92 14, 100 6, 94 5, 178 7, 107 5, 174 15, 112 8, 120 10, 168 8, 110 15, 104 7, 182 9, 82 15, 187 2.46524
RC785XR 2 22 46011.2 110 15, 123 13, 160 10, 147 11, 128 7, 97 8, 91 11, 187 12, 131 12, 136 15, 123 11, 158 7, 95 8, 104 11, 94 8, 187 9, 145 8, 116 8, 147 8, 108 9, 112 7, 142 11, 142 7, 184 9.2337
SL960AY 16 19 46015.1 95 12, 102 5, 184 9.97826
KY317HA 28 29 46023.3 149 5.2349
PZ668BT 1 17 46030.5 177 15, 96 6, 133 14, 147 13, 190 9, 124 6, 132 5, 100 13, 178 11, 101 14, 104 10, 165 13, 103 14, 132 13, 178 14, 166 1.57229
BZ425XL 24 27 46036.9 168 6, 178 14, 93 10, 175 5, 185 5.08649
NW326RY 25 27 46042.7 91 12, 145 15, 126 6.78571
ST897LL 16 25 46048.4 120 10, 101 12, 156 9, 108 12, 162 5, 116 12, 108 6, 170 12, 147 10, 171 6, 90 7, 157 11, 102 4.71569
ZW469JX 12 27 46051 127 5, 182 12, 117 9, 179 8, 188 6, 140 11, 92 6, 168 11, 84 5, 183 15, 175 6, 147 10, 190 10, 101 5, 94 5, 107 14, 100 11, 184 6, 134 7, 102 14, 136 8.70588
TW781ZL 26 29 46057.3 151 13, 178 6.36517
VA693CF 10 25 46065.5 178 7, 96 9, 91 10, 159 13, 161 10, 104 14, 172 15, 93 5, 175 11, 180 14, 145 6, 178 13, 148 6, 153 11, 111 10, 89 9, 162 1.85802
CF122TE 9 13 46071.6 99 14, 107 7, 118 7, 128 8, 183 3.99454
HJ029YD 8 20 46072.9 119 9, 151 8, 140 6, 99 6, 126 7, 178 12, 151 13, 190 10, 171 13, 170 11, 118 5, 182 7, 98 2.35714
TK747CT 21 22 46076.9 97 5, 111 3.41441
FF098GV 8 9 46078.6 111 8.16216
DZ259BG 8 20 46081.5 99 15, 100 5, 152 15, 159 6, 124 6, 180 8, 81 14, 189 13, 117 12, 101 9, 114 15, 110 10, 152 4.375
EY927XS 8 25 46091.2 168 6, 106 6, 159 11, 140 8, 90 14, 140 11, 182 7, 178 10, 96 13, 189 6, 113 8, 126 15, 134 5, 160 8, 158 7, 153 9, 148 11, 160 6, 130 13, 161 6, 175 5, 101 2.66337
GM899YG 25 26 46096.6 162 12, 179 2.48045
WE316AY 15 27 46099.2 109 14, 177 7, 161 15, 118 5, 129 5, 171 15, 186 15, 167 10, 160 9, 142 9, 172 9, 104 15, 148 9, 153 3.56863
DG656TT 14 17 46107.8 104 8, 136 7, 148 5, 80 6, 105 5.21905
FL626JG 21 27 46117.8 117 15, 169 5, 154 6, 187 14, 121 10, 186 12, 111 8, 143 6.27972
WV696LR 12 16 46127.7 158 15, 132 6, 180 8, 128 12, 117 5.02564
AD743RE 2 10 46137.3 163 12, 149 7, 108 11, 128 6, 82 10, 179 6, 86 6, 165 6, 186 5, 167 15, 120 13, 171 2.87719
AN704CM 5 15 46140 159 13, 92 6, 136 12, 120 10, 161 10, 181 5, 156 5, 103 8, 154 12, 96 14, 88 14, 189 8.43386
TX044WF 26 28 46140.5 128 11, 125 7.264
EK812NM 21 27 46149.7 188 6, 96 11, 166 14, 93 11, 159 10, 146 11, 163 8, 174 7.6954
FJ080TC 20 22 46150.4 127 12, 117 7, 137 6.24088
RG730FK 12 19 46156.4 133 5, 173 7, 88 9, 174 9, 89 15, 159 15, 159 14.2013
GH946DG 25 29 46164.9 121 10, 130 11, 132 13, 81 13.9259
CG997SY 12 13 46171.1 84 10, 107 4.48598
ME986ZE 20 29 46177.2 132 12, 140 10, 125 13, 124 11, 130 12, 144 10, 144 11, 169 10, 135 10, 165 8.90303
GL349BF 13 25 46179.3 173 14, 156 5, 160 5, 172 12, 95 14, 86 9, 136 14, 84 5, 182 7, 114 9, 183 9, 121 13, 167 7, 180 15, 157 5.47134
TP847MG 2 29 46186.9 138 9, 108 8, 153 8, 160 14, 98 7, 129 9, 119 14, 80 6, 98 10, 171 11, 154 14, 98 10, 87 8, 93 7, 157 12, 151 8, 107 8, 121 12, 115 10, 189 8, 90 9, 95 8, 181 10, 104 8, 97 12, 106 14, 114 12, 119 14, 140 13, 188 5, 125 11, 140 14, 127 5, 98 13.7041
SD911PM 24 29 46196.4 103 10, 104 12, 113 7, 172 12, 97 8, 115 6, 134 7.52985
SY674EM 28 29 46205.7 144 5.41667
JZ806DG 6 29 46209.9 168 10, 92 12, 187 10, 113 14, 140 15, 111 15, 159 15, 82 15, 110 10, 149 13, 96 13, 163 11, 104 8, 161 12, 95 15, 169 7, 142 14, 87 9, 173 10, 108 14, 85 8, 137 7, 175 10, 126 5.15873
FK660SZ 17 25 46219.5 137 10, 186 15, 184 14, 124 10, 100 12, 127 11, 161 10, 141 15, 152 0.631579
HE112RR 19 25 46229.5 182 8, 92 8, 159 13, 161 7, 118 14, 121 12, 171 6, 148 7, 118 11
DV776XA 5 22 46234.7 121 14, 119 7, 178 8, 164 15, 183 8, 119 8, 123 13, 145 9, 96 9, 139 15, 181 7, 151 9, 190 13, 144 7, 120 14, 171 9, 113 13, 103 7.32039
BZ019RK 26 27 46237.7 95 8, 97 7, 92 3.20652
AX538LZ 2 25 46242.6 118 8, 89 9, 119 12, 178 8, 153 13, 148 6, 160 15, 100 9, 99 12, 152 5, 92 5, 180 12, 128 5, 81 14, 144 7, 187 6, 126 13, 87 6, 119 14, 174 14, 168 12, 82 14, 146 9, 101 14, 150 13, 179 9, 182 12, 113 2.71681
XE461VS 8 28 46249.9 124 13, 104 15, 109 12, 97 5, 163 11, 169 8, 117 7, 93 7, 163 5, 141 9, 167 8, 167 5, 170 14, 113 7, 94 13, 162 14, 85 11, 166 14, 119 13, 151 6, 185 6, 166 15, 159 5, 173 2.68786
BN993FR 11 23 46253.9 135 11, 123 6, 125 15, 150 8, 111 12, 190 9, 145 9, 97 5, 143 7, 152 5, 171 7, 112 14, 177 11, 128 5, 137 8, 155 2.41935
VS856CY 16 23 46263.3 85 13, 183 14, 120 13, 87 13, 178 14, 161 6, 150 8.92
PN500FW 21 27 46271.3 123 13, 103 14, 97 13, 84 12, 106 6, 89 10, 147 5, 165 5, 166 8, 109 12, 180 1.87778
CB062FB 8 16 46273.8 176 15, 92 10, 128 8, 159 7, 180 7, 126 8, 135 7, 82 6, 159 10.2264
DT399LJ 11 16 46276.7 89 6, 130 11, 159 10, 90 12, 159 9, 123 8, 123 4.15447
KH902RM 17 25 46284.5 106 9, 143 5, 132 12, 83 5, 146 12, 123 6, 110 10, 114 6, 182 6, 129 9, 155 15, 125 6, 137 8.20438
EJ216DF 12 24 46291.2 152 12, 186 7, 173 12, 120 13, 90 12, 96 7, 105 15, 109 12, 124 10, 102 11, 85 7, 115 13, 112 11, 110 14, 141 9.34043
XT915FA 10 16 46296.7 118 13, 189 8, 148 6, 155 6, 119 5, 152 9, 128 11.3047
KP373PD 14 16 46303 174 9, 140 7, 174 0.367816
SB100XC 26 29 46305.2 106 13, 90 15, 172 2.13953
KC343WW 12 27 46312.8 188 9, 153 14, 116 9, 168 11, 144 10, 189 9, 151 9, 118 9, 181 7, 155 13, 128 8, 130 13, 185 13, 116 15, 133 10, 82 15, 121 8, 124 1.83065
VK882SJ 9 14 46314.6 187 13, 133 13, 166 10, 107 15, 157 0.55414
RY766AZ 28 29 46316.1 143 5.45455
ZW222LP 6 9 46322.5 140 6, 90 15, 169 9, 137 3.39416
FL955GD 1 17 46330.4 133 12, 187 11, 146 14, 183 12, 111 8, 183 7, 111 15, 148 14, 157 13, 190 9, 90 7, 153 8, 107 14, 133 6, 142 5, 152 8, 115 2.26087
HG752GT 6 18 46339.4 135 14, 121 7, 156 12, 101 15, 176 7, 113 10, 104 10, 184 5, 184 5, 154 7, 153 5, 178 10, 117 7, 138 7, 107 3.1028
CS710VJ 27 29 46341.7 97 13, 145 0.696552
KK706TW 4 20 46346.5 96 10, 88 6, 176 14, 143 8, 134 10, 126 13, 97 12, 87 14, 163 11, 135 5, 187 8, 103 6, 103 7, 176 9, 176 8, 165 9, 186 6, 135 5, 99 5, 85 12, 103 3.04854
XZ667WL 28 29 46356 109 7, 129 0.131783
HS906VA 24 25 46362.2 181 10, 181 1.73481
BZ233AB 9 12 46364.6 127 6, 80 13, 168 9.4881
VX410WG 8 14 46374.6 130 15, 124 15, 119 12, 170 10, 146 10.137
LR007RF 2 5 46381.3 174 10, 110 5, 189 10, 95 6.96842
JD691BK 14 21 46383.5 106 14, 107 8, 187 15, 100 10, 128 14, 140 10, 164 8.29878
DF499HM 1 12 46391.6 177 12, 101 5, 161 9, 159 6, 88 14, 96 9, 137 10, 115 10, 160 15, 148 6, 132 9, 155 12, 111 2.10811
GV235SA 3 21 46397.3 134 8, 96 5, 175 14, 106 7, 178 13, 151 14, 121 12, 84 10, 121 11, 125 9, 89 13, 135 11, 113 11, 152 6, 126 5, 190 5, 143 6, 137 15, 162 5, 93 12, 151 12, 186 4.11828
AZ491MK 18 24 46406.6 181 14, 171 6, 182 14, 121 7, 175 13, 146 8.0411
YD607VB 20 29 46414.3 143 12, 84 7, 174 6, 91 11, 101 9, 113 12, 190 6, 87 13, 99 6, 92 12, 149 11, 81 6, 94 7, 80 5, 86 7, 155 4.50323
NL189VV 5 7 46422.2 180 5, 136 5, 99 14, 145 6, 178 1.03371
XM404BT 13 27 46425.7 126 11, 123 15, 133 9, 121 11, 124 12, 190 5, 166 10, 95 14, 137 15, 125 9, 186 14, 146 9, 176 6, 166 5, 178 10, 179 5, 123 12, 104 5.21154
ZE698ZX 28 29 46433.5 104 6, 125 1.248
VJ213BV 2 13 46436.8 179 14, 121 13, 161 5, 126 9, 158 7, 184 6, 175 14, 112 13, 95 13, 121 8, 190 7, 125 8.344
NE119NT 7 13 46440.2 157 8, 190 12, 142 14, 140 13, 162 3.11111
XD551HE 26 29 46446.4 157 9, 100 12, 146 3.30822
FE470KE 15 23 46448.7 82 15, 151 7, 139 5, 171 12, 158 8, 141 8, 119 9, 137 12, 150 9, 169 7.98225
DR797SX 6 15 46451 103 12, 125 8, 113 12, 107 5, 108 14, 161 11, 167 15, 91 8, 174 6, 139 6.65468
ZK301XZ 14 19 46457.4 97 14, 189 12, 120 14, 103 7.6699
RA416ST 2 21 46463.9 177 14, 97 13, 153 10, 136 15, 158 5, 145 10, 161 11, 81 12, 95 7, 95 5, 181 10, 138 9, 118 14, 150 8, 146 12, 141 8, 109 12, 130 8, 188 15, 86 11, 137 13.6788
WD438KJ 12 29 46471.8 141 5, 85 14, 119 9, 167 6, 153 15, 116 8, 90 14, 106 15, 124 10, 87 6, 141 10, 83 5, 105 15, 102 15, 111 6, 159 10, 93 10, 189 12, 169 15, 154 8, 86 9, 126 6.49206
LX637KX 8 22 46475.2 85 8, 176 14, 154 6, 180 13, 119 15, 81 13, 96 8, 172 15, 112 6, 115 10, 147 11, 122 8, 98 15, 173 6, 81 5.71605
CD016JJ 3 7 46478.7 136 12, 152 11, 81 6, 167 6, 152 10, 99 0.606061
MA158HR 16 19 46486.9 124 8, 188 13.266
RV456RF 19 22 46496.1 176 12, 86 13, 124 13, 187 3.3369
NK177AK 26 28 46499.9 150 14, 166 1.3012
ZH553DP 22 24 46503.5 169 9, 129 9, 123 10, 136 2.55882
ZS325TL 22 25 46507.7 116 15, 178 5, 150 6, 133 15, 119 7.21849
NT511FL 15 22 46512.1 145 14, 100 14, 121 5, 104 5, 163 12, 108 11, 143 5, 137 14, 91 3.36264
LR563HK 1 26 46518.1 94 15, 114 15, 174 10, 89 13, 181 15, 142 13, 151 9, 103 10, 169 7, 113 9, 166 8, 115 7, 85 14, 165 7, 185 10, 139 8, 99 5, 157 12, 185 9, 143 7, 91 5, 132 15, 178 7, 139 10, 95 7, 88 15, 116 12, 93 12, 127 13, 135 13.3407
BV775DH 21 29 46527.6 171 9, 175 15, 186 7, 112 13, 117 8, 132 10, 116 8, 109 12, 97 9, 190 2.34211
XN933GK 2 16 46534.9 108 15, 148 10, 160 12, 174 5, 175 10, 100 13, 143 8, 120 14, 90 5, 93 9, 135 6, 175 13, 154 5, 166 8, 108 12, 168 5, 179 9.75419
DK374WG 24 25 46538.9 190 9, 91 4.54945
JG569JG 10 20 46540.6 129 6, 100 5, 130 8, 154 13, 143 10, 84 5, 126 5, 91 5, 112 10, 117 13, 158 10, 179 14, 169 0.295858
KY539SB 12 17 46546.2 122 14, 98 8, 150 11, 180 12, 114 6, 183 3.72678
SK693HW 26 27 46552.7 156 11.1154
AX296MA 25 28 46560.6 144 10, 109 12, 111 12, 129 4.83721
JL522CE 13 28 46567.6 181 7, 184 6, 121 5, 110 15, 165 6, 81 7, 129 6, 121 14, 123 14, 126 9, 127 15, 100 5, 179 11, 82 6, 120 15, 131 11, 102 6, 152 14, 185 10, 162 7.66667
LC115LZ 24 27 46573.1 83 12, 148 9, 92 10, 111 13, 157 9, 126 1.12698
EZ607HE 3 12 46578 155 12, 129 10, 189 6, 135 7, 160 14, 170 9, 85 15, 84 8, 152 12.8553
MD498JL 6 8 46587.2 88 12, 150 8, 130 5, 150 2.42667
DR018LW 16 21 46590.9 164 15, 119 9, 103 7, 106 13, 130 8, 121 9, 92 3.57609
EV143PW 24 28 46596.9 95 13, 88 14, 178 13, 175 5, 181 6.47514
DT468JJ 13 17 46603.3 118 11, 149 14, 82 14, 143 12.6993
RT397AW 16 29 46612.6 168 6, 123 14, 177 13, 134 9, 167 6, 187 6, 125 13, 190 13, 118 7, 136 7, 136 15, 104 9, 80 9, 108 8, 155 9, 84 7.5119
KA549PS 13 29 46619.1 167 5, 142 8, 135 7, 141 6, 174 14, 109 11, 189 7, 170 11, 89 7, 176 8, 132 6, 165 5, 108 6, 138 6, 122 6, 122 9, 161 10, 176 5, 178 6, 179 15, 166 12, 80 5.5875
BM569XN 16 25 46627 93 7, 137 7, 102 8, 131 15, 130 11, 129 14, 96 10, 107 7, 173 7, 129 13, 182 12, 99 9.37374
HD692WM 1 29 46635.5 123 10, 171 8, 186 13, 142 5, 125 12, 109 12, 112 6, 93 9, 106 8, 84 12, 123 13, 169 7, 136 7, 174 11, 152 6, 113 12, 89 15, 160 9, 144 7, 122 14, 159 13, 113 5, 94 6, 131 11, 162 14, 120 8, 108 7, 95 11, 121 15, 185 5, 84 12, 148 5, 148 14, 85 13, 176 6.40341
ZB873CS 12 22 46638.5 80 6, 188 9, 181 13, 176 13, 189 14, 180 14, 115 14, 186 11, 82 0.52439
CS876WJ 13 21 46644 171 7, 188 14, 177 14, 186 12, 121 10, 152 7, 91 8, 120 9, 131 6.66412
WH929EC 10 21 46651.6 153 8, 113 8, 87 10, 94 10, 150 9, 105 12, 148 13, 118 6, 90 15, 146 8, 114 8, 119 9, 142 15, 151 3.64901
MD412PP 17 25 46654.7 141 8, 165 14, 160 5, 133 13, 173 13, 122 9, 179 6, 154 14, 110 12, 178 2.97753
JN378MC 1 18 46656.1 130 8, 109 12, 83 5, 101 9, 173 9, 152 7, 102 13, 188 6, 104 11, 185 15, 115 8, 150 7, 150 6, 178 5, 82 12, 153 11, 95 9, 187 11, 142 10, 150 8, 187 6.02674
PB918HK 23 26 46659.7 80 13, 108 12, 102 8, 123 15, 122 12.8934
GL502RS 2 19 46665.2 164 7, 102 9, 113 6, 111 15, 177 12, 128 12, 118 7, 151 8, 97 5, 163 7, 121 10, 164 7, 164 6, 100 15, 123 15, 91 7, 119 14, 179 10, 121 8, 87 9, 149 5, 157 3.80255
NG767MF 5 24 46667.1 81 6, 167 13, 147 13, 182 10, 126 5, 181 5, 170 13, 186 10, 186 14, 176 15, 108 8, 86 12, 163 15, 104 13, 146 9, 184 11, 165 6, 173 15, 101 6.26733
FT567YK 10 18 46670.4 81 10, 101 10, 149 14, 140 15, 152 14, 136 13, 100 11.8
DM542TJ 28 29 46675 110 7.09091
GJ049SL 17 28 46678.8 157 8, 91 14, 110 12, 179 10, 163 15, 82 9, 125 15, 157 9, 162 12, 110 10, 131 12, 182 11, 174 2.12069
SN567BN 19 28 46687 153 8, 129 7, 183 13, 134 6, 89 8, 186 7, 102 10, 162 6, 149 5, 169 14, 116 14, 115 15, 173 4.49711
TZ641WA 12 28 46695.9 184 10, 157 7, 84 11, 170 11, 147 15, 124 9, 163 11, 103 12, 177 15, 127 6, 103 6, 162 13, 174 12, 109 11, 87 7, 139 12, 171 9, 115 12, 93 0.634409
SP639LM 26 29 46698.8 132 5, 145 8, 138 9, 144 0.236111
DA416YF 12 26 46703.5 85 13, 81 13, 181 8, 187 8, 177 13, 142 14, 128 5, 134 6, 136 12, 142 6, 163 7, 180 5, 84 9, 142 15, 127 6, 165 14, 81 6, 125 13, 150 5, 103 2.63107
NY289CZ 13 26 46712.2 164 8, 148 7, 174 11, 138 11, 103 11, 115 6, 86 11, 119 9, 109 7, 180 14, 145 10, 153 8, 158 10, 122 6, 115 9, 173 15, 163 5, 166 4.79518
ZG779VY 10 17 46720.3 152 10, 114 7, 159 15, 115 8, 95 15, 95 15, 115 6.46087
KP805SG 10 29 46728.2 125 13, 180 8, 123 11, 107 8, 136 12, 95 12, 179 14, 128 12, 176 5, 166 13, 122 6, 120 5, 102 13, 148 11, 129 7, 81 5, 125 10, 104 15, 83 11, 92 7, 183 8, 119 12, 179 6.22905
VM642LE 23 28 46734.7 179 8, 89 8, 131 8, 153 8, 122 13, 133 11, 96 14.8021
LP944MX 16 27 46742.8 129 14, 98 13, 103 13, 109 9, 119 15, 100 10, 120 9, 147 9, 153 10, 143 7, 153 6, 185 11, 181 9, 179 9.81564
WC555AY 25 26 46748.1 181 8, 130 5, 177 1.63842
AM775HE 5 23 46748.9 173 13, 107 14, 96 5, 178 7, 90 14, 136 13, 153 14, 81 6, 83 5, 158 10, 139 7, 161 11, 162 9, 125 14, 190 12, 160 13, 160 5, 90 9, 132 7, 99 10, 93 6, 97 5, 112 3.79464
JF140YC 20 27 46757 105 13, 137 9, 107 11, 167 12, 114 14, 103 11, 189 10, 92 12, 152 13, 101 2.23762
XD355LV 1 2 46763.5 185 4.47568
CC657XN 3 22 46764.4 187 6, 105 9, 91 9, 114 11, 139 7, 115 8, 104 5, 140 5, 85 13, 178 11, 137 14, 96 12, 120 8, 172 14, 189 5, 150 10, 141 5, 147 15, 186 7, 93 13, 152 5, 99 14, 144 12.5833
WG912NW 6 19 46772 179 12, 106 5, 187 9, 186 15, 190 8, 182 12, 118 6, 118 14, 156 12, 147 11, 114 9.47368
ZK015RW 4 11 46781.4 82 15, 133 15, 112 8, 141 13, 139 7, 190 9, 96 6, 88 9, 168 3.19643
AM556CV 15 19 46784.6 146 9, 99 14, 136 12, 108 5, 176 1.70455
GE926JJ 2 12 46794.5 97 15, 95 10, 121 14, 107 14, 126 14, 149 14, 85 8, 126 7, 162 13, 157 9, 190 4.53684
AW506WM 16 23 46802.7 165 7, 134 10, 120 10, 81 9, 175 5, 132 9, 174 8, 135 15, 117 7, 116 3.71552
CX912EF 9 28 46804.3 173 5, 86 14, 136 11, 123 14, 130 11, 164 14, 119 13, 142 7, 157 7, 185 9, 185 10, 117 14, 150 10, 81 11, 170 6, 97 9, 157 11, 135 13, 134 12, 105 14, 105 12, 113 2.23009
VC994BF 7 25 46807 158 6, 86 9, 111 9, 172 7, 166 9, 151 7, 184 14, 182 8, 178 13, 101 15, 151 15, 129 7, 182 14, 85 14, 155 10, 164 11, 188 8, 151 6, 154 10.2792
VT020JP 2 3 46814.8 148 6, 129 12, 148 0.364865
LC375VZ 6 18 46818.9 143 5, 100 9, 190 8, 91 12, 84 5, 142 8, 184 14, 187 6, 151 11, 89 14, 152 8, 184 7, 184 11, 95 2
YV863ET 19 26 46826.7 121 14, 124 5, 156 7, 186 5, 115 8, 178 15, 109 15, 81 12, 189 12, 187 6, 151 2.08609
MW092GF 17 29 46836.6 82 15, 165 6, 122 15, 143 7, 150 8, 171 11, 163 14, 188 15, 135 12, 103 5, 81 7, 104 13, 80 14, 99 14.8485
JV291SD 22 23 46839 187 11.7754
VB861FZ 7 19 46848.6 148 5, 157 8, 118 14, 89 5, 175 15, 89 14, 127 7, 140 10, 88 8, 177 14, 166 15, 183 4.45355
WH891RW 25 26 46855.3 165 8, 158 6, 106 1.13208
AT008HW 19 20 46863.1 80 7, 175 9.76
HD747SN 26 28 46864.7 101 10, 159 8.21384
VJ778JG 10 18 46872.9 147 6, 132 9, 125 12, 89 8, 129 9, 150 10, 154 15, 89 12, 119 6.39496
FE635RG 5 25 46877.2 141 8, 97 5, 166 6, 135 12, 179 5, 99 10, 82 9, 188 6, 81 7, 150 13, 129 10, 92 6, 164 7, 171 12, 154 7, 139 13, 154 15, 149 15, 99 15, 109 5, 162 9, 173 9, 98 15, 167 11, 99 10, 150 1.99333
SM448XG 10 26 46878.8 132 15, 158 11, 187 5, 104 14, 173 12, 105 10, 129 9, 152 8, 119 14, 156 13, 116 8, 124 5, 163 6, 137 10, 116 11, 146 13, 163 5, 135 13, 129 8.15504
XR225DL 26 29 46883.7 123 9, 138 12, 104 3.20192
TL520KF 20 29 46884.9 136 9, 116 6, 143 9, 137 8, 158 7, 143 15, 124 9, 184 15, 148 13, 110 10, 81 7, 153 0.294118
JX695HS 18 19 46885.4 135 5.02222
BB986HF 9 10 46894.9 151 12, 189 0.190476
XZ049JS 2 21 46897.8 112 13, 190 9, 131 14, 95 12, 87 8, 82 10, 165 12, 113 5, 144 6, 89 6, 179 12, 146 6, 174 10, 156 12, 89 13, 166 11, 125 10, 169 6, 103 9, 147 15, 119 15, 176 9, 132 1.67424
ZE755NT 25 27 46902.9 130 8, 116 8, 118 13, 158 3.92405
NA617LT 4 13 46906.6 88 15, 142 11, 144 5, 114 14, 88 11, 187 10, 110 14, 151 13, 180 6, 167 0.461078
CR120NA 21 22 46909.9 190 4.54737
FY314AF 11 29 46914.2 171 12, 136 9, 132 6, 162 6, 87 7, 121 7, 130 8, 130 13, 113 15, 171 12, 127 8, 149 13, 189 7, 100 13, 139 15, 90 14, 100 6, 116 9, 165 7, 187 7, 109 12, 89 11, 179 0.50838
HM855WY 20 27 46918.4 88 5, 93 15, 149 6, 106 11, 143 9, 111 14, 152 15, 98 9, 157 15, 103 6, 190 4.38421
VG641VE 27 28 46924.2 95 6.12632
XK287BX 15 18 46929.8 170 10, 160 10, 158 7.55696
XW845RJ 26 28 46930.3 111 13, 82 5, 135 3.42963
NN205JV 20 24 46936.1 145 5, 130 8, 109 10, 88 14, 103 14, 183 7, 84 7, 116 0.517241
XF795LM 22 28 46941.8 176 14, 157 6, 172 15, 97 9, 103 13, 184 12, 124 5.5
DZ096MA 23 24 46944.1 179 10, 175 1.53143
BX354NN 19 21 46952.7 87 9, 153 11, 98 11, 85 12.4471
YT692RT 21 24 46959.3 136 13, 90 15, 176 11.3977
MG609VL 1 19 46966.4 111 10, 99 10, 102 15, 83 6, 163 6, 143 6, 87 14, 146 7, 150 7, 111 13, 188 14, 123 6, 114 7, 85 12, 169 8, 176 8, 80 7, 126 10, 103 12, 149 9, 98 11, 96 14, 189 5.11111
ZK614KL 23 28 46967.8 185 5, 155 5, 132 7, 174 14, 122 10, 190 6, 176 8.32955
TY612NC 13 15 46970.5 98 8, 109 7, 153 11, 132 3.71212
DX308RM 18 25 46980.1 148 5, 147 13, 90 13, 153 6, 172 13, 180 8, 165 14, 114 6, 112 9.99107
RE320JP 3 16 46985.1 98 15, 96 8, 149 6, 87 10, 141 12, 126 11, 169 13, 134 13, 167 10, 129 15, 93 7, 151 12, 92 5, 96 9, 121 10.0413
TM763FP 21 22 46989.3 164 5.26829
XM724RB 28 29 46995.7 140 5.57143
HB675NV 7 8 47003.5 182 8, 83 9.27711
HC428XX 17 20 47008.4 161 10, 174 6, 126 12, 120 5.38333
DP171NZ 13 22 47017.6 149 5, 151 14, 181 15, 149 6, 111 7, 155 7, 186 15, 160 13, 108 7, 167 2.40719
MD932YS 15 17 47020.7 87 10, 156 10, 155 1.27742
SH759PV 3 25 47027.8 143 15, 183 11, 171 5, 90 7, 84 5, 128 6, 172 9, 99 10, 141 7, 95 11, 87 13, 126 9, 122 11, 132 9, 168 9, 160 5, 132 15, 116 8, 117 14, 138 5, 100 11, 185 12, 158 10, 93 5, 151 11, 151 11, 139 8, 84 14, 97 2.50515
PT830GH 27 29 47033.1 81 12, 170 2.29412
LH237LE 14 21 47040.8 179 15, 87 8, 182 14, 154 13, 190 11, 121 5.59504
ZG993JD 15 21 47042.4 166 15, 116 6, 114 12, 163 9, 99 5, 167 7, 129 15, 167 0.922156
SM634TW 16 27 47044 177 6, 115 14, 150 9, 93 5, 104 12, 140 13, 94 8, 126 9, 108 9, 112 12, 81 10, 186 12, 106 9, 92 8, 159 13, 126 7.15873
KN869PC 12 29 47049.3 91 5, 91 8, 112 11, 88 10, 130 13, 188 7, 89 12, 134 13, 155 7, 90 7, 165 12, 181 12, 114 9, 110 6, 105 13, 179 13, 114 15, 157 14, 152 11, 127 12.6772
RV708HG 23 24 47049.8 108 8, 154 7.75325
TK039RB 1 9 47055.7 90 15, 162 13, 190 9, 114 15, 146 6, 170 10, 120 13, 91 7, 155 7.56774
VS289DD 11 27 47062.7 131 9, 183 5, 170 9, 111 15, 151 14, 143 11, 169 15, 168 10, 124 9, 158 12, 86 13, 93 5, 146 15, 143 14, 129 13, 184 5, 148 14, 88 4.21591
VZ624PN 24 25 47069.8 116 8, 107 11, 111 0.171171
PZ482FB 11 24 47074 146 15, 102 7, 176 15, 130 11, 85 14, 81 12, 112 11, 189 11, 181 14, 158 9, 190 8, 151 8, 97 14, 115 2.46087
LS189HJ 7 12 47075.3 149 14, 135 11, 112 13, 140 10, 182 0.554945
NS810MA 24 26 47081.7 164 14, 108 15, 141 4.22695
BC135JT 1 14 47090 144 15, 142 6, 120 13, 152 14, 111 11, 119 13, 121 8, 148 12, 141 15, 92 7, 83 8, 157 13, 167 9, 178 6.48876
HD114EE 14 22 47097.5 186 11, 121 6, 113 12, 143 11, 88 10, 151 15, 189 6, 110 5, 177 5.83051
JM120HC 17 26 47099.7 142 5, 102 15, 126 5, 103 8, 171 7, 184 10, 119 13, 126 12, 132 14, 153 8, 178 7, 91 13, 162 6, 153 3.39216
XN457VY 17 22 47107.2 185 10, 169 5, 95 13, 116 13, 178 6, 147 10.2313
EA483HV 25 27 47109.8 179 6, 167 7, 177 10.6158
AG140BY 7 10 47112.9 85 15, 174 7, 103 11, 159 5, 106 5.27358
BX445BX 3 5 47119.4 172 13.6744
JJ870HE 19 25 47121.4 148 6, 145 5, 188 5, 154 8, 141 7, 80 13, 105 13, 132 7, 92 8, 154 11, 111 11.8829
TY839RA 22 23 47123.9 140 9, 186 5.06452
KV461AG 1 28 47127.5 98 8, 115 13, 118 11, 97 7, 175 8, 175 13, 113 13, 188 13, 131 5, 99 13, 177 13, 80 9, 105 14, 111 12, 170 9, 107 11, 136 11, 176 12, 106 6, 144 6, 132 11, 80 13, 125 10, 190 15, 80 15, 90 14, 108 8, 95 14, 177 15, 83 11, 107 6, 115 0.904348
MB882AM 27 28 47136.7 113 5.15044
GH078XX 10 26 47146 165 11, 149 15, 134 13, 185 14, 185 5, 174 11, 141 13, 136 7, 139 5, 143 9, 188 11, 84 13, 82 13, 132 8, 164 11, 111 12, 135 8, 86 5.95349
LX401SB 23 26 47155.9 127 14, 154 15, 148 10, 108 9, 83 0.361446
TH833LR 13 14 47162.7 168 14, 133 3.33835
LW874LZ 3 7 47163.8 184 6, 184 15, 82 10, 187 9.02674
NV836EY 1 18 47168.2 152 7, 95 14, 86 6, 176 12, 125 9, 101 9, 82 7, 147 5, 179 11, 163 10, 151 15, 126 10, 116 12, 138 11, 110 9, 125 11, 134 8, 164 15, 112 5, 165 5.4303
KG755DA 20 23 47172.1 118 6, 154 7, 160 15, 150 7, 111 1.47748
NY260KZ 28 29 47177.2 145 5.37931
PE155AJ 25 29 47182.2 142 7, 113 12, 86 6, 113 5, 168 6, 114 9.16667
VM696XG 25 27 47191.1 178 13, 153 7, 179 4.11732
GR685MS 2 18 47197.2 159 8, 129 12, 108 15, 92 8, 172 15, 103 11, 154 8, 115 13, 172 14, 155 15, 175 5, 123 8, 157 15, 137 9, 157 13, 80 6, 88 6.89773
SP612DD 16 27 47203.8 187 7, 141 11, 125 7, 167 13, 165 7, 86 8, 101 8, 87 9, 110 9, 144 6, 169 8, 142 6, 140 5, 122 8, 157 13, 86 14, 98 8, 100 3.55
YX626SS 4 15 47207.6 83 12, 156 7, 112 9, 163 6, 89 9, 111 12, 103 5, 190 8, 124 15, 135 14, 160 13, 81 8, 103 8, 151 5.77483
GT147YN 4 17 47208.6 99 6, 133 12, 186 11, 111 6, 141 10, 182 9, 131 13, 116 10, 189 6, 131 11, 152 13, 182 13, 173 6, 156 1.76923
HM401FP 16 29 47209.1 156 13, 174 13, 137 9, 120 10, 143 10, 90 12, 90 7, 161 8, 107 15, 189 13, 168 5, 103 7, 85 12, 185 7, 154 10, 170 1.12353
FB337HP 25 27 47212.1 119 9, 171 8, 175 9, 96 1.125
TY757VV 26 27 47218.1 138 9, 165 2.98182
BH725PK 24 25 47219.7 107 11, 80 10, 87 1.68966
BJ035KS 3 13 47223.8 146 5, 99 10, 149 11, 116 15, 147 14, 116 15, 144 8, 98 6, 174 15, 81 11, 187 0.438503
FE473ZF 2 22 47226.4 133 10, 81 12, 163 7, 175 12, 86 6, 183 15, 150 10, 156 5, 155 14, 178 11, 175 8, 80 5, 122 7, 101 11, 127 10, 168 13, 106 14, 86 13, 160 5, 173 15, 177 6, 178 8.86517
VZ471CE 12 28 47229.6 83 15, 93 9, 134 5, 127 5, 131 12, 112 5, 98 15, 139 9, 92 7, 112 6, 152 7, 98 9, 125 5, 164 9, 136 5, 184 14, 142 14, 104 8, 89 10, 180 9, 173 9, 183 14, 167 2.74251
WK963NZ 17 29 47232.9 179 5, 121 15, 146 12, 167 13, 86 11, 150 6, 109 5, 108 14, 182 15, 88 7, 83 7, 126 5, 160 6, 171 14, 138 6, 160 3.76875
RJ815HE 5 17 47237.1 162 5, 116 12, 114 8, 87 12, 103 12, 103 14, 171 9, 150 15, 155 15, 153 9, 136 6, 80 13, 147 12, 90 2.98889
HM322KC 13 27 47239.7 137 7, 115 6, 132 15, 118 14, 144 12, 124 11, 130 5, 112 9, 109 12, 115 10, 189 15, 83 5, 116 6, 123 9, 159 10, 93 7, 113 9, 97 9, 144 12, 178 8, 113 0.345133
PR324WX 9 15 47241.6 154 8, 152 15, 145 10, 103 7, 188 6, 85 13, 177 2.93785
GD588EB 2 6 47245.1 97 14, 82 15, 174 12, 120 13, 118 10, 88 4.56818
DF012YK 9 18 47251.8 86 9, 98 14, 91 7, 99 11, 91 5, 178 12, 81 12, 98 6, 164 11, 111 8, 145 10, 109 7.01835
ZP062KW 15 19 47259 157 13, 164 12, 163 7.13497
LH079BD 23 24 47263.1 156 6, 156 7.19231
HG175WJ 9 14 47267.3 104 15, 82 7, 80 15, 118 14, 86 6, 142 14.1549
HG899DH 25 27 47269.9 115 12, 144 14, 118 6.15254
GY812NB 24 28 47277.7 149 14, 95 5, 156 9, 154 5, 82 8, 124 11.5887
VD449LS 23 25 47282.7 110 5, 113 10, 161 13, 102 4.0098
VM598AN 15 25 47290.8 87 5, 155 14, 84 5, 183 9, 140 14, 119 13, 165 7, 135 10, 157 13, 112 5, 116 9, 140 6, 110 5, 178 7.32022
NX432LJ 3 13 47299.7 90 9, 124 13, 106 6, 135 15, 80 10, 153 14, 179 12, 98 12, 138 11, 137 9.87591
GF780NH 25 27 47301.7 137 11, 102 10, 92 6, 136 7.66912
AT494MB 26 28 47310.6 148 8, 166 6.81928
VB559TT 6 9 47316.6 156 5, 160 13, 128 10.2812
BH792GR 12 17 47322.5 165 14, 190 12, 132 13, 131 10.3969
SK312GX 23 24 47331 96 15, 80 7.725
VW262FB 24 26 47333.3 102 11, 108 13, 149 13, 125 0.392
LP538JZ 19 23 47334.8 123 9, 173 12, 149 5, 101 10, 102 12, 179 8.41341
NN637XN 15 25 47342.8 104 12, 148 12, 122 12, 166 6, 105 8, 102 13, 104 10, 98 13, 175 12, 156 8, 80 7, 165 11, 111 10, 141 1.59574
JB575FP 26 27 47343.9 108 5, 171 6.98246
BM590CV 4 15 47348.7 84 10, 146 13, 184 14, 94 8, 143 14, 116 15, 181 14, 143 8, 122 7, 89 5, 122 10, 144 2.85417
XF741GV 7 23 47357.5 167 12, 102 13, 152 14, 129 15, 184 8, 146 7, 145 6, 165 11, 182 13, 154 11, 164 8, 113 9, 82 10, 157 15, 167 10, 175 3.44
JB419TF 28 29 47361.5 161 4.84472
MG416HY 12 16 47366.3 113 12, 92 7, 139 13, 80 6, 182 13.4011
YV281XY 22 26 47373.3 181 9, 80 11, 151 14, 80 9, 102 10, 135 12, 159 4.96226
DF081KK 12 18 47378.2 121 15, 178 15, 129 13, 131 5, 123 12, 152 8.16447
EA022JL 10 28 47379.5 88 9, 154 8, 136 13, 154 8, 114 6, 98 13, 114 15, 82 12, 171 11, 188 8, 94 12, 146 14, 111 14, 141 12, 118 7, 150 13, 142 12, 156 15, 160 12.5937
JR828TY 11 14 47382.4 82 14, 121 6, 136 13, 178 7.34831
WK679VA 15 21 47391 157 8, 148 8, 113 5, 123 13, 95 15, 137 12, 168 10, 162 2.59877
VN648ME 22 26 47395.2 97 8, 173 5, 108 15, 171 12, 148 10, 167 5, 137 8, 183 0.262295
CE561GA 24 26 47401 170 15, 93 14, 124 5, 143 0.27972
XX739BS 12 15 47403.7 112 8, 144 11, 101 9, 125 13, 150 0.173333
TL410WF 15 23 47409.2 117 15, 180 11, 172 13, 81 14, 120 11, 166 7, 155 12, 152 8, 186 0.951613
FV765ZC 1 17 47409.7 157 8, 107 7, 111 11, 154 10, 136 8, 149 12, 154 6, 168 13, 157 10, 141 7, 176 13, 161 8, 152 8, 108 13, 147 13, 177 7, 162 7.61111
ET744XE 2 11 47417 105 9, 145 11, 141 12, 111 13, 113 9, 123 15, 148 15, 156 10, 104 12, 190 5.21579
MP061NC 2 24 47424.4 117 13, 98 5, 92 8, 157 14, 157 10, 129 13, 131 12, 161 12, 162 13, 172 10, 178 10, 170 6, 83 15, 87 12, 145 12, 122 5, 95 10, 177 14, 87 14, 149 5, 109 9, 186 14, 124 8, 152 11, 93 7.8172
TC756KZ 20 23 47429.8 177 13, 156 8, 141 11, 118 2.54237
AC089SA 18 23 47435.2 172 5, 92 9, 148 6, 85 10, 154 6, 113 11, 153 7, 119 8, 174 4.1954
BM061NG 7 29 47442.9 87 5, 122 15, 118 5, 84 13, 172 12, 112 9, 89 10, 124 7, 190 8, 183 13, 155 15, 180 8, 86 14, 86 7, 181 9, 166 9, 107 8, 130 12, 134 13, 86 6, 161 12, 111 8, 157 14, 96 6, 91 14, 94 12, 121 0.280992
DV721ZX 18 20 47449 141 13, 171 6.50877
ZW612ZV 17 19 47456.6 182 8, 149 7.30201
MC462DE 17 25 47464.1 179 14, 149 9, 158 10, 133 10, 107 12, 113 15, 117 11, 139 8, 114 5, 183 9.22951
VH347EW 17 25 47465.4 122 13, 100 13, 101 10, 114 9, 124 13, 102 14, 118 14, 89 15, 121 13, 96 15, 80 5.4
AM020CT 28 29 47471.8 165 4.72727
CV789YL 22 28 47474.6 184 6, 147 14, 138 8, 90 13, 80 15, 149 15, 80 10, 122 10, 108 1.82407
WC686MH 1 9 47478.1 147 6, 152 13, 97 13, 121 11, 140 7, 136 9, 80 5, 89 15, 153 15, 126 9.03175
CP321VV 8 13 47483.6 160 15, 102 10, 130 9, 179 5.76536
YR217CJ 27 28 47490.1 154 3.77922
JD045ML 16 19 47491.7 110 14, 144 13.5139
VA019AM 14 16 47496.2 133 8, 156 8, 141 2.11348
JV834RJ 4 10 47504 95 8, 134 8, 138 14, 88 6, 190 7, 175 6, 171 15, 90 6.56667
HK219RM 17 21 47510.5 142 6, 111 14, 149 10, 99 8, 85 10, 159 6, 82 5, 143 1.70629
WF597VT 4 19 47513.8 105 9, 96 9, 133 12, 113 8, 87 15, 113 5, 128 9, 163 15, 90 12, 160 14, 82 8, 117 9, 180 9, 93 9, 102 10, 184 11, 120 8, 167 1.92814
NN114YX 19 27 47521.6 102 12, 128 7, 123 11, 138 8, 88 15, 97 8, 95 9, 85 15, 181 9, 157 5, 122 12, 139 5, 162 14, 160 2.05
BV748BP 25 26 47531.1 132 15, 175 2.33143
KD353CG 3 15 47540 145 13, 110 9, 94 9, 182 14, 165 11, 126 10, 164 15, 83 8, 159 9, 92 13, 144 13, 96 10.1354
NX481ZD 27 29 47546.1 189 7.20635
XJ544DE 20 26 47548.8 165 7, 135 8, 113 12, 182 10, 112 11, 94 9, 186 10, 175 14, 89 1.92135
SR799BR 27 28 47551.1 166 3.50602
GH954KN 13 21 47553.8 112 5, 186 7, 171 13, 163 13, 142 10, 119 13, 178 10, 183 13.8962
BR295WE 5 29 47561.3 145 10, 108 5, 128 12, 137 14, 167 15, 87 11, 101 11, 107 15, 127 14, 177 12, 169 5, 106 13, 184 8, 156 7, 125 15, 121 14, 98 15, 175 12, 138 5, 186 7, 155 10, 189 11, 101 5, 145 7, 85 8, 88 12, 181 9.76243
SM676VJ 27 29 47562.6 189 7.20635
FD128KW 24 26 47566.5 161 12, 130 10, 171 7.48538
VF623FM 20 23 47571.8 147 10, 186 10, 108 12, 178 4.34831
YL136BH 17 21 47575.6 181 15, 183 9, 168 14, 134 3.22388
NW661SF 13 27 47582.2 122 12, 91 13, 82 7, 161 10, 109 8, 176 6, 148 15, 90 14, 151 14, 95 5, 109 10, 124 11, 167 5, 141 8, 85 8, 137 6, 82 11, 162 15, 179 6, 139 10, 107 3
CT439GM 23 24 47588.2 110 5, 141 6, 185 3.57838
NY075KR 6 24 47589.3 159 5, 152 7, 139 11, 120 11, 127 14, 170 12, 176 8, 177 5, 105 13, 91 13, 82 11, 90 14, 170 12, 186 7, 120 8, 101 9, 101 5, 101 10, 96 8, 100 7, 179 15, 114 9.66667
TR459XZ 25 27 47597.4 172 7, 174 8, 185 8, 110 0.418182
BL999VP 16 28 47605.5 112 7, 127 13, 113 12, 127 14, 142 10, 166 7, 167 13, 121 10, 96 8, 103 10, 141 5, 141 14, 143 11, 108 12, 128 9, 130 0.0769231
KC375XE 9 22 47612.2 154 11, 144 10, 114 8, 157 9, 158 6, 141 11, 136 15, 152 11, 97 10, 85 8, 137 13, 123 10, 97 12, 134 11.7836
VZ112RY 16 17 47615.4 181 5.20442
VZ677YN 20 29 47619.7 129 7, 158 7, 161 13, 114 11, 101 10, 101 12, 184 12, 168 12, 108 14, 93 14, 129 3.48837
EV941EV 25 28 47626 162 8, 99 11, 110 11, 169 6.56213
AV161AB 5 22 47628.2 159 6, 164 14, 105 9, 148 6, 173 11, 124 15, 86 11, 92 7, 181 6, 90 11, 189 13, 118 8, 111 11, 126 12, 158 14, 177 9, 118 11, 98 5, 174 11.4195
HB164AH 12 25 47636.1 94 7, 179 13, 170 13, 141 7, 114 8, 173 12, 96 14, 179 8, 120 15, 142 13, 84 6, 175 8, 175 9, 88 14, 163 10, 143 0.902098
ND806HR 1 11 47640.2 141 13, 133 8, 155 8, 90 15, 113 6, 156 6, 175 13, 106 15, 182 14, 119 15, 90 0.944444
ZM370ZZ 20 25 47647.3 182 12, 103 13, 131 7, 161 7, 119 5, 94 8, 156 11, 143 6.65734
DW134BZ 25 29 47647.8 170 11, 178 13, 95 13.6842
WZ627CN 11 24 47648.4 138 5, 94 13, 147 12, 113 6, 105 12, 125 15, 98 8, 126 12, 189 11, 114 11, 95 11, 81 9, 169 12, 135 15, 114 12, 149 3.08054
FL172GT 17 27 47652.3 143 6, 85 8, 128 6, 168 6, 129 9, 168 14, 144 12, 162 5, 144 11, 182 5, 90 6, 178 13, 131 6, 119 6, 147 13, 113 3.46903
JN061HY 28 29 47657.8 128 6.09375
FN332JL 6 21 47666.1 156 11, 103 8, 135 7, 169 15, 168 13, 146 14, 108 5, 106 8, 108 14, 127 11, 146 13, 134 14, 142 5, 117 10, 102 5, 108 12, 156 2.44231
BX125FP 14 16 47675.4 98 15, 190 6
TR057GT 12 18 47678.5 188 13, 178 12, 141 11, 166 13, 133 9.3609
HK496XV 1 23 47687.3 84 13, 125 14, 172 12, 123 8, 155 11, 115 15, 80 13, 144 14, 154 11, 85 15, 104 7, 141 14, 128 7, 178 13, 134 9, 125 15, 181 8, 89 6, 188 13, 127 8, 146 5, 173 13, 132 10.1439
FK595EF 15 28 47696.2 157 10, 108 12, 137 9, 87 5, 146 15, 154 15, 171 6, 104 6, 97 15, 158 5, 127 6, 140 11, 146 12, 135 5, 148 11, 157 7, 142 7, 162 2.14198
GN890ZV 10 14 47698.4 171 13, 167 11, 106 9, 121 5.3719
MG286SL 28 29 47707.8 154 5.06494
KR244SB 2 14 47716.2 102 8, 116 13, 182 8, 144 12, 172 9, 169 7, 157 12, 184 5, 146 6, 190 7, 108 12, 111 6, 155 15, 136 6, 142 6, 90 3.35556
MK959YD 7 13 47719.2 113 6, 109 15, 187 15, 92 10, 128 6, 80 7, 130 3.70769
GS673BE 16 29 47720.6 142 6, 145 5, 126 9, 151 8, 129 14, 83 7, 181 9, 108 14, 145 15, 169 8, 152 11, 190 10, 121 6, 104 7, 87 7, 190 5, 124 10.1694
BZ875LS 1 20 47724.9 176 11, 138 13, 97 12, 168 6, 101 15, 161 14, 174 8, 172 6, 143 7, 127 6, 187 12, 165 9, 133 8, 113 13, 143 11, 107 8, 116 8, 86 8, 105 12, 138 12, 150 10.78
YC970HJ 15 26 47726 133 7, 155 6, 97 9, 92 10, 177 8, 147 6, 82 5, 124 12, 96 9, 121 13, 164 15, 152 5, 81 11, 126 14, 157 6, 106 9, 168 5, 152 3.36842
DV559ZD 18 20 47733.1 159 9, 86 14, 183 1.69945
ZA418PS 22 24 47737.1 97 10, 98 13, 180 8, 155 3.71613
WH330LN 5 9 47738.8 97 7, 150 13, 164 5, 179 15, 89 5, 141 4.06383
XG194SX 25 29 47739.8 112 15, 150 14, 143 10, 165 1.66061
ZZ287SC 1 16 47742 118 15, 101 14, 131 7, 133 10, 131 14, 146 6, 164 13, 131 5, 139 5, 152 8, 122 5, 146 8, 160 12, 133 9, 118 6, 167 14, 153 10, 146 4.34247
TH236DM 8 9 47748.9 134 6.76119
BG800MJ 15 26 47756.3 81 14, 97 10, 180 14, 130 6, 130 10, 157 7, 117 12, 174 15, 145 7, 132 5, 185 10, 176 14, 180 8.91111
XL558YR 8 16 47762.2 109 8, 139 9, 91 13, 176 5, 176 7, 104 14, 156 11, 132 5, 109 10, 98 7.02041
GE598DF 15 25 47763.6 112 6, 112 13, 168 15, 158 12, 96 9, 115 8, 188 7, 154 5, 154 8, 155 6, 131 6, 108 8, 168 11, 188 5, 136 0.0588235
FB964PM 13 19 47765 100 10, 83 14, 164 8, 93 14, 186 7, 85 14, 94 15, 130 1.64615
HR652CY 5 11 47769.3 148 8, 189 15, 136 15, 84 7, 101 8, 130 8, 130 7, 151 2.04636
HZ973RW 14 21 47771.5 105 7, 153 10, 115 14, 178 10, 121 9, 164 8, 146 11, 127 6, 163 1.68098
ZV330CZ 17 28 47779.4 154 9, 189 8, 188 10, 115 9, 159 13, 146 10, 149 11, 171 5, 122 10, 186 5, 97 9, 139 7, 86 5, 167 6, 124 9, 88 8, 172 0.0930233
RY874DM 19 20 47780.9 138 14, 147 2.28571
AT386HG 21 24 47783.3 189 15, 157 5, 129 11.6589
ZE657YD 17 18 47786.7 166 11.241
RV457TN 9 27 47794 162 13, 121 11, 151 11, 95 14, 152 12, 116 15, 89 8, 82 14, 144 14, 172 11, 150 12, 119 10, 143 15, 80 13, 177 8, 173 8, 120 10, 168 8, 168 9, 112 7.04464
BM970PN 9 28 47800.1 186 8, 134 14, 123 10, 104 12, 183 12, 131 11, 80 12, 88 7, 133 12, 155 7, 93 7, 99 9, 85 15, 157 8, 145 5, 152 8, 181 14, 147 15, 132 11, 121 15, 173 12, 91 3.62637
KV414HP 13 27 47805.3 84 13, 132 10, 160 13, 82 6, 99 7, 181 9, 109 9, 136 13, 82 11, 99 5, 165 11, 126 11, 161 9, 105 12, 114 9, 150 6, 132 13, 158 11, 134 11, 139 4.66187
DB612KS 24 28 47807.1 173 15, 156 12, 174 7, 162 7.05556
SG557MR 10 17 47809.4 82 9, 181 8, 163 5, 188 12, 83 6, 107 10, 97 14, 119 8.68067
ZV871TK 4 22 47814.9 189 10, 82 10, 103 10, 98 9, 147 9, 115 9, 189 12, 172 13, 179 5, 144 6, 86 6, 173 9, 139 14, 170 11, 170 6, 148 12, 90 5, 90 11, 121 7, 145 14, 107 7.56075
RC413PL 21 25 47815.6 112 14, 148 13, 135 12, 89 13, 185 5.29189
ME254AV 17 23 47818.5 117 5, 118 14, 159 6, 95 6, 125 14, 91 5, 89 11, 138 15, 183 6.54098
WW807KE 12 19 47826.4 179 9, 179 13, 142 9, 155 14, 183 12, 156 4.03846
VM909YJ 6 25 47831.9 101 5, 176 15, 125 7, 141 14, 154 12, 178 9, 175 5, 133 8, 85 9, 118 9, 127 13, 166 13, 181 14, 163 14, 184 7, 135 12, 121 7, 126 8, 129 12, 87 10, 109 5.66972
ZK650JA 9 11 47838.1 84 10, 96 14, 123 3.07317
HA592PM 23 25 47842.3 102 7, 98 9, 89 7, 89 7, 107 12, 167 0.335329
JE552CW 21 28 47846.7 89 5, 175 14, 87 6, 176 5, 93 8, 101 5, 115 12, 99 8, 177 12, 157 6, 98 11.9184
DY197WL 23 25 47851.1 156 6, 80 13, 80 5, 112 5, 143 8.71329
XJ668WX 9 23 47855.3 145 7, 110 5, 163 5, 176 9, 88 11, 148 7, 134 6, 131 15, 133 10, 102 7, 90 7, 156 11, 178 5, 171 14, 189 10, 163 5, 182 11.8681
CE283XK 24 26 47862 87 7, 95 7, 134 6, 181 13.4475
JX872GB 21 27 47868.4 160 14, 107 7, 106 15, 131 7, 111 6, 123 12, 149 9, 124 15, 140 3.79286
CE720JB 27 28 47871.3 178 3.26966
PN064EG 23 25 47872.8 167 15, 174 9.63793
FB249SN 16 23 47873.3 164 11, 98 9, 153 7, 172 12, 80 6, 187 10, 156 5, 89 13, 141 7.41844
ZF781BX 2 8 47877.8 175 12, 97 6, 189 15, 83 12, 139 9, 172 9, 170 10.4471
FV844EL 26 27 47879 101 12, 162 3.22222
ZH229DG 11 23 47880.1 107 14, 135 14, 113 8, 89 7, 177 5, 88 15, 141 15, 100 10, 100 12, 95 11, 120 9, 103 10, 127 5, 181 11, 147 10, 129 0.217054
VR054FM 14 25 47888.5 81 6, 178 13, 88 9, 119 11, 116 9, 112 11, 153 8, 121 11, 162 5, 158 12, 124 9, 128 15, 94 13, 88 10, 143 2.58741
CS708WS 18 29 47896.2 164 12, 102 14, 139 6, 125 6, 100 6, 158 11, 110 7, 159 8, 187 8, 162 5, 90 7, 98 5, 116 13, 98 14, 106 7, 108 6, 83 11.5181
AZ013XN 4 16 47904.7 158 6, 120 12, 129 8, 126 8, 169 5, 187 14, 173 5, 139 8, 97 10, 121 5, 124 12, 106 10, 152 8, 168 14, 140 3.87857
HB992JX 11 15 47913.9 128 7, 173 6, 101 11, 144 9, 82 10, 111 6.42342
MD979AL 5 15 47915.2 162 10, 173 13, 153 7, 96 14, 144 11, 136 14, 138 15, 159 12, 132 9, 105 6.19048
FN962PA 17 26 47918.1 126 8, 93 15, 114 6, 148 12, 95 8, 83 12, 97 9, 125 10, 164 10, 148 10, 190 13, 98 7, 98 9, 185 4.76757
LS232WH 3 18 47923 185 12, 183 15, 126 10, 166 14, 88 5, 180 10, 85 12, 116 15, 115 9, 141 11, 112 15, 159 11, 158 11, 154 6, 83 2.50602
BW730JH 22 28 47930.1 185 10, 165 14, 147 11, 159 5, 172 6, 100 7, 91 6, 167 10, 112 5.07143
YM721MG 24 29 47939.5 124 15, 119 14, 177 9, 120 13, 121 7.67769
AE041ZW 23 29 47947.6 101 7, 139 7, 150 5, 87 10, 188 5, 83 6, 140 9, 190 14, 96 5, 120 4.4
WW891DA 17 21 47951.5 105 13, 86 11, 134 13, 103 8, 155 6, 177 5, 159 2.85535
CG797MV 10 18 47953.9 112 5, 156 7, 96 14, 104 12, 185 15, 80 15, 152 15, 184 3.16848
FN821LW 25 28 47958.1 178 13, 89 5, 173 11.2428
JR446JJ 21 26 47960.7 166 15, 128 11, 189 12, 81 5, 166 5, 114 8, 168 7.875
AY238MP 16 28 47965.6 109 13, 107 11, 121 9, 88 7, 162 10, 132 6, 140 7, 156 8, 133 14, 146 10, 99 7, 184 13, 130 10, 134 5, 158 10, 186 6.15054
FN658RW 1 8 47969.9 85 8, 82 14, 137 11, 147 6, 187 5, 161 7, 179 11, 96 8, 166 11, 136 7.89706
HC021WW 8 25 47975.4 188 13, 174 7, 175 6, 152 7, 110 8, 176 11, 183 5, 115 8, 94 13, 182 9, 185 14, 171 12, 132 11, 99 13, 80 5, 120 6, 157 7, 190 13, 182 5.53297
BD094CH 13 17 47983.7 107 11, 163 7, 91 6, 97 10, 152 13, 106 5.07547
MG671EA 9 17 47987.9 118 9, 167 8, 123 15, 140 8, 189 13, 101 11, 137 14, 88 2.44318
HV379TX 15 21 47997.7 85 7, 91 14, 134 10, 161 13, 146 6, 106 14, 166 12.7229
XE629LR 10 24 48006 162 6, 137 15, 89 9, 167 8, 132 14, 172 6, 153 13, 174 5, 154 15, 87 14, 176 9, 87 7, 93 9, 105 5, 189 6, 119 11, 132 8.00758
JX610FH 13 21 48007.8 140 5, 144 12, 128 7, 129 11, 101 15, 153 6, 100 15, 103 15, 130 12, 81 15, 160 3.1125
PV278TD 10 11 48017.2 185 3.85946
XZ720NC 15 22 48021.9 125 6, 80 7, 147 8, 97 7, 100 14, 131 8, 167 11, 176 13, 151 5.96026
HJ131XS 8 21 48029.2 163 14, 113 12, 100 14, 190 12, 128 9, 128 10, 118 14, 127 14, 164 8, 159 6, 163 6, 163 15, 189 1.30688
XF403GW 4 14 48033 139 8, 144 5, 148 5, 111 11, 119 7, 171 9, 91 10, 180 10, 108 11, 90 9, 115 13, 160 14, 114 7.75439
PY746LL 13 23 48036.3 171 6, 147 12, 118 15, 84 13, 158 6, 165 11, 127 14, 97 15, 121 5, 85 7, 150 10, 139 6, 106 9, 166 2.55422
MS117BS 16 18 48044.7 113 12, 154 9.42857
SZ696DD 7 12 48046 83 10, 114 9, 183 9, 92 8, 129 10, 189 5.28571
JY698MX 16 21 48046.5 131 11, 156 7, 122 13, 181 6, 130 13, 92 12.9674
RJ666GW 20 26 48050.2 159 8, 100 10, 165 10, 134 9, 86 7, 155 10, 128 10, 141 8, 136 15, 151 1.60265
PR508FM 2 29 48052.8 133 8, 87 15, 92 11, 141 13, 144 12, 147 15, 123 7, 161 9, 155 8, 171 8, 103 15, 114 12, 125 6, 176 9, 174 14, 187 14, 167 12, 124 6, 113 11, 133 14, 146 8, 103 9, 153 15, 120 12, 127 8, 88 7, 132 10, 123 8, 171 10, 165 7.52121
SR260LD 13 17 48062 108 6, 133 5, 178 13, 167 8, 117 11.8376
LN296YG 10 24 48065.3 149 12, 161 8, 133 11, 151 6, 182 9, 81 8, 188 8, 103 10, 179 5, 133 5, 178 9, 189 9, 144 6, 136 9, 135 10, 115 9, 136 12, 179 1.41341
DP143FA 3 6 48073 163 7, 93 14, 88 12, 155 6, 130 6.91538
GW436PW 22 25 48075.5 154 5, 106 11, 82 5, 101 14, 180 10, 168 4.90476
GM688JP 24 28 48077 125 11, 82 6, 109 8, 104 10, 117 10, 160 11.7437
WJ819RS 12 22 48082.1 164 12, 176 9, 109 10, 163 7, 170 7, 126 14, 178 14, 81 12, 131 12, 118 10, 121 5.99174
GT798JX 20 28 48089.9 95 8, 89 15, 88 14, 89 7, 115 15, 122 14, 156 12, 161 6, 129 13, 159 14, 117 1.38462
NC183KM 19 28 48093.6 116 7, 178 15, 101 9, 162 11, 149 10, 132 13, 184 6, 176 5, 142 9, 81 10, 166 8, 129 13.7597
GY689AK 3 17 48101.2 114 10, 178 15, 181 10, 80 7, 114 13, 165 7, 92 12, 130 13, 89 5, 175 11, 144 6, 151 6, 90 13, 160 8, 139 5, 82 10, 162 5.25926
HN560FF 11 28 48103.5 102 14, 166 11, 121 14, 124 10, 131 14, 81 7, 97 8, 179 7, 175 7, 172 11, 178 15, 170 7, 155 13, 140 5, 168 11, 95 14, 153 10, 99 12, 139 10.0288
MR750JG 10 18 48106.7 85 7, 131 8, 168 6, 157 13, 120 13, 189 12, 190 7, 86 11, 153 1.86928
XR186RC 1 11 48116.3 178 6, 122 11, 132 11, 181 5, 100 15, 87 6, 120 13, 80 8, 151 7, 88 12, 169 15, 134 7, 135 5.99259
TV363WX 10 11 48121.7 138 5.17391
VY217NM 19 22 48127 133 9, 128 10, 179 12, 177 4.75141
TS015TR 26 28 48133.9 133 7, 153 5, 155 4
FJ853NM 13 29 48143.9 105 13, 99 12, 180 7, 128 10, 86 11, 115 13, 99 11, 147 14, 83 9, 91 12, 183 5, 178 11, 97 7, 82 9, 154 7, 190 7, 117 14, 114 6, 186 10, 181 12, 140 4.67143
EE008MM 24 28 48153.1 114 7, 186 7, 150 15, 103 15, 106 8.80189
EL457DT 22 27 48156.5 146 7, 139 8, 177 8, 127 14, 98 14, 180 5, 119 9, 173 7, 104 6
HP773RD 25 28 48163.3 183 13, 99 15, 105 8
SB427AT 15 18 48164.2 103 13, 121 13, 102 7, 95 8, 135 0.8
FE522SA 14 20 48167.6 152 13, 132 13, 119 12, 185 7, 180 5, 176 5.96023
BG287GP 6 23 48171.4 140 7, 98 13, 174 11, 89 10, 170 5, 161 6, 160 15, 173 5, 138 10, 85 15, 171 14, 166 14, 115 8, 121 14, 181 13, 86 14, 87 11, 145 5.6
BS191VT 21 28 48181.4 95 8, 156 11, 147 14, 94 13, 95 14, 166 12, 137 15, 152 5.38816
NA428KP 22 24 48188.5 133 15, 165 8, 177 5.33898
KK758LN 18 23 48197.4 143 11, 187 14, 94 13, 96 14, 131 12.1298
NV092LM 16 18 48204 152 14, 101 6.73267
RV372NC 7 10 48206.6 100 6, 112 7, 181 5, 112 14, 156 7.19872
JC248TM 5 17 48210.8 150 10, 103 9, 160 14, 137 6, 157 14, 90 6, 149 8, 117 5, 83 10, 155 9, 94 7, 138 6, 127 15, 149 6, 107 12, 86 4.86047
JW041RD 6 22 48214.7 154 15, 120 6, 156 8, 168 8, 86 15, 126 11, 103 10, 142 9, 118 10, 183 5, 159 13, 152 8, 80 11, 142 14, 166 9, 150 11, 151 8.30464
NA004BH 18 25 48220.5 117 14, 99 7, 152 12, 139 11, 182 15, 87 8, 151 10, 129 7, 103 9.75728
FV595TF 8 11 48221.4 158 11, 89 9, 109 8.52294
JY865SX 26 28 48227.7 127 8, 102 6, 183 3.75956
YK027CN 8 13 48236 165 14, 176 7, 102 9, 133 8.73684
AP157LN 18 29 48245.9 184 12, 98 12, 165 8, 142 5, 117 8, 88 5, 183 12, 151 7, 185 5, 141 11, 174 12, 171 13, 179 6.60335
NF434VF 8 23 48248.8 106 13, 150 8, 109 5, 93 7, 82 13, 132 13, 190 5, 186 12, 173 7, 92 13, 95 15, 95 13, 138 8, 114 11, 129 12, 179 13, 114 10.0351
TG017JB 24 26 48250.7 112 5, 133 6, 132 11, 114 6, 170 5.98824
NV208EV 27 28 48257.2 158 3.68354
WS756FD 28 29 48264.5 166 4.6988
JB568MC 25 26 48269.7 87 8, 122 13.8689
PH380AM 23 28 48279.1 110 14, 104 12, 166 11, 145 10, 113 13, 162 8.35185
PS276BG 2 24 48286.7 183 9, 124 9, 123 8, 81 7, 94 11, 129 13, 187 6, 80 11, 90 14, 129 15, 181 6, 186 5, 95 10, 120 6, 185 7, 82 6, 171 11, 96 13, 152 7, 96 9, 84 12, 167 8, 109 12, 190 13, 179 5, 150 13, 97 10, 88 8, 98 13, 129 5.12403
KX458FY 12 17 48289.9 106 5, 91 8, 190 5, 90 11, 131 9, 104 6, 152 5, 80 5, 154 9, 98 1.23469
TF412SE 16 29 48298.6 150 11, 149 6, 92 12, 186 10, 106 8, 117 8, 135 13, 182 8, 102 12, 110 11, 173 10, 97 15, 105 10, 93 15, 148 9, 105 8.77143
HD425WD 11 18 48308.5 167 7, 169 15, 156 15, 94 10, 153 8, 113 12, 153 5.2549
FJ220ZF 13 26 48316.1 134 5, 83 11, 186 10, 122 12, 124 7, 175 8, 169 15, 123 7, 171 8, 93 6, 104 7, 82 15, 85 12, 95 6, 84 14, 126 9, 143 11, 152 6, 183 8, 180 4.58889
XV967YB 27 28 48324.6 154 3.77922
ZG338PD 1 7 48332.6 80 8, 93 7, 83 11, 165 14, 141 5, 100 7, 173 13, 112 11, 101 2.87129
VL458WH 22 29 48333.5 86 11, 155 13, 168 10, 100 12, 154 12, 179 11, 87 9, 131 7, 112 4.55357
LW686ZV 13 27 48341.6 90 11, 145 8, 180 10, 147 10, 167 5, 108 8, 137 10, 123 11, 189 7, 159 6, 93 14, 129 14, 182 12, 168 6, 127 9, 135 8, 172 12, 167 12, 120 1.28333
WB722RN 19 24 48344.1 176 12, 129 12, 117 6, 104 5, 110 12, 172 6, 165 13, 99 3.50505
EC866ER 2 3 48354 87 8, 182 8, 167 2.02395
HF491AH 16 27 48354.8 184 14, 180 12, 88 11, 184 5, 82 7, 126 12, 82 14, 99 8, 135 7, 155 5, 118 9, 186 12, 181 9, 160 13.5313
PL036BD 6 10 48359.3 162 10, 100 6, 120 8, 139 14, 137 6.55474
YV443HY 3 16 48363.9 110 11, 171 15, 161 8, 109 14, 176 14, 161 5, 100 6, 142 7, 167 14, 122 7, 142 6, 159 5, 181 7, 189 7, 143 5.20979
NY270EP 10 16 48370.7 84 9, 154 15, 149 6, 80 6, 183 11, 175 10.4057
GC164AJ 14 23 48372.9 168 8, 132 15, 93 7, 169 6, 128 7, 131 8, 163 7, 89 9, 162 7, 152 12, 92 13, 141 5.21277
CX618WL 6 20 48377.1 107 11, 91 15, 142 6, 183 14, 142 6, 83 13, 80 15, 174 10, 149 9, 132 7, 83 9, 136 10, 102 5, 92 7, 174 11, 96 5, 108 8, 146 3.02055
GK246WG 9 15 48386.2 174 5, 187 11, 139 14, 160 11, 85 13, 140 4.98571
WL374NJ 17 26 48392.5 168 15, 129 10, 106 6, 162 11, 171 8, 151 6, 148 12, 136 6, 85 13, 101 15, 109 12, 177 9.9435
HA803DZ 27 28 48399.4 137 4.24818
DD261AT 24 29 48400.9 103 6, 89 5, 179 7, 122 9, 100 14, 106 9, 119 12, 171 2.40936
MP705LJ 14 20 48409.8 104 7, 155 5, 110 10, 179 6, 91 8, 183 11, 162 11, 138 1.18841
PG049NM 9 20 48419.4 97 7, 165 13, 120 11, 115 6, 179 10, 177 6, 107 8, 126 10, 137 14, 124 7, 133 9, 147 6, 84 11, 151 1.88742
NY528CX 20 24 48425.7 142 8, 154 5, 187 14, 187 8, 122 11, 112 0.857143
DR882JC 19 21 48433 152 7, 133 11, 108 7, 84 14, 127 1.12598
HL878GR 9 10 48435.3 158 11.6962
CB689GZ 7 12 48444.6 130 11, 110 15, 170 5, 187 13, 109 1.53211
PP811ZS 7 13 48449.1 149 10, 125 14, 108 11, 120 5, 170 14, 123 3.57724
ET194EZ 12 28 48456.2 172 14, 165 9, 176 8, 164 5, 149 14, 100 7, 83 10, 82 6, 153 14, 108 15, 132 6, 175 12, 176 8, 169 15, 174 10, 115 6, 148 9, 183 8, 95 7.51579
DY347FX 25 27 48457.1 126 7, 93 11, 93 15, 88 7, 118 1.74576
VX320EN 17 20 48458.9 85 10, 157 14, 112 11, 160 3.325
FH126FS 15 24 48459.5 111 15, 106 8, 187 12, 135 10, 115 9, 171 5, 126 10, 142 10, 126 15, 185 8, 87 5, 100 4.16
JH129YR 7 17 48461.6 185 13, 143 14, 158 14, 123 6, 139 7, 94 15, 158 8, 139 7, 113 6, 135 11.4148
CJ534DL 22 23 48470.6 95 14, 134 6.50746
LT024GG 19 29 48480.3 158 13, 97 15, 156 13, 110 10, 84 13, 131 11, 135 5, 103 9, 154 5, 125 13, 93 10, 118 8, 124 11, 151 6.15232
RP529NH 10 24 48488.3 151 7, 146 14, 174 13, 157 7, 102 15, 97 13, 133 6, 92 13, 81 11, 159 14, 91 12, 160 13, 175 11, 183 8, 152 3.69079
TY823GM 10 19 48493.7 190 15, 83 12, 116 8, 97 13, 109 14, 146 9, 146 15, 143 4.86014
XJ504VX 2 15 48502.9 90 14, 170 12, 132 14, 178 12, 134 15, 161 5, 167 5, 126 14, 117 8, 171 12, 180 11, 105 8, 126 10, 82 5, 169 1.50296
XD038HL 11 27 48511.1 167 8, 116 5, 186 15, 103 7, 126 7, 161 10, 82 9, 123 11, 155 15, 123 8, 177 8, 159 7, 179 7, 102 11, 110 15, 186 9, 148 12, 184 9, 127 7, 126 9.12698
HJ955CZ 26 27 48512.3 124 13.9839
WY455AM 23 27 48513 156 10, 173 11, 150 8, 125 15, 106 15, 123 1.43089
KY676YT 1 24 48518.1 158 6, 185 15, 174 11, 101 7, 97 8, 83 5, 169 6, 114 9, 160 14, 89 15, 80 14, 147 9, 87 15, 167 7, 150 15, 184 8, 134 5, 190 14, 105 11, 120 12, 160 8, 147 15, 173 13, 177 8, 126 5, 101 6, 149 0.375839
VF320AG 4 13 48523.7 87 15, 190 5, 119 14, 98 14, 117 6, 180 14, 95 8, 179 15, 120 6.13333
ML203ZN 11 12 48530.2 93 7, 141 1.29787
LW253RY 21 23 48531.9 80 12, 132 7, 158 7.48101
RM616WF 24 26 48534.7 119 7, 159 5, 182 5, 97 9, 169 6.51479
VX772AS 2 10 48535.5 93 8, 108 11, 167 10, 165 5, 142 11, 189 6, 173 11, 139 5, 122 15, 182 8, 86 7, 185 1.25946
AT088HZ 21 28 48545.2 154 9, 117 9, 98 6, 188 14, 96 15, 146 13, 115 7, 121 14, 143 3.18881
CS655XH 15 29 48546.6 156 10, 83 8, 156 8, 96 6, 166 12, 91 15, 142 15, 170 13, 131 5, 119 6, 102 5, 129 6, 122 13, 136 6, 160 13, 145 7, 110 9, 82 7, 181 5.78453
XL737DW 22 28 48551.9 165 13, 102 8, 159 6, 121 15, 103 12, 103 11, 108 9, 155 12, 131 1.19847
YY856AL 15 24 48559.6 105 7, 85 7, 87 12, 169 10, 175 15, 96 15, 157 15, 176 6, 165 10, 169 10.1065
PG467ER 11 23 48561.1 109 8, 129 9, 95 13, 149 14, 114 11, 189 10, 150 12, 185 13, 184 7, 98 15, 87 7, 85 7, 167 10, 141 2.68794
TV721KP 16 23 48564.6 93 11, 131 14, 111 15, 92 8, 92 8, 89 11, 101 15, 116 11, 126 5, 106 7.16981
ZS953WG 26 27 48573.6 172 10.0814
XF022BK 28 29 48583.4 165 4.72727
MD208NR 18 21 48585.7 168 8, 154 15, 147 8, 185 2.43243
KJ447VD 7 13 48594.5 85 7, 94 15, 172 12, 96 9, 126 7, 128 10, 80 9.4125
WB096SM 1 17 48604 132 11, 186 14, 153 12, 160 11, 149 14, 89 12, 87 6, 168 9, 164 7, 174 5, 138 15, 130 9, 161 7, 147 11, 158 14, 134 6.20896
CL221YE 19 22 48609.2 102 12, 184 10, 176 7, 176 6.64773
AP947XY 1 25 48612.1 174 7, 106 13, 146 15, 186 8, 86 9, 175 15, 146 7, 86 14, 116 11, 141 7, 83 5, 103 6, 156 12, 84 12, 92 10, 171 9, 94 14, 99 6, 158 9, 86 5, 137 13, 149 7, 164 6, 88 6, 96 15, 92 12, 127 10, 122 15, 80 5, 122 7, 156 15, 133 3.08271
DY905BG 11 12 48614.2 110 7.58182
KT920PV 16 25 48623.8 153 5, 164 12, 144 11, 139 14, 186 5, 118 9, 85 7, 153 11, 91 11, 142 14, 131 13.8473
FZ851WD 8 15 48630.3 102 7, 88 12, 140 6, 182 8, 93 5, 99 10, 164 10, 93 6, 143 11.3497
JS352AT 21 28 48640 156 11, 96 15, 80 6, 107 10, 120 13, 115 10, 132 6, 159 14, 148 8, 159 2.10063
DH211AC 22 28 48649.4 86 8, 166 6, 188 10, 90 15, 129 9, 125 5, 127 8, 139 9, 109 14, 99 6.0101
HV303FF 16 19 48657.2 101 10, 102 14, 156 6.71795
AG721HB 16 29 48658.2 86 15, 98 8, 145 13, 152 6, 139 8, 133 7, 153 8, 171 10, 186 11, 174 11, 81 13, 136 14, 89 14, 148 12, 152 6.79605
SE668BT 9 21 48660.6 185 13, 170 8, 92 8, 138 12, 85 7, 153 6, 99 13, 105 11, 185 5, 82 12, 131 9, 150 6, 123 7, 87 9, 131 5, 127 9, 190 3.51579
KT447CM 17 20 48665.4 169 8, 128 8, 81 13, 112 7, 138 4.34058
SP640HG 3 16 48667.1 80 13, 109 13, 80 14, 180 14, 89 8, 122 12, 98 7, 158 5, 147 5, 180 11, 113 6, 126 8, 187 7, 163 6, 186 9, 170 8.91176
DW095SZ 17 19 48668.6 185 9, 119 7.38655
FA228ZK 11 26 48677.1 155 12, 127 14, 107 6, 118 12, 164 6, 169 8, 184 11, 114 10, 89 10, 125 14, 131 9, 150 13, 136 8, 165 12, 144 5, 83 5, 153 10, 98 13, 145 9.04828
RR431WZ 21 24 48682.3 132 11, 140 8, 175 13, 187 1.48128
SS262CT 6 24 48685.5 109 8, 93 13, 159 10, 95 13, 103 7, 157 9, 141 10, 171 7, 188 5, 178 11, 156 14, 88 12, 116 5, 102 11, 147 14, 163 10, 129 12, 84 14, 92 13, 120 15, 114 5.39474
RW553TD 8 17 48686.7 91 6, 119 7, 150 8, 132 9, 168 7, 100 13, 89 6, 183 6, 144 12, 131 5, 133 6, 129 7.08527
NT336SF 27 28 48694.6 95 6.12632
RR687KN 4 20 48703.7 150 12, 186 6, 94 14, 109 13, 167 10, 130 10, 101 10, 85 6, 102 5, 138 9, 186 6, 129 12, 171 9, 105 13, 170 6, 175 13, 189 14, 157 2.90446
NT756SY 10 28 48710.2 143 6, 92 8, 84 13, 140 14, 153 9, 105 14, 115 7, 132 12, 149 8, 110 8, 179 12, 178 10, 117 15, 181 6, 84 7, 96 8, 85 11, 151 15, 90 14, 175 13, 82 8, 157 5.3758
EC550YW 12 23 48716.1 160 12, 148 7, 157 10, 163 9, 116 6, 176 13, 138 14, 134 12, 159 15, 84 6, 185 10, 135 4.62222
GN434LN 11 20 48719.5 114 7, 165 15, 190 11, 182 11, 169 15, 112 12, 155 12, 181 1.16022
EB278FW 28 29 48725.5 152 5.13158
SL996GC 10 22 48730.8 109 7, 90 5, 179 14, 117 10, 133 7, 89 9, 128 5, 92 14, 101 11, 150 7, 160 11, 117 12, 142 11, 168 10.6548
DJ789NR 17 29 48733.6 141 10, 92 5, 111 7, 104 5, 136 10, 187 10, 177 6, 178 7, 93 7, 80 9, 121 9, 184 5, 184 10, 153 6, 136 9, 148 14, 130 8, 134 5.21642
WK874JS 5 23 48740.3 164 6, 144 15, 162 13, 120 11, 109 8, 177 11, 159 11, 122 13, 167 7, 101 9, 93 8, 97 13, 145 6, 114 12, 116 12, 131 8, 167 12, 166 15, 136 12, 138 5.92029
BN259GT 8 18 48743.9 93 6, 119 14, 185 11, 112 6, 187 6, 188 13, 109 10, 87 7, 147 10, 85 9, 150 9.36667
MJ850VJ 5 14 48750.8 153 15, 142 11, 144 14, 114 8, 158 6, 143 12, 137 5, 177 8, 163 9, 186 8.85484
WC742CH 1 12 48754.8 187 10, 125 7, 182 8, 142 6, 165 13, 172 9, 102 9, 95 13, 120 12, 120 7, 106 13, 100 7, 141 6.8156
SZ174RR 22 23 48760.2 131 13, 130 3.83846
MV830NE 15 29 48768.5 190 13, 135 5, 139 14, 87 11, 157 15, 82 5, 151 8, 81 6, 100 11, 82 6, 148 12, 174 7, 81 9, 178 9, 129 8, 119 12, 151 6, 171 9, 172 1.02907
YZ146RY 3 19 48773.2 142 5, 177 9, 177 14, 103 8, 98 13, 87 14, 128 13, 128 5, 179 7, 175 8, 101 9, 114 6, 106 11, 177 8, 147 13, 129 6, 136 9, 178 11, 127 0.125984
SM450AK 15 16 48779.2 147 8, 95 5.36842
JR612GN 12 17 48781.1 89 8, 140 10, 124 13, 138 13, 138 13, 130 2.73846
YX864FG 15 16 48784.8 109 11, 119 4.09244
BB686BH 25 27 48794.8 163 8, 87 10, 121 9, 128 6.71094
ZT122HX 7 8 48802.7 94 12, 147 7.46939
WG356NZ 11 24 48811.3 113 6, 182 14, 124 6, 127 11, 158 14, 120 11, 149 12, 161 10, 143 7, 187 11, 185 12, 155 10, 177 7, 80 5.1
HF138JM 3 18 48818 114 6, 119 11, 108 10, 188 7, 155 15, 92 8, 124 7, 137 15, 119 8, 155 11, 174 15, 101 13, 135 13, 124 12, 141 5, 182 8.42308
EC737NH 10 22 48823.9 145 14, 156 7, 153 14, 170 8, 146 15, 93 8, 162 15, 159 9, 101 14, 172 9, 139 6.07914
TY707KG 2 21 48829.2 84 14, 182 10, 143 6, 90 8, 189 12, 88 10, 162 12, 127 10, 137 15, 157 9, 96 13, 86 8, 142 8, 111 12, 91 15, 148 7, 141 7, 170 10, 174 7, 108 15, 172 8, 144 6, 102 6, 120 5, 107 0.168224
PW154JD 19 23 48832.3 136 9, 138 9, 171 10, 136 15, 160 7, 147 2.2585
GV898DK 10 12 48839.7 87 8, 159 5.35849
YL393TX 15 19 48848.9 123 6, 163 10, 153 8, 172 9.18605
SX941TX 23 26 48857.1 91 8, 100 15, 107 14, 99 12, 83 6, 94 11, 133 0.932331
GH353BC 6 22 48858.7 171 15, 88 8, 158 10, 100 5, 97 9, 157 9, 84 6, 158 7, 95 15, 161 8, 114 6, 86 15, 179 13, 108 13, 163 10, 167 8, 134 12, 103 9.83495
LC467PC 8 25 48864.2 105 14, 176 7, 147 13, 139 8, 161 8, 106 12, 187 11, 124 5, 189 9, 104 6, 153 13, 147 10, 145 10, 130 8, 162 9, 188 13, 89 11, 186 6, 93 9, 161 1.82609
KY751HE 27 29 48865.2 150 8, 122 1.32787
WS321KW 2 19 48874.5 169 8, 159 15, 129 14, 110 9, 159 7, 143 10, 98 11, 138 14, 150 7, 144 13, 163 14, 129 14, 186 13, 108 10, 92 14, 158 10.8861
LG066WE 6 14 48875.2 187 6, 174 10, 159 7, 171 7, 136 14, 146 6, 162 13, 153 7, 101 5.53465
TM790WY 19 27 48883.3 152 12, 91 5, 141 7, 135 5, 157 10, 87 6, 115 11, 140 7, 89 12, 93 14, 109 11, 132 5, 120 14, 110 8, 180 5.02778
WN693GM 7 28 48885.3 190 10, 80 10, 140 8, 176 13, 149 10, 111 12, 142 12, 82 6, 155 12, 155 6, 98 6, 102 14, 152 15, 170 8, 120 15, 115 13, 117 8, 177 7, 180 8, 175 15, 167 11, 180 9, 165 4.42424
MC981CW 20 26 48888.1 120 13, 182 6, 190 6, 134 9, 180 12, 101 13, 167 11, 170 9.77647
KK181LP 28 29 48891.1 93 8.3871
EP130WB 22 29 48894.4 123 13, 176 12, 152 8, 187 9, 156 10, 85 13, 163 9, 154 7.31169
RV972XD 2 27 48899.6 131 9, 174 8, 110 14, 123 9, 131 14, 189 11, 178 12, 105 14, 109 14, 83 15, 178 9, 161 6, 167 6, 173 5, 187 6, 157 14, 102 5, 120 7, 88 11, 110 12, 159 7, 141 9, 99 11, 173 5, 93 12, 90 9, 175 8, 149 14, 147 5, 169 13, 190 8, 161 2.93789
RZ268MS 9 16 48907.9 141 12, 179 7, 183 10, 162 13, 127 5, 83 8, 86 8, 93 13, 134 0.335821
KF537DM 9 19 48915.9 114 12, 89 8, 145 15, 184 10, 161 5, 88 11, 97 9, 127 15, 134 11, 160 9, 182 0.263736
DE387JL 14 29 48917.2 97 10, 80 7, 113 10, 106 10, 114 12, 178 11, 104 5, 96 14, 100 9, 107 12, 120 13, 154 13, 120 10, 152 7, 82 7, 156 8, 87 9, 102 7, 160 6, 161 5, 164 8.69512
LE936FL 14 25 48923.6 87 5, 175 14, 145 6, 147 12, 130 7, 141 7, 162 15, 105 12, 100 13, 100 15, 124 8, 187 9, 127 5, 185 3.94595
TX403JH 17 23 48930.3 113 15, 122 5, 125 12, 113 14, 134 10, 186 12, 124 8, 141 1.85106
ZL484YF 7 8 48934.2 158 14, 93 0.150538
YH113KT 3 10 48935 123 15, 168 15, 99 14, 190 13, 176 8, 112 5, 115 10, 173 0.0751445
CM377AW 25 27 48941.3 109 13, 184 9, 122 8.59836
TP521GR 18 26 48943.9 148 6, 190 9, 187 6, 151 15, 182 11, 176 13, 136 9, 166 6, 97 8, 82 10, 177 4.66102
ZN737ZV 8 28 48950.9 108 8, 97 8, 179 12, 134 13, 163 6, 103 12, 167 10, 90 10, 103 10, 177 13, 174 9, 86 15, 82 9, 179 14, 81 5, 118 6, 158 11, 175 14, 177 10, 163 7, 125 14, 152 8.95395
SE847HR 11 22 48951.5 121 7, 141 15, 172 5, 159 10, 144 7, 183 10, 164 7, 99 7, 108 11, 185 5, 150 6, 182 7, 99 7, 163 5, 170 3.68235
ZZ418PH 6 16 48957.3 121 14, 89 11, 188 12, 112 5, 152 14, 128 8, 147 6, 119 15, 94 8, 164 11, 178 2.4382
LR646EL 11 17 48966.9 117 8, 98 15, 104 11, 161 15, 83 8, 189 9.91005
ZG758RL 24 25 48968.9 190 8, 141 4.28369
CV563HF 8 12 48975.9 107 5, 153 13, 132 13, 112 0.553571
BL454YN 21 27 48983.4 135 14, 137 14, 149 5, 168 7, 142 11, 165 5, 167 10, 172 9.2093
WS339MP 6 29 48984.2 98 13, 183 10, 109 7, 168 9, 167 9, 151 5, 174 11, 171 7, 126 7, 173 10, 188 15, 130 6, 161 13, 109 15, 127 15, 190 11, 173 9, 95 11, 138 14, 134 7, 127 11, 173 8, 151 14, 146 0.465753
RK369NC 24 26 48991.9 89 6, 88 8, 81 10, 81 12, 151 7, 98 4.43878
XH645FJ 26 29 48992.4 100 12, 89 15, 173 3.24277
XH149AX 22 23 48998.3 118 15, 143 3.02098
GW790JS 5 20 49002.8 122 11, 81 14, 94 9, 179 5, 89 13, 101 11, 138 6, 142 12, 143 5, 93 8, 111 7, 107 6, 149 11, 120 12, 104 14, 84 10, 119 10, 132 11, 118 6, 97 5, 160 10, 85 3.8
GT084FV 22 25 49008.1 157 9, 156 7, 149 11, 184 8, 94 8.17021
NW073WA 24 25 49008.6 146 6, 117 10.6667
WZ422SN 7 29 49013.7 143 9, 95 7, 140 5, 108 9, 128 15, 94 5, 175 7, 124 8, 93 15, 185 10, 87 15, 91 14, 122 12, 182 13, 146 13, 98 5, 149 6, 96 7, 99 5, 84 15, 151 14, 110 9, 170 10, 160 12, 146 9, 126 11, 168 5, 105 2.05714
JB700ZJ 2 11 49018.7 110 5, 124 9, 162 8, 139 6, 86 12, 108 13, 89 10, 143 6, 164 13, 180 7, 97 7, 87 14, 117 10, 174 0.672414
WX170JK 9 24 49027 161 14, 83 15, 154 11, 182 10, 109 15, 98 8, 190 15, 156 7, 180 15, 160 10, 87 15, 94 11, 159 13, 165 7.6
VG891JW 22 25 49028.2 179 12, 139 5, 171 9, 88 13, 147 5, 108 1.13889
VV999BK 8 27 49033.4 166 11, 132 5, 124 7, 157 13, 92 6, 86 15, 149 11, 98 5, 169 11, 98 13, 102 12, 101 5, 94 7, 134 8, 173 15, 132 15, 108 10, 114 6, 128 11, 165 11, 173 12, 94 15, 86 6, 129 7.47287
ZJ262EV 28 29 49039.7 175 4.45714
NH081NX 7 14 49042.1 140 5, 120 5, 81 11, 161 9, 161 7, 137 12, 146 8, 114 15, 142 9.54225
KG780LK 11 17 49049.4 134 9, 84 9, 112 10, 90 13, 110 11, 80 10, 140 15, 138 1.01449
FJ823NL 4 15 49056.5 123 9, 121 8, 162 10, 150 12, 139 15, 153 13, 154 9, 89 10, 173 9, 145 11, 125 11, 140 0.314286
NR406HR 11 26 49062.1 115 13, 84 14, 116 7, 158 9, 163 6, 164 8, 172 7, 150 11, 128 10, 120 14, 121 14, 130 9, 142 13, 121 6, 190 6, 127 7, 88 12, 179 8, 173 13.422
CA679AV 5 27 49063 87 9, 143 14, 183 11, 164 8, 140 10, 99 6, 133 10, 86 5, 115 14, 159 5, 153 15, 151 15, 149 10, 133 10, 136 9, 124 9, 131 10, 86 15, 129 15, 113 10, 104 9, 153 6, 91 5, 90 6, 143 5, 94 10, 92 7, 156 14, 181 9, 187 0.625668
KX085TY 9 12 49069.9 161 6, 155 13, 122 3.40164
HR670NV 28 29 49076.3 128 6, 187 0.0641711
YX216RB 2 11 49078.6 84 7, 121 15, 172 9, 183 14, 91 9, 138 10, 159 5, 173 14, 180 6, 190 8.14211
AS642GN 18 24 49087.9 148 5, 108 5, 139 10, 126 15, 137 15, 95 6, 187 7, 119 6, 161 7.42857
GF241ZN 28 29 49093.9 168 4.64286
YD376VM 3 26 49099.6 163 9, 145 8, 112 6, 180 10, 126 11, 130 12, 138 8, 106 10, 152 13, 148 8, 86 6, 96 6, 110 15, 133 8, 112 10, 138 15, 113 8, 186 14, 156 8, 83 5, 85 15, 158 10, 87 9, 168 13, 108 10, 138 12, 94 14, 86 6, 183 5, 119 4.27731
FT780MS 3 8 49103.5 189 14, 149 12, 81 13, 136 10, 87 13, 180 3.44444
AH481BL 21 23 49113 89 5, 164 15, 87 1.85057
MR785JM 2 10 49115.1 158 5, 170 9, 136 9, 166 6, 106 12, 121 9, 111 8, 100 5, 132 10, 118 15, 93 13, 124 10.1129
AC677PY 1 16 49124.9 99 6, 125 9, 175 15, 167 6, 102 6, 107 14, 141 6, 85 5, 91 12, 163 11, 124 10, 173 5, 103 8, 147 6, 80 5, 130 12, 122 14, 187 12, 127 7, 144 5
GX040XX 4 7 49126.4 118 15, 159 14, 166 5.13253
VV245KZ 24 27 49129 100 7, 147 8, 139 11, 110 6, 95 5, 180 9, 133 0.646617
DP633HT 19 20 49136.7 148 13, 156 2.20513
PX151SN 1 26 49138.6 156 11, 178 7, 109 13, 147 11, 133 5, 83 11, 179 10, 174 13, 85 7, 181 12, 126 8, 95 6, 137 5, 132 14, 127 11, 163 15, 101 12, 110 10, 94 13, 90 9, 144 14, 103 8, 158 7, 94 7, 92 7, 184 14, 122 12, 133 10, 180 7, 86 12, 152 7, 121 0.0330579
DE142AP 4 25 49139.7 93 14, 183 9, 107 10, 148 9, 113 11, 109 10, 97 6, 132 14, 136 9, 150 9, 89 13, 111 6, 140 8, 97 12, 100 9, 176 7, 107 11, 94 12, 127 15, 87 10, 122 13, 96 8, 188 8, 188 15, 141 5, 127 8, 140 7, 86 0.604651
VG369NA 21 29 49140.4 150 12, 160 10, 99 7, 107 10, 163 13, 128 11, 167 9, 138 12, 113 7.81416
DY084MY 23 24 49143.1 139 8, 117 8.08547
VD201AC 5 18 49144.2 80 9, 113 15, 124 13, 120 8, 143 9, 189 8, 187 7, 135 12, 177 5, 165 12, 127 6, 189 6, 106 14, 137 5, 115 9, 181 7.74586
WL096YA 19 21 49145.6 110 11, 122 15, 173 9.0289
SD861SC 12 17 49150.8 181 7, 117 11, 106 9, 99 8, 117 8, 103 5, 97 11, 159 5.34591
TE630ST 17 24 49151.9 114 8, 168 14, 96 10, 89 12, 115 9, 124 15, 153 14, 166 11.6928
FL005LJ 9 12 49157.8 190 11, 128 5, 160 4.1625
EX059FA 15 26 49160.3 153 15, 155 5, 185 12, 106 8, 115 6, 152 8, 162 15, 166 5, 154 15, 84 7, 88 6, 160 5, 172 11, 170 5, 155 7.34194
VL951KP 17 29 49167.9 176 8, 150 6, 80 12, 161 13, 138 5, 140 13, 100 12, 81 10, 104 14, 175 8, 88 8, 116 14, 115 7, 118 7, 82 8, 137 11, 115 6, 147 2.2381
TZ002VW 16 21 49169.2 169 5, 93 12, 122 6, 140 15, 101 8, 96 15, 157 6.66879
RY159TH 27 29 49172.5 110 5, 103 6, 132 1.4697
RW096VL 7 18 49174.1 132 5, 132 6, 143 15, 82 12, 131 10, 155 10, 175 14, 142 7, 167 10, 137 11, 132 9, 115 7.06087
VP384VR 17 20 49182.7 178 13, 111 9, 146 5, 149 5.16107
RJ654BT 23 29 49186.2 138 9, 108 7, 97 14, 91 9, 188 9, 92 14, 148 9, 187 6.30481
YL837NH 20 27 49187 115 14, 122 15, 133 5, 144 7, 180 13, 89 8, 144 12, 179 5, 115 9, 94 15, 94 5, 123 0.00813008
WC513GA 10 26 49189.9 138 5, 121 5, 148 7, 83 5, 94 13, 164 13, 96 8, 96 12, 97 14, 83 14, 96 9, 153 12, 115 12, 104 15, 108 7, 124 13, 87 10, 146 14, 84 6, 174 13, 185 9.56757
NL846LF 5 23 49191.1 172 5, 159 11, 122 6, 91 14, 165 10, 161 12, 124 12, 140 10, 109 12, 189 12, 177 8, 90 12, 160 9, 144 11, 176 5, 138 15, 136 5, 174 5, 113 11, 123 6, 139 11, 161 1.47205
WL125WS 26 28 49197.3 95 13, 162 6.67284
NS859SH 6 16 49204.4 169 12, 163 9, 170 9, 125 9, 162 11, 106 11, 98 5, 134 6, 94 7, 157 6, 110 10, 124 6, 95 4.86316
ER130GN 24 26 49211.7 160 9, 172 15, 110 4.47273
YH433TH 8 26 49216.4 150 7, 127 10, 185 14, 187 15, 185 8, 182 10, 91 8, 94 14, 165 12, 175 9, 150 11, 123 5, 126 5, 92 7, 151 11, 97 10, 119 10, 84 12, 141 12, 120 6, 170 5, 114 4.45614
MG786VL 23 29 49220 137 8, 162 6, 106 8, 131 12, 165 10, 100 10, 108 14, 176 5.77273
WP320LC 10 24 49221.3 177 7, 169 13, 99 11, 165 12, 118 15, 82 6, 160 15, 177 13, 114 6, 93 13, 111 12, 168 11, 189 6, 116 9, 167 4.59281
EP938PP 7 27 49222 106 6, 108 10, 180 13, 145 6, 162 9, 90 14, 141 9, 119 10, 89 14, 121 14, 130 10, 173 6, 103 6, 121 10, 150 12, 90 9, 86 8, 168 13, 181 12, 85 10, 93 11, 153 13, 114 15, 173 13.1618
EF209KP 18 20 49229.5 138 15, 135 5, 186 1.08065
FX055NM 16 28 49234.1 162 11, 167 9, 123 15, 114 6, 131 10, 165 5, 164 12, 103 7, 133 12, 179 14, 160 13, 107 8, 168 14.0714
SK686JD 4 17 49240.8 184 5, 166 8, 154 5, 139 8, 89 11, 156 9, 89 14, 136 9, 85 9, 124 12, 153 13, 181 7, 106 12, 97 12, 151 9, 119 6.36134
CA794CT 25 27 49246.6 163 12, 84 10, 107 12.3925
XD550MN 28 29 49252.7 113 6.90265
HP069HF 1 17 49261.4 84 6, 108 14, 142 14, 105 13, 81 15, 159 15, 155 11, 100 7, 184 15, 151 11, 136 7, 101 6, 171 5, 167 13, 134 11, 138 10, 84 5, 150 1.55333
XT496DK 14 25 49266.6 188 11, 89 8, 174 12, 167 10, 175 8, 155 15, 131 13, 135 9, 107 9, 186 8, 139 7, 180 7.45
TN993RG 12 22 49271.6 89 6, 85 6, 93 6, 106 10, 101 15, 83 14, 176 14, 128 7, 132 13, 99 12, 108 11, 148 13, 161 5.98137
NC858GS 19 22 49281.2 119 8, 173 6, 98 13, 189 11, 105 1.17143
BK365NG 10 11 49282.6 99 7.21212
PX433KR 21 23 49285.2 94 6, 122 6, 172 9, 173 1.28324
DG090WY 8 21 49286.5 133 8, 107 15, 122 7, 104 15, 161 5, 189 10, 97 8, 185 6, 189 5, 87 7, 162 14, 104 5, 125 9, 95 15, 164 8, 83 8, 173 3.37572
CD016KH 15 22 49289 101 15, 158 12, 172 12, 95 9, 85 8, 84 9, 145 6, 155 9, 159 3.81761
WR180MX 17 21 49294.6 151 14, 126 6, 163 14, 116 15, 159 1.59748
LX387ZY 12 21 49301.3 159 7, 138 9, 176 6, 130 8, 185 7, 90 15, 128 7, 170 9, 160 8, 123 13, 151 15, 112 1.32143
KZ360GR 2 4 49302.6 129 12, 183 12, 80 3.375
NJ837ZZ 22 24 49305.8 87 10, 129 12, 175 10.5257
HZ969XV 15 25 49312.3 117 8, 129 13, 167 11, 107 5, 154 12, 123 9, 190 6, 127 6, 120 11, 103 8, 109 15, 110 7, 156 10, 149 5, 119 2.7395
ZW601BZ 14 18 49318.3 150 10, 169 5, 186 12, 170 4.94706
NE116YA 3 10 49325.4 125 11, 140 11, 141 14, 156 6, 182 10, 135 7, 143 15, 167 3.69461
KW976DJ 13 17 49332 174 12, 166 8, 164 13, 85 9.41176
TF799YD 13 28 49339.8 136 6, 145 5, 167 11, 182 10, 107 8, 170 13, 169 10, 93 15, 100 6, 88 14, 118 15, 188 14, 128 12, 87 9, 146 11, 88 9, 112 12, 120 8, 141 5.97163
ZE179JC 12 20 49340.6 175 15, 109 10, 137 15, 121 8, 189 6, 98 14, 154 5, 160 10, 124 6.98387
LE385AC 15 24 49350.5 87 15, 153 12, 145 6, 175 15, 147 15, 128 9, 89 10, 93 6, 149 7, 144 8, 185 6.82162
GT138RS 4 25 49357.3 178 8, 143 5, 144 11, 82 14, 156 12, 81 13, 134 13, 157 7, 143 13, 167 9, 130 6, 166 8, 127 13, 90 14, 186 15, 130 13, 170 6, 182 5, 134 11, 185 7, 152 9, 165 11, 169 8, 157 4.49682
AP429HS 8 20 49366.6 136 10, 81 10, 188 9, 91 13, 133 15, 144 14, 173 15, 172 13, 101 7, 173 12.6474
TN548YK 28 29 49368.1 170 4.58824
YY914FL 19 29 49372.7 140 10, 118 9, 164 8, 102 13, 87 6, 177 7, 115 13, 163 5, 150 9, 86 11, 187 5, 143 6, 134 7, 157 11, 101 13.9505
GT451YN 15 24 49379 141 12, 141 5, 88 7, 184 10, 101 5, 153 8, 110 7, 132 10, 130 11, 107 13, 172 14, 91 6, 189 2.38624
PS011YN 18 22 49379.8 152 7, 189 8, 119 8, 92 13, 105 13, 176 0.3125
RZ180HW 7 19 49386.7 88 10, 114 9, 110 5, 159 12, 101 12, 138 8, 101 10, 122 6, 187 10, 188 14, 141 13, 133 12, 129 3
EH426ER 21 25 49389.5 134 14, 131 7, 104 10, 167 10, 178 9, 190 0.752632
VC063HV 28 29 49390.8 105 7.42857
DC385JT 14 19 49394.1 149 5, 159 10, 145 8, 148 8, 114 12.4298
ME134LV 4 16 49397.1 173 6, 96 13, 151 14, 110 11, 183 6, 103 11, 145 12, 136 15, 154 5, 162 6, 135 10, 180 12, 176 5, 142 2.45775
VP382GZ 12 13 49398 149 8.85906
NX535DK 14 25 49407.6 155 12, 92 15, 134 9, 103 14, 163 12, 112 5, 127 8, 113 11, 116 15, 140 9, 123 10, 166 5, 165 7, 107 9.98131
YY023CY 16 22 49416.1 167 5, 171 10, 117 7, 83 10, 99 13, 98 5, 112 15, 84 8, 81 7.76543
VX881YH 5 28 49416.7 96 7, 136 14, 132 5, 183 5, 86 13, 95 9, 122 9, 181 15, 127 6, 131 12, 107 9, 167 8, 184 13, 102 15, 90 11, 86 6, 107 8, 160 7, 167 7, 154 8, 109 11, 152 10, 89 9, 174 10, 180 13, 165 15, 156 13, 155 5.39355
VL262BM 24 27 49422.6 107 15, 131 14, 149 6, 101 12, 93 7, 155 0.322581
RE201ZZ 5 16 49431.1 120 11, 161 6, 89 8, 133 14, 124 5, 103 6, 86 11, 105 13, 158 9, 179 11, 99 15, 144 15, 92 11, 124 6.58871
MC136VL 6 20 49439.2 167 9, 89 13, 125 12, 97 7, 118 10, 178 10, 186 8, 82 5, 108 8, 91 5, 89 5, 88 12, 163 10, 147 5, 85 7, 135 10, 100 7, 100 14, 128 8.78906
BA138WJ 14 27 49439.8 116 8, 119 6, 163 5, 133 9, 94 9, 181 10, 84 14, 155 15, 177 5, 132 12, 114 12, 114 7, 127 8, 119 15, 189 13, 128 13, 188 3.7234
ZJ491FC 2 4 49444.5 82 8, 106 6, 87 12, 120 5, 112 8, 131 1.38931
VA345JZ 1 24 49449.3 155 11, 172 11, 186 12, 122 12, 158 10, 134 5, 170 7, 125 8, 154 5, 174 8, 180 10, 170 8, 143 5, 188 6, 162 10, 129 14, 170 12, 167 8, 146 5, 142 12, 143 6, 92 15, 150 15, 189 6, 176 6, 157 8.56051
AD343FG 10 25 49450 102 12, 162 10, 174 8, 137 10, 90 6, 181 9, 148 13, 147 8, 157 15, 171 5, 117 6, 158 11, 83 12, 139 15, 133 14, 140 8, 107 5, 130 3.74615
XF890YB 22 29 49459.8 169 15, 174 7, 152 14, 118 14, 186 5, 179 14, 164 5.48171
KP827RW 5 14 49462.5 82 14, 90 11, 171 8, 180 15, 166 14, 169 6, 88 15, 155 10, 155 14, 125 0.64
PD643XD 10 28 49467.9 153 15, 98 7, 177 15, 144 13, 150 6, 88 11, 162 13, 153 11, 97 7, 112 6, 107 8, 136 12, 171 10, 164 6, 163 9, 150 12, 114 9, 162 5, 83 9, 140 12, 100 10, 176 0.488636
PH811VF 24 28 49471.5 157 7, 132 11, 142 5, 96 14, 161 6, 190 6.61579
FW401YA 28 29 49478.4 181 4.30939
EW061FY 8 29 49482.2 175 5, 102 9, 95 10, 97 14, 121 14, 118 15, 160 6, 165 13, 95 10, 121 6, 84 13, 86 14, 189 13, 175 5, 124 14, 89 13, 110 9, 125 10, 126 8, 152 6, 96 11, 185 9, 99 12, 145 12, 90 13, 143 0.013986
RT635NN 7 17 49490.7 156 11, 104 13, 164 5, 85 6, 123 6, 125 15, 114 14, 147 9, 100 6, 124 15, 127 14.2205
SF021KN 21 27 49491.3 169 8, 172 15, 108 15, 184 13, 120 15, 114 10, 177 2.74576
AG964VX 3 6 49497.3 87 7, 153 9, 153 9, 176 5, 157 6.91083
ZV893TJ 18 25 49504.8 114 13, 159 12, 134 14, 130 13, 186 9, 99 14, 167 14, 103 1.68932
MW247HL 3 5 49505.9 92 12, 112 7, 91 5.0989
NV392BL 3 22 49510.7 112 7, 80 9, 168 11, 163 11, 131 5, 100 8, 159 13, 98 11, 160 15, 121 5, 169 8, 147 15, 134 9, 122 9, 117 7, 175 5, 109 15, 136 13, 174 12, 169 5, 173 11.1965
BZ409CV 10 20 49516.9 96 14, 117 7, 123 14, 141 9, 105 6, 106 14, 114 9, 180 5, 128 10, 124 9, 180 7, 184 6.40217
LZ471NX 24 29 49520.5 88 9, 163 8, 164 5, 92 14, 88 9, 87 9, 147 6, 103 9.19417
KP054EL 7 20 49523.5 180 10, 84 15, 148 15, 148 15, 161 11, 113 12, 177 14, 102 9, 128 11, 157 15, 111 11.009
CB210RR 2 16 49533.5 110 9, 96 8, 120 5, 167 8, 183 14, 114 6, 107 7, 159 14, 156 15, 82 10, 99 13, 82 13, 130 12, 136 13, 130 5, 179 13, 135 2.83704
VF460GH 15 27 49535.6 119 5, 135 10, 142 15, 182 11, 129 6, 89 14, 151 10, 172 13, 157 8, 106 12, 135 13, 170 6, 162 10, 146 11, 110 7.01818
KF746KY 6 11 49538 176 12, 164 12, 184 14, 171 0.479532
KL758SX 25 27 49544.6 171 6, 115 10, 181 7, 159 4.27044
WY287MA 12 29 49547.7 148 14, 188 7, 177 6, 123 11, 162 7, 88 8, 139 14, 168 12, 169 15, 160 15, 122 6, 186 12, 132 5, 189 13, 121 8, 169 7, 144 8, 171 9.49708
TE634YA 21 28 49551.6 111 8, 128 6, 166 11, 172 9, 168 5, 116 7, 110 14, 119 14, 131 12, 164 3
JL967VC 13 18 49561.1 163 10, 107 10, 141 11, 188 8, 181 13, 102 1.03922
PZ807MM 2 17 49567.4 117 10, 152 14, 91 6, 127 14, 154 7, 159 12, 178 15, 183 15, 101 11, 139 7, 83 7, 162 10, 112 12, 181 12, 135 8, 148 1.04054
HL226XD 24 28 49575 146 7, 82 6, 120 15, 122 12, 105 15, 186 2.55376
XN317SZ 25 27 49580.7 184 15, 175 7.78286
LX379WZ 23 26 49584.9 130 13, 109 12, 181 11, 133 5, 133 5, 162 1.54938
YX215KV 26 28 49593.5 189 9, 121 5.08264
CH169DZ 28 29 49602.6 144 5.41667
XS040PH 27 28 49608.6 190 3.06316
VT021GD 11 14 49609.6 82 9, 166 7, 128 8, 113 11, 170 4.60588
XC373DL 24 27 49619.1 167 6, 99 14, 147 15, 97 8, 179 4.89944
GD881NJ 24 27 49628.9 83 13, 132 12, 140 11, 159 11, 110 2.67273
GY867BE 26 27 49632.7 84 6, 93 13.2258
WX390RG 21 26 49638.4 138 5, 134 6, 108 11, 112 15, 189 8, 165 13, 160 9, 111 1.59459
BT265SF 22 25 49648 173 7, 159 7, 173 10, 110 9, 182 7.36264
AM068KB 25 27 49652.1 115 13, 182 8, 132 8.87121
RJ845GJ 10 28 49660.2 168 12, 119 11, 92 7, 150 11, 89 10, 145 12, 145 8, 112 7, 165 8, 120 11, 180 5, 144 9, 148 11, 115 13, 190 6, 180 5, 87 12, 109 12, 187 11, 124 10, 111 8, 95 11, 127 4.25197
VZ619RH 1 11 49662.2 186 10, 102 5, 148 12, 105 7, 146 7, 111 7, 168 10, 169 9, 87 9, 130 14, 166 12, 178 5.10112
VG415XV 17 25 49667 163 10, 165 11, 183 6, 98 8, 186 6, 186 13, 146 13, 147 7, 183 9, 180 5.32778
SY339EC 19 21 49670.5 113 15, 156 13, 116 5, 147 2.03401
CS437PK 26 27 49671.7 164 10, 155 0.606452
VF536NA 4 5 49679.6 113 7.32743
YS334VS 8 18 49683 189 14, 188 11, 149 8, 101 13, 125 5, 90 6, 185 6, 185 13, 147 13, 165 0.157576
PR149KJ 16 27 49692.9 137 5, 177 11, 117 13, 165 7, 132 11, 127 15, 139 14, 133 12, 109 12, 110 5, 134 13, 187 5, 115 14, 158 7
DS879AP 13 19 49701.4 129 14, 157 8, 132 8, 171 13, 85 11, 129 5, 118 8.22881
LJ206CF 25 27 49703.1 161 6, 132 14, 106 5, 145 5.36552
TX372VA 24 27 49712.2 107 10, 135 8, 87 6, 182 13, 101 11.9604
HD053HN 10 29 49714.8 81 6, 186 11, 125 9, 148 7, 170 10, 104 13, 108 5, 109 13, 89 8, 138 7, 171 6, 95 6, 91 12, 156 6, 102 15, 167 11, 127 13, 156 14, 102 7, 185 15, 125 14, 157 10, 135 0.585185
LS395YD 4 28 49717.5 179 15, 104 9, 108 8, 181 7, 98 8, 134 10, 115 11, 122 9, 85 9, 82 8, 103 9, 96 12, 174 6, 172 14, 130 9, 183 6, 165 8, 127 8, 106 13, 82 5, 100 13, 165 10, 142 8, 124 9, 173 8, 143 10, 130 13, 149 15, 160 15, 94 2.31915
ZK096EM 26 29 49721.8 136 6, 88 7, 96 10, 99 6, 114 0.964912
FC757VR 11 29 49728.2 180 10, 168 13, 87 6, 172 15, 168 11, 156 9, 124 5, 149 11, 111 14, 81 14, 83 14, 133 15, 142 14, 159 12, 154 10, 89 8, 170 12, 81 15, 175 3.05714
JM223TZ 23 29 49736.8 172 13, 187 14, 115 11, 176 13, 184 6.84239
NC059LK 18 25 49738 101 11, 147 6, 176 8, 178 9, 82 9, 155 6, 115 14, 183 6, 119 9, 91 9, 150 5, 181 2.81215
JX286AZ 20 26 49746.8 179 6, 135 9, 150 14, 160 15, 138 5, 174 13, 151 14.7616
XP904YS 20 24 49750.3 140 15, 164 11, 156 13, 117 13, 167 0.0299401
YL438RY 16 18 49754.5 87 7, 115 5, 160 10.15
PY947BX 26 29 49759.6 155 10, 167 9, 84 0.511905
ZA118EM 24 27 49767.4 167 7, 161 15, 128 12, 176 6.39773
MR458BC 24 25 49773.5 115 14, 152 3.38158
DN046FZ 21 28 49781.4 169 12, 152 7, 92 5, 148 14, 145 7, 168 8, 131 11, 146 10, 183 5.83607
CF406FL 20 23 49784.1 137 13, 95 5, 165 14, 101 8.25743
ES304JA 4 24 49793.1 184 14, 153 8, 100 6, 181 15, 174 6, 182 12, 186 12, 147 12, 158 9, 115 9, 111 14, 177 7, 85 13, 92 9, 150 5, 187 14, 82 11, 164 6, 100 11, 110 6, 100 7, 175 8, 108 6.27778
LL668YW 23 27 49798.2 133 13, 107 9, 166 6, 108 10, 138 9, 146 11, 187 3.67914
VR842HS 4 25 49801.3 186 8, 166 15, 163 9, 126 5, 167 15, 174 7, 99 12, 132 11, 144 14, 105 9, 139 9, 99 10, 156 5, 158 10, 189 8, 171 11, 131 12, 182 11, 114 9, 102 6, 91 14, 180 12, 140 9, 144 0.965278
PM934JG 12 25 49810.9 102 8, 106 9, 116 6, 111 5, 95 7, 123 11, 93 12, 101 8, 149 12, 81 9, 126 6, 136 10, 127 10, 134 8, 130 5, 163 9, 180 12, 108 7, 108 12, 189 6, 171 3.8655
EA158XD 17 29 49816.8 104 13, 139 9, 186 14, 169 11, 188 14, 123 13, 143 6, 150 5, 140 11, 144 10, 167 15, 138 5, 101 7.90099
ZC711RV 9 21 49822.4 102 11, 180 9, 124 11, 151 9, 167 6, 185 12, 169 12, 156 6, 108 9, 120 11, 100 15, 80 10, 93 14, 117 5.68376
DS665GD 16 19 49828.2 97 5, 183 7, 108 14, 169 1.23077
XY691YJ 2 22 49837.3 164 8, 131 13, 104 11, 178 8, 173 12, 123 12, 115 6, 126 15, 174 11, 142 15, 168 12, 112 5, 121 15, 85 10, 178 11, 188 13, 137 13, 94 7, 82 11, 151 14, 168 1.25595
MZ606DA 10 18 49845.1 107 10, 141 5, 81 9, 82 10, 124 9, 98 15, 120 5, 151 9, 188 7, 162 9, 80 5, 145 0.268966
BG315SN 26 29 49854.5 178 7, 162 11.4198
AG055PZ 14 27 49863.8 112 15, 117 11, 91 15, 116 11, 100 10, 174 13, 89 12, 110 14, 125 14, 84 10, 183 13, 107 14, 116 12, 103 15, 111 10.6847
ND473WP 22 27 49873.7 151 5, 106 15, 86 12, 129 8, 121 7, 146 7, 162 14, 190 8, 90 4.88889
XV371MV 16 27 49878.1 112 10, 154 12, 85 11, 110 11, 92 13, 130 10, 152 7, 162 10, 169 9, 114 6, 190 8, 91 15, 185 11, 86 10, 125 5, 152 3.65132
GY894KB 1 23 49887.5 178 10, 171 7, 137 9, 162 6, 93 7, 166 15, 118 13, 96 12, 115 9, 163 8, 136 9, 105 11, 165 9, 86 10, 129 12, 81 7, 121 6, 136 10, 187 11, 104 7, 118 5, 80 10, 124 5, 186 13, 129 6, 143 6, 93 5, 142 7, 189 6, 144 2.6875
MK781AP 13 25 49889.1 114 9, 183 5, 130 6, 184 7, 180 6, 159 13, 84 11, 143 5, 168 13, 84 15, 159 5, 190 8, 90 14, 117 5, 93 13, 81 10, 183 12.6995
AT210BF 1 20 49892.3 113 14, 145 6, 184 9, 185 7, 143 14, 93 5, 94 9, 187 12, 190 6, 150 6, 126 5, 185 5, 92 12, 138 11, 135 5, 171 12, 98 6, 181 6, 130 7, 182 10, 159 11, 102 13, 156 8, 147 0.455782
KY155LB 23 29 49899.5 132 6, 118 9, 92 14, 173 11, 112 8, 102 7, 146 12, 91 6, 168 4.24405
VZ671HH 8 20 49901.3 159 15, 185 12, 110 9, 119 7, 149 15, 98 5, 94 13, 111 12, 151 12, 96 6, 158 8, 157 9.06369
VM586LK 20 23 49910.9 126 11, 140 9, 164 6, 163 5, 104 9.18269
AN592DR 7 21 49918.9 134 13, 112 15, 134 15, 180 5, 183 10, 165 13, 185 12, 183 14, 155 15, 179 10, 179 11.9441
ZB333PC 9 16 49927.5 131 8, 84 13, 168 7, 99 14, 147 8, 184 14, 117 8, 110 6.65455
VF568ZK 13 21 49936 174 7, 165 12, 86 14, 106 14, 142 15, 190 10, 160 14, 88 8, 171 3.7076
VW588ZX 19 20 49938.6 172 7, 179 5.94413
SC741DA 11 19 49940.1 182 13, 103 5, 84 12, 189 11, 98 7, 145 14, 160 14.7625
YV570YS 4 22 49941.2 157 10, 98 6, 110 11, 157 7, 154 14, 101 12, 128 9, 105 11, 131 12, 147 12, 130 13, 168 12, 136 15, 93 13, 128 11, 145 6, 151 10, 152 5, 114 11, 138 5.93478
RD472NG 22 29 49950.4 109 8, 93 10, 156 6, 118 12, 135 15, 105 13, 123 5, 184 13, 183 5, 92 4.36957
XV982XD 13 20 49960.2 98 6, 163 14, 162 14, 122 6, 134 15, 116 6, 81 10, 80 13, 168 4.36905
HZ302XV 15 26 49967.3 96 13, 177 11, 186 5, 86 15, 169 7, 111 10, 190 11, 84 11, 183 7, 114 9, 147 14, 103 11, 174 7, 109 9, 179 5, 120 0.8
GY483EB 4 18 49969.4 144 6, 120 7, 153 13, 159 15, 127 6, 85 10, 89 6, 144 12, 93 7, 147 9, 116 11, 97 5, 146 6, 135 12, 160 10, 171 14, 160 4.58125
VT166WL 18 26 49971.6 109 13, 151 8, 86 6, 184 9, 176 10, 97 5, 105 8, 147 6, 149 6, 105 5, 142 13, 146 12, 158 7.18354
XN582CM 14 26 49977 183 9, 141 11, 154 15, 150 5, 88 8, 140 9, 105 10, 99 5, 167 13, 166 13, 184 14, 138 11, 101 6, 165 9.32121
DZ601KN 8 17 49985.5 92 9, 95 10, 164 7, 110 6, 86 6, 93 11, 83 13, 156 14, 140 6, 82 11, 157 11, 183 0.617486
ZV025AW 25 27 49989.9 174 12, 156 8, 92 8.54348
NK698DV 11 23 49997.6 126 11, 152 7, 184 7, 147 7, 180 9, 148 11, 87 14, 139 14, 153 13, 84 9, 139 11, 180 14, 127 5.83465
ZT129XZ 23 26 50003.4 144 7, 124 13, 97 15, 169 12, 130 3.59231
JH273NM 11 18 50008.1 97 5, 83 13, 189 5, 88 11, 105 14, 96 14, 131 11, 172 6, 114 6, 117 7.86325
EB590JJ 19 25 50015.2 190 10, 132 13, 153 10, 111 13, 88 6, 172 5, 162 7, 153 15, 176 2.52273
JJ568BH 1 5 50021.3 104 5, 156 9, 88 7, 147 5, 182 11, 141 2.78723
YA371PL 2 22 50029.6 141 6, 174 11, 92 8, 88 14, 129 13, 80 9, 186 7, 163 11, 128 15, 185 10, 158 7, 148 5, 99 5, 169 6, 103 9, 98 8, 121 10, 158 14, 178 13, 81 12, 174 11, 102 14, 178 11.0225
LS091CC 3 26 50031.5 154 15, 135 15, 147 8, 118 5, 158 9, 156 5, 186 5, 161 11, 189 8, 88 13, 104 7, 100 9, 179 11, 172 14, 179 15, 178 11, 116 10, 185 7, 92 11, 103 12, 113 10, 131 9, 134 6, 144 12, 136 10, 175 12, 136 0.279412
MV718HB 2 11 50035.7 188 12, 185 14, 93 11, 134 6, 88 15, 101 8, 152 10, 162 5, 109 12, 153 5, 95 7, 94 7.30851
NZ883RK 17 20 50043.2 155 5, 149 5, 138 6, 126 13, 82 6, 172 1.94186
YY852RA 17 23 50050.5 154 7, 148 15, 187 5, 184 8, 146 11, 144 11, 172 7.65698
GA816RW 22 24 50060.2 148 5, 188 13, 108 9, 145 0.717241
YR915TS 11 15 50066.1 134 6, 100 14, 172 15, 126 8.65079
TM790FJ 27 29 50069.5 84 7, 133 5.81955
HH731GD 22 29 50070.4 112 14, 142 10, 183 5, 139 11, 82 7, 140 14, 158 8, 166 15, 190 0.778947
TW607EJ 12 16 50071.4 171 13, 181 9, 154 8, 87 9, 174 4.93678
XL788PK 2 27 50079 127 5, 131 7, 156 5, 184 12, 155 9, 127 15, 165 15, 86 6, 165 9, 146 5, 176 5, 80 11, 172 7, 187 11, 168 15, 87 10, 182 13, 140 8, 142 5, 127 7, 101 11, 86 7, 186 5, 190 15, 93 13, 182 13, 112 6, 186 12, 181 12, 163 5.44785
LP771NC 9 14 50080.3 180 7, 157 10, 166 15, 108 11, 143 7.02098
CK788BP 9 14 50090 131 15, 138 11, 128 11, 185 9, 150 6.37333
GL909AA 22 25 50096.2 107 13, 184 10, 169 9, 178 6, 111 5.08108
SG112SY 14 22 50097.2 128 11, 158 13, 93 8, 110 9, 134 14, 104 5, 182 14, 171 6, 123 3.21951
CB986PP 26 27 50103.3 80 7, 177 6.63277
TR032AS 22 26 50106.8 140 14, 90 12, 170 13, 122 7, 142 11, 80 13.825
ST687WR 28 29 50112 134 5.8209
PG599GP 26 28 50112.9 95 14, 166 5.93976
BH573SR 26 27 50116 186 9.32258
VL017WG 13 19 50122 158 14, 88 15, 185 7, 188 8, 84 9, 91 5, 149 5, 104 5.81731
BT623JC 22 27 50123.2 153 14, 142 12, 108 13, 141 15, 124 9, 152 8, 129 5, 135 1.21481
KW311LR 6 27 50132.8 148 7, 91 9, 146 9, 164 15, 133 8, 102 13, 149 11, 153 7, 86 5, 117 11, 114 13, 105 11, 102 12, 147 15, 125 10, 89 7, 121 6, 173 9, 168 5, 183 9, 101 10, 140 8, 184 9, 127 6, 85 10, 112 9, 130 12, 127 5
WD305TV 5 12 50139 133 13, 167 14, 162 7, 120 6, 170 11, 162 10, 155 7.33548
NL211TA 7 18 50139.6 107 13, 99 10, 168 9, 86 10, 112 14, 135 6, 171 6, 130 8, 80 12, 89 10, 151 6, 81 15, 135 5, 164 5, 152 9.20395
BW687AM 3 7 50145.7 123 7, 108 10, 124 12, 140 14, 185 5.31351
KD078AE 5 8 50147.5 139 12, 142 5, 172 5, 173 7, 126 7, 98 9.33673
KL125DE 5 16 50149.6 84 15, 151 11, 102 11, 136 15, 156 14, 120 10, 118 10, 168 13, 121 11, 144 8, 96 8, 165 7.22424
AA675WM 2 11 50151.4 130 14, 88 10, 113 15, 166 14, 127 11, 190 7, 128 15, 164 8, 107 11, 88 7.96591
YX804NB 26 28 50153.4 128 14, 131 4
NH834AJ 18 26 50155.4 173 8, 112 14, 184 10, 155 10, 186 7, 147 7, 119 9, 82 12, 161 12, 150 15, 81 0.0740741
VL108LY 7 27 50157.4 162 14, 109 5, 169 6, 139 6, 91 6, 118 11, 140 6, 188 8, 167 8, 182 6, 156 14, 140 7, 128 11, 154 8, 184 8, 105 13, 155 13, 82 8, 104 14, 81 11, 132 10, 156 13, 165 9, 100 10, 142 11, 162 2.35185
HJ911YH 3 4 50161.1 97 8, 172 4.34884
FA313YT 15 16 50161.9 123 12, 94 2.23404
EA536EV 28 29 50171.7 178 4.38202
JR131VZ 17 25 50181.6 114 13, 86 11, 171 8, 177 6, 157 5, 173 15, 87 12, 119 10, 117 8, 83 8, 182 8, 186 4.65591
ZJ443RX 18 26 50183.1 113 7, 93 15, 153 13, 104 13, 168 14, 122 15, 190 13, 127 9, 164 9.71951
DX634HB 14 29 50192.3 190 15, 118 11, 83 7, 81 13, 107 8, 125 15, 98 15, 151 12, 95 7, 158 9, 186 14, 170 6, 185 11, 131 10, 136 12, 127 7.45669
FZ989SL 5 19 50200.3 107 9, 151 10, 149 9, 158 6, 146 7, 129 13, 156 7, 112 15, 166 6, 101 9, 125 5, 157 11, 90 10, 96 10, 130 10, 127 15, 93 10, 116 2.37069
SP915AB 17 28 50202.4 169 14, 176 14, 152 9, 187 14, 102 9, 102 12, 119 10, 135 9, 115 6, 129 14, 185 15, 118 3.9322
MY747KS 8 15 50210.9 84 13, 84 10, 109 7, 164 6, 115 5, 94 8, 118 11, 167 13, 153 5.66667
NV997EW 6 26 50217.7 160 8, 144 10, 153 8, 116 15, 129 10, 166 5, 150 13, 118 10, 178 9, 127 10, 83 14, 159 15, 122 13, 152 13, 186 15, 127 14, 160 10, 132 12, 114 11, 91 6, 177 5, 112 5.98214
TG763CR 20 26 50222.9 84 7, 187 14, 176 11, 156 7, 172 9, 161 6, 95 9, 188 12.5904
MT270CS 28 29 50226.6 130 6
NJ959MA 2 21 50233.6 134 6, 101 7, 146 6, 154 13, 113 8, 151 14, 144 13, 101 13, 88 5, 104 15, 127 14, 175 5, 136 10, 166 12, 83 7, 175 7, 118 14, 109 8, 84 8, 163 8, 116 7, 117 5, 116 6, 97 14, 169 7, 156 4.27564
BF588SY 13 27 50241.3 150 6, 133 10, 152 7, 98 10, 134 12, 117 9, 165 5, 92 11, 165 14, 141 7, 122 12, 82 12, 133 7, 152 15, 109 13, 121 12, 120 10, 183 9, 119 10, 117 1.96581
NF646RE 4 15 50246.4 89 5, 93 6, 163 13, 117 12, 138 13, 161 8, 113 13, 82 11, 167 9, 150 14, 160 10, 145 8, 95 0.778947
XN199CE 15 18 50247.4 152 11, 137 15, 180 4.26111
CP038VR 24 26 50250.2 182 12, 114 7, 103 10, 170 2.94118
FY429BC 28 29 50258.7 105 5, 153 1.66667
YY530AP 8 20 50268.2 142 12, 172 15, 171 15, 110 14, 132 13, 125 12, 142 6, 129 8, 91 5, 136 11, 112 5, 174 4.49425
WB951NM 17 24 50270.6 123 13, 101 6, 137 6, 157 6, 145 9, 92 8, 162 14, 117 15, 104 6, 112 8, 111 6.45946
JD305MS 14 20 50278 153 7, 93 12, 81 8, 122 13, 133 6, 172 13, 102 6, 141 2.10638
EF555TR 24 25 50282.3 89 11, 158 7.24684
BL699PP 2 5 50289.5 124 9, 102 8, 147 10, 188 7.65957
GM280ZJ 13 18 50291.1 171 14, 131 5, 112 15, 162 11, 118 14, 153 0.333333
YT121CM 2 11 50294.1 171 8, 116 13, 175 13, 179 13, 98 12, 119 6, 121 5, 165 7, 171 10, 126 6, 105 9.1619
VB058VZ 26 27 50295 179 7, 91 5.28571
VR279NF 27 28 50303.4 143 4.06993
PB373HY 20 28 50304.9 96 10, 128 8, 115 5, 85 6, 148 13, 154 10, 140 6, 123 7, 93 11, 173 7, 154 8, 178 8, 91 6, 105 5.86667
PA613TR 13 21 50311.5 136 11, 116 13, 122 5, 138 5, 102 15, 188 10, 99 15, 180 14, 135 11, 130 2.23077
AL002LV 14 20 50315 147 10, 155 8, 114 12, 118 14, 184 9, 189 5.1746
NG569CW 27 28 50317.8 88 6, 161 0.335404
JK793BP 12 22 50318.6 114 15, 127 15, 113 11, 103 9, 184 10, 102 7, 169 13, 110 7, 121 12, 176 10, 174 6.66667
DH700XE 17 22 50327 107 5, 86 15, 95 10, 141 12, 149 13, 169 9.50296
FZ612JE 28 29 50327.9 178 4.38202
WY548MC 20 24 50330 118 11, 129 12, 95 8, 183 12, 122 9, 120 4.65
YY168NW 8 17 50335.6 127 15, 142 12, 99 5, 184 12, 105 6, 146 11, 124 13, 91 9, 135 5, 162 1.95062
TL788DZ 25 28 50337.3 175 9, 156 12, 183 6.86885
PD219XG 26 28 50340.2 103 15, 103 6, 140 1.09286
SC348MH 16 25 50348.2 128 7, 109 7, 177 8, 128 11, 91 12, 90 10, 95 13, 139 8, 174 9, 119 14, 174 11, 84 9, 168 3.64286
ZE099NN 19 26 50353.8 131 6, 152 15, 118 12, 114 12, 165 12, 173 13, 171 7, 130 7, 117 11, 173 4.42197
YX995ZF 17 24 50358.3 124 8, 100 11, 157 9, 133 10, 150 11, 131 15, 148 9, 145 8, 86 8, 160 4
XS036GV 6 7 50360.3 99 6, 175 2.57143
RY783BS 24 27 50367.6 144 12, 102 9, 116 14, 144 12, 96 2.58333
ZD794WK 21 22 50376.8 147 5, 103 1.25243
JD487NK 21 22 50384.7 95 9.09474
CY308SG 28 29 50391.9 145 5.37931
BM608YB 21 26 50401.5 87 9, 93 9, 157 6, 88 11, 138 7, 92 7, 158 14, 90 14, 146 7.0137
MX745XW 27 29 50408 113 9, 95 3.63158
ED876WA 12 28 50414.5 111 13, 124 9, 177 7, 135 10, 174 11, 141 9, 94 7, 98 5, 81 12, 190 15, 129 12, 151 13, 165 10, 98 9, 142 15, 171 6, 153 9, 163 5, 187 11.0909
TT459HZ 11 16 50424.3 176 13, 122 15, 159 9, 163 5, 126 5, 99 5.71717
JV144KS 1 19 50428.7 119 12, 160 10, 98 13, 159 9, 146 14, 102 7, 140 6, 133 12, 86 11, 93 13, 80 14, 136 9, 134 15, 86 10, 185 9, 177 15, 138 8, 150 7, 103 7, 89 8, 188 1.20745
VZ974DM 2 12 50434.4 87 9, 102 10, 179 9, 117 11, 168 10, 165 10, 114 10, 152 8, 158 15, 157 13, 181 3.27072
WA566WD 15 17 50442 80 5, 117 14, 163 3.61963
ZB695NG 8 9 50451.7 179 5.06145
BG080NT 12 16 50457.1 133 6, 152 15, 86 12, 107 12, 118 9, 183 1.47541
CS390JP 11 24 50458.8 81 5, 106 6, 158 7, 145 8, 135 9, 169 8, 129 10, 184 11, 180 6, 190 14, 86 5, 161 12, 120 5, 168 15, 115 8, 88 14, 107 1.96262
JF635EL 28 29 50465.3 165 4.72727
SH218JM 25 28 50471 118 5, 146 13, 89 12, 89 12.8989
AH020YL 5 24 50473.8 151 11, 152 5, 125 15, 175 8, 84 5, 169 11, 144 11, 139 11, 82 11, 185 13, 106 9, 148 5, 178 11, 84 12, 107 9, 107 5, 136 10, 138 13, 89 14, 125 7, 145 9, 123 9, 182 9, 115 5.28696
XB866DV 23 27 50481.3 168 11, 130 8, 138 13, 118 12, 174 11, 99 2.94949
TK289LY 2 9 50488.7 179 7, 189 10, 109 5, 84 6, 186 12, 107 9, 154 6, 148 10, 143 15, 139 0.417266
ZB393HD 4 13 50496.5 167 12, 148 11, 95 6, 142 11, 127 11, 155 6, 84 15, 149 5, 134 6, 131 11, 88 4.03409
HP193ED 12 22 50505.4 80 13, 156 12, 163 7, 129 5, 174 8, 142 7, 132 12, 88 8, 182 14, 156 14, 170 9.25882
PL771AZ 9 25 50507.3 131 12, 168 7, 87 6, 121 7, 96 7, 156 12, 84 10, 146 9, 184 12, 185 12, 116 13, 98 5, 107 11, 85 10, 176 8, 187 7, 90 15, 153 7, 165 8, 152 6, 125 6.56
GF262CV 15 22 50508.2 101 7, 140 11, 92 11, 149 9, 94 14, 157 11, 84 6, 149 14, 185 2.18919
BM323JP 25 27 50510.7 155 11, 144 13, 150 3.63333
AE907CF 3 5 50518.3 88 11, 87 11, 164 2.60366
ZF271HA 3 22 50527.3 163 11, 155 10, 112 15, 122 11, 179 13, 153 12, 189 9, 102 12, 124 12, 120 15, 161 6, 95 9, 182 7, 127 6, 148 10, 156 5, 134 11, 113 9, 126 8, 189 10, 115 2.87826
MZ057RA 25 29 50527.9 174 7, 134 7, 94 14, 125 15, 80 1.7125
TN027AY 4 20 50537.7 96 7, 146 11, 161 15, 90 8, 176 14, 178 10, 157 13, 153 9, 88 11, 144 7, 138 11, 132 11, 100 5, 131 8, 113 10, 83 6, 137 10, 117 7, 119 3.94958
GM196PN 25 29 50547.7 167 5, 80 14, 128 6, 127 5, 133 6, 140 8, 135 1.54074
ZR195HL 1 11 50551 92 10, 82 7, 168 7, 153 6, 182 5, 101 7, 154 13, 123 8, 185 9, 105 14, 134 12, 112 5, 169 8, 189 2.84656
LB967KV 21 23 50560.2 152 6, 142 5, 176 8.20455
JD868TG 6 19 50568.7 134 8, 91 7, 120 5, 101 15, 95 12, 83 14, 152 14, 184 13, 125 5, 103 13, 144 8, 83 7, 142 7, 100 5, 98 15, 104 4.58654
CN953LM 11 19 50578.6 90 13, 122 13, 86 8, 86 7, 80 14, 158 14, 113 11, 177 10, 90 7.27778
NB159YN 12 17 50586.1 106 7, 121 15, 95 13, 84 5, 130 14, 101 6, 113 9.11504
DS477PL 17 27 50588.5 159 9, 117 11, 87 5, 90 15, 97 5, 116 15, 168 15, 149 15, 136 13, 123 9, 87 15, 172 15, 177 1.54237
DN593LH 27 28 50590 115 5.06087
YY424BK 1 28 50590.9 106 11, 134 14, 159 5, 180 10, 176 15, 87 11, 172 9, 97 14, 143 7, 157 10, 161 11, 187 15, 181 13, 110 7, 186 11, 108 5, 153 11, 184 12, 89 9, 96 6, 150 8, 166 11, 162 9, 119 14, 102 5, 187 6, 153 6, 158 8, 138 11, 190 6, 151 0.649007
ED264LZ 21 23 50598.5 133 14, 173 6.95954
MA739FJ 24 27 50603.7 114 13, 157 6, 130 8, 112 6, 93 8, 172 6, 121 2.76033
PE175JV 28 29 50613 189 4.12698
XT737XS 28 29 50622.8 109 7.15596
SA413HT 18 26 50627.8 147 9, 190 13, 104 14, 133 12, 157 8, 158 14, 103 10, 161 11, 119 11, 144 3.42361
XR535TS 25 29 50636.6 121 5, 100 7, 101 9, 82 13, 102 12, 83 11, 81 0.82716
TC587LW 25 27 50638.8 124 7, 139 14, 159 8, 184 0.195652
XF859LB 4 12 50642.2 169 15, 105 6, 160 13, 188 12, 135 10, 172 14.6802
ZL537SJ 2 23 50650.1 184 13, 92 15, 161 8, 85 8, 187 8, 86 6, 130 13, 116 9, 168 12, 89 10, 175 11, 108 12, 148 15, 158 13, 151 15, 97 9, 153 9, 120 10, 143 10, 181 9, 136 11, 173 5, 147 8, 138 0.521739
WM979CZ 2 5 50659.8 116 11, 148 5, 110 6, 107 14, 177 3.77401
DJ047HK 6 8 50665.4 101 15, 104 7, 190 5.40526
ZR377BM 3 18 50669.9 135 15, 140 8, 188 10, 188 13, 155 14, 111 13, 184 14, 85 5, 124 5, 118 7, 138 15, 159 9, 136 9, 164 7, 138 7.47826
DJ659LV 11 24 50672.7 143 14, 163 6, 135 12, 181 14, 86 8, 189 10, 155 12, 93 8, 96 11, 98 15, 164 14, 88 10, 175 11, 105 7.89524
BM772NC 7 10 50673.7 147 6, 181 6, 98 8, 148 11, 112 5.35714
YP862MG 21 25 50675.3 108 5, 157 15, 86 5, 117 10, 186 14, 171 0.871345
VR556LR 7 14 50684 190 5, 181 10, 144 10, 105 15, 92 6, 88 11, 80 13, 134 5, 117 7, 157 5.22293
YL903BF 13 20 50686.4 115 8, 119 14, 131 10, 98 6, 154 11, 103 11, 108 11, 99 10, 113 14.7876
YB549SD 21 29 50688.6 90 11, 100 13, 84 12, 147 11, 88 11, 86 12, 126 9, 97 8, 147 15, 84 8, 95 10.8421
AL481RT 26 27 50691.7 114 9, 80 8.85
DL905GZ 25 29 50695.1 103 11, 166 12, 157 12, 178 2.66854
MJ513YW 28 29 50701.3 161 4.84472
ZC302SA 18 29 50710.4 188 10, 86 12, 101 12, 84 5, 153 6, 189 7, 146 5, 99 9, 108 6, 122 15, 116 5, 137 12, 80 12, 98 14, 178 10, 189 4.19048
FH932VD 22 25 50719.4 172 14, 147 5, 112 13, 90 11, 109 7, 133 0.240602
RJ475JT 27 28 50729.4 82 6, 91 0.989011
DR070CK 23 27 50731.7 166 6, 102 14, 116 6, 150 13, 145 7, 145 6, 158 6, 101 3.9703
LC439CR 25 27 50734.4 168 12, 181 11.6354
SL439YT 26 28 50744.4 113 15, 95 6.53684
LZ987DR 8 28 50746 110 13, 184 5, 108 14, 177 15, 184 6, 80 8, 162 7, 172 15, 131 15, 126 7, 159 9, 124 13, 102 13, 128 5, 141 12, 182 10, 114 14, 90 12, 152 11, 158 6, 124 9, 122 9, 96 2.23958
WC438PS 28 29 50753.3 81 9.62963
MF319VV 24 28 50762.1 153 10, 117 9, 126 5, 124 15, 181 9.69613
WR493SP 6 19 50766.7 150 11, 185 8, 171 11, 85 13, 165 8, 181 11, 163 13, 117 15, 99 6, 162 13, 122 14, 92 0.815217
RG338DL 22 28 50774.6 107 14, 90 5, 99 14, 177 15, 120 5, 172 6, 132 13, 156 8, 182 2.76374
WV793FS 12 19 50777.5 160 14, 98 7, 168 12, 141 13, 176 12, 110 12.0455
VV386DD 27 28 50782.3 137 4.24818
CL663BW 11 14 50791.2 163 10, 183 11, 134 9.75373
VX430CK 6 14 50796.2 141 7, 95 9, 145 12, 186 11, 127 8, 143 15, 101 9, 171 11, 136 0.801471
RM932AY 16 25 50799.6 114 13, 86 12, 174 8, 159 12, 99 6, 101 5, 165 13, 185 11, 125 12, 166 14, 127 3.29921
ZW931PZ 4 23 50809.1 97 5, 127 5, 169 9, 102 11, 117 7, 96 12, 174 5, 161 6, 162 12, 169 10, 162 8, 91 12, 86 6, 135 13, 147 5, 99 7, 137 10, 125 9, 162 6, 106 7, 122 11, 168 9, 187 10, 164 9, 162 6, 188 3.10638
CY923CS 13 21 50809.9 91 11, 174 11, 183 8, 105 5, 154 11, 190 15, 125 5, 150 14, 134 9, 166 0.692771
TC514JY 2 4 50816.8 183 6, 104 12, 128 9, 184 2.80435
SB952RF 14 29 50819.3 149 9, 107 9, 107 10, 131 7, 82 10, 158 6, 164 11, 89 12, 129 14, 168 8, 104 5, 84 15, 135 15, 165 6, 183 13, 171 12, 154 12, 120 2.29167
LT480HT 11 24 50824.9 177 10, 134 6, 84 5, 144 6, 81 15, 139 9, 178 7, 129 14, 180 15, 164 15, 145 12, 148 10, 81 9, 116 14, 189 3.50794
JB705LN 25 28 50829.1 172 7, 85 10, 156 15, 91 3.40659
AT188NX 10 29 50833.4 127 11, 109 8, 98 14, 102 15, 133 13, 113 13, 108 13, 121 9, 126 13, 83 9, 130 13, 161 13, 164 7, 127 10, 160 15, 107 13, 139 14, 150 6, 176 11, 126 8.51587
AE347NF 12 27 50836 165 10, 179 14, 168 15, 177 11, 155 9, 153 10, 122 10, 177 9, 131 7, 152 12, 129 9, 94 6, 188 5, 113 13, 164 11, 104 13, 190 9.43158
FP985JJ 25 26 50837.5 85 13, 91 11, 187 1.50802
YN963BV 23 25 50839 179 10, 139 6, 105 5, 91 10, 110 1.11818
BZ164ZC 1 11 50842.5 120 12, 103 7, 119 10, 159 10, 85 12, 153 13, 142 11, 90 15, 102 7, 163 11, 185 10.8919
RL536LR 28 29 50844.4 92 7, 156 0.871795
ZC638JP 28 29 50848.8 101 7.72277
XP318TH 16 21 50856.1 165 9, 98 14, 153 8, 134 14, 113 7, 177 7.57062
JX220CV 25 27 50864.6 111 14, 103 8, 126 8, 177 4.15819
BW685SW 22 23 50865.5 98 12, 158 5, 84 2.80952
LV388MJ 18 22 50866.4 109 15, 127 11, 98 15, 85 7, 185 5.65946
EW900HG 27 29 50871.4 143 9.52448
XT670FK 23 28 50881.2 167 11, 102 14, 107 6, 159 9, 185 7, 157 14.3503
LH962AM 23 27 50890.3 187 5, 148 5, 144 9, 114 13, 115 9, 166 6, 168 7, 142 4.53521
AZ828VR 26 29 50895.4 155 12, 116 7, 173 2.45087
WB826MT 25 29 50899.2 108 15, 182 13, 161 9.30435
ZD927RM 18 21 50904.4 111 6, 106 8, 176 6, 80 8, 119 11, 158 4.81646
VG748GS 19 29 50910.6 86 13, 119 15, 150 10, 143 15, 123 13, 116 7, 163 13, 180 9, 89 14, 101 6, 142 13, 185 5.07027
EN990WK 27 29 50918.2 172 7.9186
YZ977MV 23 27 50928 86 10, 153 9, 142 14, 187 11, 136 10, 101 6.55446
TW308GW 5 17 50932.2 179 10, 160 9, 146 7, 108 6, 120 10, 151 5, 155 7, 131 9, 117 8, 157 6, 82 6, 106 13, 80 13, 107 10, 91 9, 102 13, 165 6.6303
HX689WF 5 12 50938.7 156 9, 162 13, 98 14, 134 7, 100 13, 138 10, 150 13, 121 0.809917
JN942AE 4 26 50942.8 162 11, 136 14, 123 10, 156 15, 106 6, 114 15, 153 14, 115 13, 113 15, 153 8, 136 14, 119 11, 188 8, 90 14, 120 15, 119 13, 166 15, 155 12, 92 5, 132 12, 85 13, 90 13, 171 9.79532
VE649LX 1 13 50946 162 10, 142 5, 138 12, 102 14, 177 7, 118 5, 105 8, 156 15, 86 9, 85 6, 168 6, 80 14, 146 12, 106 13, 158 3.62658
VE711DY 9 14 50946.6 152 12, 92 12, 80 10, 188 10, 190 10.0211
ET563YP 19 26 50948.7 154 13, 126 11, 170 14, 96 10, 135 9, 106 7, 162 9, 80 8, 89 11, 84 7, 150 12.5867
VR876PN 8 17 50952.6 153 6, 94 9, 173 5, 129 7, 111 8, 115 11, 172 6, 178 9, 124 5, 144 5, 162 6, 93 10, 139 2.94245
EW658YP 13 28 50959.5 105 5, 99 6, 139 11, 86 13, 149 13, 173 14, 85 6, 182 15, 115 15, 174 5, 81 11, 169 9, 169 9, 99 14, 142 12, 148 15, 168 13, 109 0.541284
NH012JY 4 6 50960.3 83 9, 167 14, 171 4.20468
DZ406SK 22 25 50962.6 112 12, 102 13, 160 6, 155 11, 122 8, 146 0.5
NF248JP 18 19 50969.6 190 3.56842
NH636DS 5 27 50977.1 89 9, 182 13, 95 5, 84 14, 136 10, 133 15, 120 6, 159 8, 90 9, 171 8, 113 8, 124 9, 100 13, 189 14, 116 12, 124 7, 165 9, 157 8, 103 15, 117 7, 140 10, 80 7, 123 7, 139 15, 136 8, 182 13, 100 11, 101 5, 161 6.78882
YK846GW 23 27 50986.3 138 5, 152 14, 140 12, 188 12, 141 6, 170 4.14118
FV898MR 21 25 50990 134 11, 167 14, 92 14, 97 11, 190 5.68947
NB498TV 21 24 50996.9 82 8, 111 11, 111 12, 161 8, 113 5.54867
KL034DE 27 28 51005.5 156 3.73077
YL580SK 17 22 51013.1 155 8, 167 11, 97 6, 100 5, 139 15, 92 13, 116 4.91379
JT097CN 13 14 51020.7 99 12, 159 10, 147 0.122449
BB707ZN 7 18 51026.6 159 7, 128 13, 80 12, 183 7, 163 11, 86 12, 167 9, 131 11, 96 10, 133 15, 93 15, 133 6.95489
XL085XH 14 26 51036.4 171 9, 161 13, 93 9, 107 15, 143 14, 92 12, 189 13, 116 9, 90 7, 111 12, 86 11, 99 15, 177 15, 153 3.95425
YP079LM 8 14 51038.5 112 8, 168 13, 134 5, 97 12, 132 13, 160 11, 174 0.16092
BS853HE 23 24 51039.5 139 7, 135 6, 187 1.47059
HD980BY 26 28 51045.2 165 12, 100 3.36
BE751BJ 9 15 51048.8 91 9, 120 7, 187 15, 171 13, 98 7, 184 5.77717
JA854MJ 21 26 51056 119 10, 84 8, 103 9, 104 6, 122 15, 162 5, 133 10, 113 6, 154 10.2273
ZZ557ZZ 5 8 51061.6 129 7, 87 8, 159 13, 171 12, 160 3.3
CD990HG 17 29 51067.3 82 11, 101 13, 163 5, 122 10, 114 7, 149 13, 113 8, 148 13, 142 7, 84 9, 131 11, 104 11, 120 15, 119 10, 120 14, 126 8.4127
SX917AL 3 29 51071.4 103 9, 131 10, 171 9, 98 5, 104 6, 141 6, 137 11, 88 8, 142 8, 133 12, 125 6, 80 12, 173 9, 104 15, 90 12, 102 14, 139 7, 106 7, 82 15, 127 7, 114 9, 185 9, 101 13, 126 10, 129 13, 167 8, 129 9, 151 5, 109 8, 135 12, 98 10, 166 8, 120 15, 140 7, 184 4.4837
FZ548EK 22 29 51080.4 122 5, 117 12, 91 14, 82 7, 93 6, 146 12, 146 5, 179 7, 135 8, 162 13, 143 3.68531
CC421BD 25 26 51090 121 6, 123 6, 96 9.625
HM026HP 24 25 51092.1 186 11.4194
DS226ZA 24 29 51100.8 177 9, 190 8, 130 15, 149 5, 170 7, 180 3.38889
FM584SC 7 24 51105 97 5, 162 7, 139 11, 186 10, 109 5, 125 5, 119 13, 111 13, 165 10, 115 15, 82 11, 146 13, 95 7, 155 10, 107 5, 128 12, 123 12, 143 14, 188 10, 99 9, 108 5.44444
JJ494ST 18 28 51111.3 158 9, 146 10, 165 15, 159 10, 148 13, 149 10, 167 12, 84 14, 107 14, 184 5, 128 6, 93 5.43011
HN911LH 26 27 51113.5 118 9, 177 3.79661
ZJ784RR 13 22 51116.4 170 10, 143 13, 139 10, 177 10, 144 10, 171 9, 188 9, 106 5, 156 8, 147 8.09524
SH807RF 7 10 51124.2 95 11, 124 10, 172 7, 115 5, 118 5, 98 3.32653
TL684KZ 13 24 51131 139 9, 157 15, 82 9, 115 8, 141 6, 105 15, 92 9, 134 5, 141 15, 185 8, 128 12, 105 12, 132 9, 159 6, 176 5.125
KP566YC 2 4 51140.1 142 7, 159 8, 183 6, 118 5, 110 0.545455
FJ595SD 14 22 51143.2 169 5, 134 6, 121 5, 165 11, 158 14, 84 15, 121 12, 144 9, 83 10, 84 5.27381
DZ933XG 10 28 51151.5 141 7, 180 10, 103 5, 107 5, 119 13, 157 12, 80 8, 120 15, 174 10, 169 7, 146 5, 110 10, 129 10, 122 6, 171 12, 149 13, 113 6, 87 6, 90 9, 86 6, 176 7, 131 8, 87 13, 166 11.4759
LH123PN 5 26 51157.9 154 9, 89 5, 149 11, 160 11, 129 14, 148 12, 123 8, 135 14, 93 7, 160 12, 109 6, 128 8, 185 9, 112 5, 156 9, 101 10, 109 12, 131 8, 131 10, 183 6, 102 8, 92 9, 88 14, 126 9, 99 11, 156 15, 135 7, 92 8, 86 6, 107 0.224299
AM125KJ 9 20 51167.1 82 12, 117 15, 159 13, 117 14, 109 14, 145 10, 181 8, 188 15, 96 5, 92 15, 94 3.48936
DH588KW 25 26 51176.6 116 9, 153 8.78431
DT049XD 16 19 51178 173 10, 154 11.4026
WR193TW 7 22 51187.5 123 12, 121 12, 170 12, 125 11, 179 10, 97 7, 88 8, 170 9, 103 13, 105 11, 87 13, 129 13, 104 9, 87 5, 185 11, 164 8, 114 9, 133 0.857143
GE976PT 6 17 51193.2 174 12, 137 15, 95 13, 117 14, 108 13, 174 5, 184 13, 146 14, 146 10, 174 0.310345
CK493LG 2 12 51196.9 145 6, 89 8, 157 6, 185 12, 178 14, 179 14, 110 7, 185 6, 172 5, 163 9, 129 6, 181 3.68508
VW039VF 20 27 51205.5 125 8, 171 13, 90 7, 121 15, 122 11, 186 13, 144 15, 104 13, 169 4.52071
YJ668GV 24 29 51210.8 93 11, 104 15, 91 14, 103 13, 106 7, 177 9.43503
KW022KE 10 20 51218.3 190 9, 115 14, 137 14, 188 5, 153 12, 116 9, 105 6, 157 15, 119 15, 85 2.35294
RJ498AR 3 23 51220.7 134 9, 165 14, 167 5, 130 10, 85 15, 109 11, 145 7, 190 13, 96 11, 171 12, 150 11, 117 14, 112 7, 180 13, 190 7, 106 14, 171 9, 135 6, 137 7, 146 7, 142 8, 185 7.40541
AC704LG 24 28 51222.8 119 11, 126 5, 157 13, 83 14, 178 7, 174 2.52874
HS654ST 17 26 51227.2 127 7, 187 6, 184 7, 122 10, 84 8, 161 6, 94 8, 179 14, 89 14, 105 10, 111 7, 95 10, 137 6, 117 8, 134 11.8358
KC919KZ 2 4 51231.5 169 12, 108 5, 170 6, 139 3.06475
WF827TL 11 12 51232.8 141 5.91489
KS162VN 17 20 51238.6 140 5, 168 8, 141 14, 154 5.15584
SW526PG 3 13 51241.4 142 12, 141 9, 170 5, 98 12, 84 7, 99 10, 99 7, 103 13, 152 5, 109 9, 139 13, 189 7, 100 6, 105 1.33333
JN717EP 5 13 51246.1 117 12, 107 5, 189 6, 89 6, 144 5, 103 7, 178 12, 85 14, 98 15, 131 13, 154 2.08442
HP550ZE 14 29 51254.2 112 14, 96 5, 185 7, 99 12, 99 6, 98 14, 111 7, 114 9, 184 10, 167 14, 121 15, 134 11, 132 5, 135 11, 173 15, 162 12, 188 5.20745
DX720FB 5 29 51262.7 102 9, 169 9, 86 8, 179 12, 167 14, 140 7, 169 11, 82 10, 154 9, 147 5, 183 11, 103 11, 155 8, 169 10, 106 11, 87 15, 144 5, 157 5, 158 12, 100 11, 95 14, 111 14, 127 10, 175 14, 85 11, 123 11, 142 13, 163 5.6135
DL057AY 13 19 51263.5 113 8, 177 11, 107 12, 139 11, 83 9, 117 14, 156 5.40385
VT469SC 21 26 51265.8 138 10, 132 10, 155 11, 85 8, 126 6, 101 12, 116 9, 152 10.125
DH590SJ 7 11 51269.9 159 12, 171 9, 182 12.3462
GC865LH 27 29 51273.3 136 9, 111 1.24324
FG420RB 27 28 51282.4 91 6.3956
BF151TF 24 28 51291.7 138 12, 98 8, 107 14, 159 13, 102 6, 87 2.42529
LN827CY 3 28 51297.9 149 8, 89 7, 134 13, 95 8, 184 15, 133 10, 163 10, 107 11, 155 11, 144 10, 88 14, 146 6, 180 8, 187 12, 176 14, 87 12, 159 15, 173 9, 154 5, 180 5, 106 5, 94 10, 169 5, 93 12, 98 8, 143 5, 111 9, 116 12, 175 13, 186 4.2957
EV570HZ 27 28 51298.8 181 3.21547
JJ967AF 26 29 51302.9 181 13, 139 5.34532
VL910ZM 27 28 51312.1 105 5.54286
AX889FX 18 25 51317.8 87 7, 100 11, 130 14, 124 14, 108 12, 155 14, 180 5, 108 11, 188 9.09043
KA377CM 10 16 51320.5 171 10, 157 13, 144 7, 106 5, 130 6, 151 5, 186 6, 135 2.47407
NL821BD 25 29 51326 92 8, 112 14, 87 6, 163 14, 87 4.32184
BG435WY 24 25 51332.3 131 7, 122 8, 168 1.375
GV216DZ 4 13 51338.7 106 6, 117 15, 158 10, 146 12, 185 12, 154 5, 162 10, 133 11, 92 5, 113 3.89381
JN513SB 28 29 51340.7 169 4.61538
CX619HD 6 14 51350 104 11, 185 10, 146 10, 86 13, 106 14, 188 13, 190 11, 85 1.15294
DX854KL 4 28 51350.5 95 10, 187 6, 87 13, 174 6, 144 9, 173 12, 92 5, 90 11, 142 14, 105 5, 187 7, 82 10, 179 11, 91 5, 100 9, 108 5, 131 8, 141 8, 182 12, 157 14, 146 9, 83 12, 134 13, 126 6, 107 7, 132 14, 129 12, 149 6, 162 10, 170 5, 159 10.6415
ZW950BW 24 26 51352.1 95 14, 165 7, 87 11, 142 7.53521
PB034HS 9 22 51358.2 170 10, 119 12, 151 5, 127 12, 178 13, 145 7, 152 10, 190 5, 140 7, 94 9, 113 10, 170 6, 145 11, 97 11, 93 5, 186 4.1129
YD917CX 6 28 51366.7 154 14, 184 14, 166 9, 102 12, 100 11, 128 12, 190 9, 168 9, 114 5, 125 7, 118 7, 142 14, 81 11, 106 10, 153 6, 152 12, 185 9, 101 12, 159 14, 132 7, 144 15, 127 7, 178 14, 181 2.81768
CG803BM 1 29 51367.5 89 11, 143 12, 164 8, 108 5, 131 15, 109 14, 176 5, 175 5, 136 6, 148 12, 187 11, 175 13, 131 10, 104 11, 101 6, 105 8, 137 7, 179 7, 95 5, 189 9, 127 8, 181 10, 140 6, 105 9, 120 15, 114 6, 149 8, 93 15, 100 13, 132 15, 161 5, 183 8, 83 7, 179 11, 174 5.62069
ZH350FJ 16 25 51373.7 158 6, 139 5, 143 15, 100 10, 136 15, 148 5, 117 11, 114 7, 138 8, 129 11, 81 12, 81 11, 130 5, 188 3.44149
EM746EN 18 24 51380.3 130 13, 143 6, 115 10, 104 15, 138 5, 100 6, 129 5, 160 5, 158 7, 146 8, 88 1.55682
YE298DX 12 20 51384.1 95 7, 140 15, 126 9, 149 15, 163 12, 163 13, 171 13.2807
NC985RH 19 24 51386.4 183 13, 156 7, 83 5, 121 13, 112 6, 169 11, 150 8, 148 3.62162
AB390HS 25 27 51395 172 15, 162 5, 121 6.04959
ZL563CH 15 20 51402.2 188 7, 178 6, 178 11, 107 6, 82 12, 120 8, 109 4.69725
FZ711AK 21 23 51405.1 124 11, 100 12, 98 5.12245
WR504GH 22 23 51411.4 123 15, 113 3.15929
EN170XR 3 19 51413.9 174 14, 180 14, 132 11, 150 7, 181 15, 82 7, 179 14, 164 6, 157 12, 147 14, 166 14, 170 8, 124 10, 104 0.0865385
NX556ZS 7 25 51416.6 133 11, 105 6, 85 7, 171 7, 110 7, 85 13, 96 6, 85 5, 179 9, 145 5, 119 11, 108 10, 137 15, 173 11, 172 5, 144 12, 103 7, 103 13, 178 12, 137 7, 177 5, 167 14, 118 10, 123 8.13008
ZN911NM 2 8 51424.5 103 14, 179 14, 163 9, 115 10, 127 6, 88 5, 81 7, 124 15, 129 6.93023
DA247PJ 21 23 51428.7 105 15, 164 9.09146
RJ324WP 22 23 51436.9 143 14, 147 1.36054
KE040XA 17 22 51438.3 95 13, 165 7, 136 5, 189 11, 145 7, 167 11, 81 0.111111
CM978EM 9 22 51446.6 112 6, 177 12, 188 5, 166 7, 118 12, 149 5, 107 7, 99 6, 170 13, 149 13, 125 9, 190 9, 89 15, 133 12, 107 7.09346
NB508BJ 22 27 51450.5 151 10, 175 13, 156 7, 149 14, 185 7, 147 12, 142 3.40845
HL511HE 12 22 51458.5 87 11, 186 7, 147 6, 135 6, 85 14, 116 14, 156 11, 110 15, 121 15, 146 11, 99 9, 187 6.60428
EB370XY 13 21 51460.9 170 11, 190 14, 90 14, 188 5, 91 9, 182 5, 89 11, 155 14, 90 12, 168 4.79762
FT361YG 21 27 51465 87 13, 87 9, 178 8, 100 14, 113 13, 112 7, 114 9, 81 7, 175 6, 99 5, 168 5, 128 3.13281
YE936NG 28 29 51470 105 7.42857
MF699GK 25 29 51479.2 132 13, 120 12, 147 15, 187 0.657754
BV848VH 8 16 51488.6 101 5, 174 15, 99 8, 182 14, 128 12, 126 8, 156 10, 113 4.15044
ZM337YA 18 23 51497.3 91 9, 123 7, 85 14, 109 10, 91 9, 99 12, 83 11, 112 11, 156 1.5
CV129PN 24 29 51500.8 155 10, 95 7, 157 14, 110 5, 91 6, 116 8, 143 8.18881
AJ258NG 6 26 51503.9 157 13, 163 10, 98 13, 181 15, 125 5, 141 10, 127 14, 161 9, 113 10, 127 15, 89 9, 134 15, 123 7, 141 15, 106 14, 127 5, 150 5, 103 12, 96 14, 160 15, 190 5, 157 9, 91 0.725275
BF001SR 19 24 51505.5 154 5, 163 5, 103 12, 123 11, 114 7, 97 11, 112 9, 105 11, 132 11.5455
TP170YD 18 28 51507.5 174 13, 128 11, 175 5, 127 9, 144 11, 142 8, 109 15, 142 8, 134 7, 187 8, 179 15, 125 7.472
VM036ZZ 18 27 51516.7 183 13, 129 12, 83 10, 133 7, 86 14, 155 13, 152 10, 85 7, 179 10, 186 15, 89 5, 178 3.38764
MD736NM 11 22 51521.4 137 13, 151 8, 82 14, 125 11, 121 5, 130 15, 179 9, 125 10, 187 14, 181 15, 157 1.59873
NZ258SE 22 29 51526 146 10, 165 7, 118 10, 186 12, 162 10, 84 8, 168 15, 160 6.43125
LF547CL 1 7 51526.7 100 15, 184 14, 183 5, 151 14, 164 14, 130 2.22308
MW093XB 1 7 51528.8 167 13, 130 12, 180 7, 171 9, 161 14, 126 7.19048
YR990CR 21 22 51531.8 87 8, 128 1.3125
CS942LE 17 18 51538.4 157 6, 172 5.37209
LM831WK 8 24 51545.2 135 8, 190 6, 153 7, 117 5, 174 8, 159 11, 166 8, 97 8, 90 14, 153 6, 149 14, 119 6, 89 5, 156 10, 160 6, 188 5, 87 7, 92 7, 141 13, 134 9, 88 8, 111 11.1712
HP894CV 18 23 51548.7 118 12, 151 7, 104 13, 171 10, 83 15, 150 10.44
JS114MF 12 23 51551.3 141 13, 172 13, 175 11, 187 10, 179 10, 118 10, 185 10, 108 10, 132 12, 186 6, 90 12, 126 2.66667
ZG435NT 6 28 51560.8 176 7, 162 13, 137 11, 190 11, 183 9, 181 6, 116 10, 120 15, 153 6, 179 6, 106 8, 143 7, 190 7, 143 8, 110 10, 146 13, 82 10, 169 7, 173 15, 136 10, 161 6, 158 14, 187 15, 167 2.73054
DA185TN 6 21 51570.6 126 6, 81 12, 130 10, 129 12, 131 9, 179 6, 159 7, 167 12, 110 13, 185 9, 109 7, 112 7, 173 14, 185 5, 88 8, 87 9, 182 15, 117 2
XZ671BT 5 6 51575.9 120 10, 150 11.84
YC415LC 16 17 51578.5 188 5.01064
RY936HB 25 27 51588.3 168 7, 103 5, 151 6, 162 9.41358
AE827TK 13 26 51594.5 125 15, 135 6, 81 5, 121 12, 148 6, 127 8, 83 5, 125 8, 180 12, 149 11, 131 10, 129 10, 129 6, 116 15, 181 10, 110 12, 118 14, 156 10.0897
DJ396EG 17 23 51595.5 164 7, 152 12, 105 15, 128 11, 170 6, 169 15, 105 6.68571
ZB666KP 24 26 51598.7 140 11, 108 11, 174 10.2529
MF592AZ 23 29 51600.2 127 6, 116 8, 169 11, 172 14, 188 10, 126 7, 125 7.576
WP016TP 12 26 51600.9 147 5, 128 14, 163 7, 112 6, 123 11, 96 10, 117 8, 127 7, 140 13, 121 11, 124 7, 86 13, 128 5, 105 11, 83 8, 171 14, 133 7, 182 11, 183 8, 189 8.38624
ZL464AV 13 16 51610.4 162 13, 117 7, 161 9, 112 9.21429
NM296WA 1 18 51613.6 111 11, 119 9, 84 6, 173 8, 134 12, 179 6, 84 6, 90 6, 148 8, 104 10, 169 5, 155 5, 168 13, 153 15, 101 13, 183 6, 134 10, 133 8, 111 12, 89 11, 122 10, 111 8, 129 2.24031
SH930RL 24 25 51620.2 97 14, 132 5.80303
YF796KD 21 23 51626.7 162 14, 167 4.77844
LR761MG 9 11 51631.3 112 5, 97 15, 187 2.92513
CH655SY 1 5 51637.4 97 12, 87 8, 158 8, 122 15, 156 4.58974
TT856AG 22 27 51641.8 137 10, 96 6, 183 11, 114 11, 82 6, 147 12, 114 9, 115 12, 122 5, 185 0.113514
DY128VB 22 23 51649 128 5, 119 10, 158 2.35443
LZ320YJ 2 12 51651.3 146 11, 128 14, 165 15, 102 10, 165 14, 170 13, 118 10, 172 8, 143 9.93706
ET305KS 14 21 51658 175 11, 93 12, 149 6, 99 7, 92 12, 178 12, 160 14, 164 3.59756
FF963XM 13 15 51662.9 104 7, 131 15, 145 7.08276
SD373FK 28 29 51672.1 138 5.65217
DD019FA 4 23 51675.4 146 15, 163 8, 184 9, 161 5, 171 8, 108 10, 189 10, 158 5, 155 12, 118 15, 152 6, 189 9, 104 15, 83 15, 152 8, 103 8, 113 7, 169 12, 102 9, 164 10, 101 14, 101 2.91089
EP291ZC 20 28 51684.1 86 11, 93 11, 148 7, 159 12, 107 15, 142 14, 107 15, 154 15, 138 13.5145
SC818XF 26 27 51688.8 137 12, 123 0.731707
HW932SE 8 23 51696.5 156 11, 109 6, 171 13, 135 8, 85 5, 126 9, 185 14, 130 9, 142 10, 111 11, 80 9, 80 14, 170 13, 160 6, 90 15, 168 13.0298
VR033ND 22 27 51699.2 97 8, 127 7, 109 9, 119 11, 159 9, 154 6, 81 14, 97 15, 115 11, 187 1.82888
TP793AS 20 25 51700 149 15, 125 11, 162 14, 119 15, 153 12.5425
YZ113WJ 5 13 51702.9 157 7, 158 15, 153 8, 183 15, 164 12, 92 6, 144 11, 183 1.78142
ZE458JN 27 29 51705.9 168 8.10714
MB096BK 28 29 51715.7 157 4.96815
CC295XV 10 24 51725 112 6, 163 6, 94 5, 134 12, 86 13, 164 11, 136 7, 181 13, 117 7, 171 6, 155 11, 172 12, 115 12, 109 14, 167 7, 124 8, 85 10
YL123ZG 24 26 51734.3 80 15, 141 5, 152 10, 98 11, 173 0.0520231
ZC392BM 9 25 51743.2 115 9, 97 6, 80 14, 153 13, 187 13, 184 13, 175 12, 185 9, 173 5, 157 8, 164 7, 172 10, 118 10, 101 13, 137 10, 116 5, 182 10, 135 6.60741
DT455JV 13 18 51746.8 173 11, 182 15, 180 12, 129 7, 113 4.58407
ET988GX 7 22 51749.7 189 14, 160 14, 116 8, 171 5, 171 12, 180 7, 122 7, 120 7, 112 14, 94 8, 127 9, 80 15, 82 5, 145 14, 154 6, 161 10, 154 5.80519
BP677ES 4 7 51757.5 100 14, 85 9, 104 5, 156 10, 119 5.06723
NX992FW 20 25 51758.7 166 13, 81 6, 149 6, 116 8, 166 13, 185 6, 127 14.5512
CV535NX 23 28 51767.3 106 5, 81 9, 138 9, 116 6, 81 15, 86 14, 150 12, 155 9, 141 0.531915
NG023PK 12 25 51771.6 114 8, 87 15, 144 6, 139 8, 132 14, 164 8, 129 14, 94 5, 90 9, 99 7, 144 6, 96 9, 132 14, 95 12, 185 6, 160 9, 186 5, 170 7, 158 9.77215
XD264BF 21 22 51778.5 160 5.4
GG848SZ 21 29 51779.4 135 7, 173 7, 126 8, 182 15, 156 15, 168 9, 178 6, 184 10.4239
VY452ZB 2 26 51785.1 105 10, 180 11, 180 8, 108 9, 114 11, 121 11, 146 7, 111 6, 89 8, 98 13, 114 5, 130 9, 113 11, 119 9, 118 7, 126 9, 81 13, 134 9, 163 13, 180 15, 182 7, 136 15, 178 13, 102 12, 151 13, 90 11, 159 12, 133 13, 102 6, 96 5, 166 3.09036
CL135GG 25 28 51786.3 115 12, 119 13, 173 6, 85 8.69412
VG116LR 24 26 51787.2 155 5, 176 12, 124 13, 137 0.0948905
BA696BA 23 25 51788.7 163 9, 145 5, 137 6, 190 6.14737
NM971SZ 28 29 51794.4 95 8.21053
ZA037VD 19 20 51800.2 119 15, 118 4.09322
FR979DS 9 22 51806.3 92 9, 173 12, 90 7, 142 14, 155 6, 185 6, 110 9, 116 7, 144 6, 132 14, 185 9, 160 6, 175 9, 180 11, 173 4.72832
PK028HV 25 26 51809 112 13, 181 5.14917
GX342LB 21 28 51809.5 127 12, 183 11, 153 9, 142 10, 99 11, 97 5, 189 8, 134 8, 134 8, 173 2.24277
NH969AT 26 27 51812.9 176 9.85227
BY250SJ 3 10 51816.8 184 5, 123 5, 115 5, 101 6, 82 15, 133 12, 183 9, 117 10, 124 9, 98 8, 167 6.54491
CP633EB 5 13 51821.4 185 6, 107 11, 145 8, 118 11, 94 15, 159 14, 171 8, 123 12, 168 3.82738
PN530ZM 10 28 51825.2 123 13, 141 12, 80 15, 166 6, 185 10, 127 9, 91 10, 103 13, 188 9, 133 8, 99 5, 154 5, 95 12, 80 7, 112 7, 183 13, 173 5, 179 10, 120 13, 101 10, 135 11, 180 6, 134 6.79851
XT150WZ 25 29 51833 160 14, 155 5, 140 12, 159 4.96226
RD208XT 13 19 51834.1 156 13, 153 12, 136 10, 176 8, 117 9, 157 7.6879
NB532VD 10 20 51838.2 105 7, 89 5, 133 13, 118 9, 92 14, 183 9, 83 12, 186 7, 106 10, 174 14, 129 10.2946
AP651MB 28 29 51840.7 128 6.09375
ZN643TC 16 27 51842.1 82 11, 164 15, 187 14, 137 10, 142 13, 113 6, 95 12, 184 14, 141 14, 136 10, 116 14, 137 6.64234
FG830TJ 10 20 51844 146 11, 172 7, 141 13, 167 8, 170 11, 122 15, 147 14, 99 5, 83 5, 181 7, 131 0.870229
DC890GG 16 29 51851 98 15, 83 10, 129 6, 116 5, 182 6, 103 8, 190 9, 101 11, 118 6, 190 8, 114 12, 98 13, 89 7, 180 8, 132 11, 150 10, 105 6, 103 5, 132 8, 167 2.05389
MH605NM 15 19 51851.6 105 6, 89 5, 129 9, 158 13, 87 10.1379
ED164GS 19 20 51858 190 11.9368
RP716NP 16 19 51868 111 7, 124 12, 180 6.78333
FW110YK 20 23 51872.3 96 10, 104 15, 126 11, 143 10, 114 0.561404
VY800GW 3 25 51879.6 148 14, 181 11, 93 11, 160 11, 182 12, 151 15, 157 5, 129 9, 117 6, 145 6, 159 10, 128 15, 111 13, 148 8, 153 15, 91 7, 177 6, 106 7, 107 8, 184 13, 147 12, 157 5, 190 15, 82 6, 131 1.0458
MJ637EJ 23 24 51880.7 129 6, 153 8, 103 0.582524
WF926TJ 23 29 51882.9 146 8, 163 8, 185 7, 116 13, 165 7, 141 7, 102 8, 82 11, 99 5, 160 0.225
MR995GC 13 17 51886 137 15, 113 13, 89 10, 138 7, 181 5.34807
DM438NH 15 22 51895.5 174 9, 137 5, 150 9, 111 9, 122 13, 155 11, 133 15, 180 4.17778
YG335MZ 5 20 51901.8 116 13, 134 9, 179 14, 169 9, 153 13, 186 11, 145 10, 157 15, 172 13, 93 13, 173 7, 174 6, 187 14.6898
VL009LZ 12 14 51902.7 95 9, 190 5, 82 15, 84 8, 80 5.1125
SX878ZM 2 29 51912.2 110 10, 151 12, 181 5, 163 14, 159 14, 112 6, 86 8, 174 6, 151 15, 91 5, 102 11, 166 12, 108 8, 136 11, 165 15, 137 12, 99 12, 124 6, 82 7, 145 5, 149 6, 169 8, 163 13, 104 11, 190 13, 80 14, 179 10, 141 10, 131 8, 174 13, 94 10, 161 0.708075
HL653PK 10 28 51921.3 118 7, 162 10, 100 10, 123 6, 170 11, 168 7, 180 5, 117 13, 132 14, 171 5, 160 9, 96 15, 187 14, 109 5, 117 9, 149 10, 108 5, 142 14, 151 9, 95 14, 87 9, 87 9, 190 3.11053
DW515ZF 5 27 51930.3 189 15, 158 7, 163 7, 122 9, 93 13, 101 6, 138 8, 123 12, 87 10, 177 11, 127 13, 103 5, 146 10, 145 6, 155 15, 151 15, 125 5, 94 7, 138 10, 93 14, 139 7, 172 6, 145 14, 93 6, 122 9, 171 14, 100 5, 184 8, 159 1.45912
RJ899TY 2 8 51938.9 167 5, 93 7, 161 8, 156 11, 190 15, 116 8, 121 7, 161 7, 160 5.2875
MZ574BN 17 18 51941.4 165 6, 171 5.12281
BM555YM 27 29 51950.4 105 5, 132 6.34091
ZC719TT 5 11 51954.9 140 12, 93 8, 92 10, 190 9, 94 10, 174 12, 153 6, 108 6.61111
CS666VG 12 27 51961.8 152 13, 97 9, 106 8, 160 14, 188 12, 88 5, 186 5, 168 12, 110 15, 188 8, 162 15, 181 10, 96 13, 181 5, 159 12, 153 15, 166 5.1506
ZA179PK 1 25 51963.2 127 13, 109 15, 190 7, 170 9, 165 8, 82 6, 138 6, 167 14, 109 14, 114 12, 112 6, 188 15, 106 7, 130 15, 120 7, 148 6, 184 8, 189 11, 82 6, 116 9, 91 15, 162 8, 141 11, 107 11, 156 10, 88 15, 128 11, 151 10.5033
HC953CN 8 28 51970.5 85 8, 146 11, 156 12, 90 12, 102 13, 186 6, 123 7, 185 13, 118 7, 86 13, 95 14, 165 11, 150 12, 172 12, 101 7, 98 7, 94 10, 188 10, 135 6, 140 6, 187 15, 138 11, 123 7.99187
SV703ML 9 14 51980.3 162 10, 141 10, 161 7, 156 8, 119 5, 176 6, 120 3.8
SD697VK 27 29 51986 173 6, 176 1.84091
WA117JX 14 21 51990.6 108 6, 177 14, 100 15, 98 13, 161 11, 137 11, 99 5, 115 5, 187 2.40642
YG435AY 20 22 51998.1 106 11, 97 5, 183 8.45355
GF415RY 18 27 51999.9 180 7, 132 12, 111 6, 185 9, 153 8, 92 11, 175 15, 185 14, 156 15, 92 14, 170 2.32941
AD368EG 11 21 52006.4 185 7, 98 6, 91 8, 119 7, 98 14, 154 14, 111 13, 84 8, 123 7, 158 15, 169 8, 83 6, 125 9, 140 2.53571
ET797GV 28 29 52008.2 132 5.90909
LA820JS 19 23 52017.2 116 10, 174 6, 177 6, 111 13, 149 15, 118 6.13559
ET002LB 20 25 52023.7 187 15, 130 12, 165 8, 109 14, 190 12.4789
NZ586NV 4 19 52029.4 187 14, 110 14, 143 8, 94 10, 187 7, 118 7, 142 13, 105 7, 142 11, 129 14, 124 6, 188 14, 98 15, 89 15, 173 6.24855
KG544VM 11 14 52036.2 180 8, 179 9, 84 13, 116 6.9569
GT754JB 1 7 52038.8 152 7, 88 6, 180 10, 121 13, 159 9, 165 8, 128 12, 150 2.92
HC195PK 2 5 52039.9 117 15, 93 8, 122 5, 165 9, 120 2.06667
EE945PA 7 24 52043.4 123 13, 123 6, 160 6, 177 7, 142 6, 97 13, 159 13, 157 10, 105 11, 128 7, 153 6, 177 6, 138 7, 166 15, 105 8, 158 13, 87 9, 155 10, 168 9, 132 11, 118 4.25424
AH340SD 14 18 52049 181 6, 157 12, 121 10, 157 7.88535
JZ021JT 26 27 52058.7 90 14, 145 3.26897
DM992AC 6 15 52063.6 116 12, 171 8, 178 9, 143 14, 86 5, 93 10, 97 13, 155 14, 159 5, 165 4.01212
TC197XN 3 19 52065.2 113 12, 137 15, 104 8, 170 10, 91 13, 171 12, 86 12, 108 15, 132 8, 80 13, 143 9, 121 15, 136 9, 85 9, 143 6, 166 13, 137 7.87591
KG467DX 21 23 52074.9 167 13, 82 7, 181 1.77348
BD070SE 12 14 52081.5 110 8, 151 13, 156 5, 144 3.42361
JE733BS 19 25 52085.4 131 5, 147 7, 133 8, 137 13, 89 9, 135 6, 88 10, 187 9, 96 11, 163 5, 172 7.4186
MV331RB 15 22 52093.7 100 9, 143 7, 131 11, 158 13, 133 11, 148 10, 139 10, 99 9.18182
WA114BE 7 20 52103.7 93 9, 174 8, 125 8, 151 7, 178 11, 156 5, 159 14, 133 7, 89 15, 86 8, 147 7, 123 6, 162 6, 95 11, 115 7, 124 8, 96 12, 97 0.731959
RC769KW 10 19 52111.9 145 15, 128 14, 114 6, 102 15, 90 5, 151 5, 135 8, 172 13, 83 12.747
BB628GX 15 19 52120.7 98 8, 187 12, 92 5, 86 7, 165 6.55758
PS537AG 26 27 52127.4 143 9, 88 5.07955
HA225DT 13 27 52128.7 87 10, 165 13, 159 8, 164 14, 143 5, 127 9, 141 8, 80 13, 172 11, 145 14, 186 7, 134 14, 134 7, 81 6, 146 14, 84 7, 88 8, 183 13.0874
SM508VD 27 28 52131.1 170 3.42353
PY560ES 25 27 52132.7 171 7, 120 12, 120 6, 135 5.66667
DJ042WN 11 12 52142.1 152 5.48684
NT629MR 15 17 52144.5 137 8, 103 7, 96 8.44792
FR897YL 22 24 52151 144 14, 89 15, 121 7.5124
TG699FV 21 26 52158.6 85 8, 168 15, 101 13, 189 6, 147 11, 98 14, 183 5.46448
AF383XF 11 27 52167.7 147 12, 157 5, 122 11, 146 7, 130 11, 149 8, 163 7, 158 13, 169 9, 101 14, 142 11, 165 9, 125 13, 159 13, 179 14, 145 8, 123 11, 113 5, 120 8.58333
ED639JR 14 17 52172.5 81 9, 134 15, 113 7.19469
PH016KN 15 18 52174.4 119 15, 164 11, 131 6.9084
ZY447JW 21 24 52179.4 105 13, 118 9, 116 15, 174 5.5
RZ864SJ 5 28 52181 169 7, 163 9, 156 6, 146 7, 180 7, 106 15, 179 13, 112 13, 159 15, 170 14, 124 5, 181 15, 155 10, 95 12, 155 15, 142 9, 144 15, 162 15, 105 6, 177 10, 96 6, 160 9, 121 12, 154 7.93506
VT100GB 27 29 52182.4 185 7, 96 0.697917
ZM855EX 8 20 52187.1 131 11, 189 14, 130 6, 86 14, 123 11, 155 8, 188 6, 160 5, 82 8, 109 14, 142 8, 135 15, 168 5.04167
JA458HN 21 27 52196.5 172 9, 163 7, 113 15, 121 11, 97 13, 152 15, 163 12.9693
DT768YE 28 29 52197.1 158 4.93671
BD822FY 27 29 52202.4 89 15, 117 0.230769
AX337HT 25 28 52209.2 154 13, 111 13, 81 12, 154 1.86364
DA795DN 15 22 52214.6 147 7, 90 6, 184 12, 146 8, 112 14, 190 13, 183 9.04372
YG706KG 26 27 52223 95 5, 101 10, 151 1.64901
JL468TW 22 25 52231.8 87 11, 80 6, 135 15, 143 12, 112 10.7679
TJ312TD 3 11 52238.9 86 14, 163 8, 170 11, 165 11, 137 13, 123 6, 101 15, 165 11.1455
ZV213DC 8 25 52247.2 127 10, 108 7, 100 6, 95 6, 185 9, 95 6, 86 10, 178 12, 159 10, 190 11, 95 15, 125 12, 179 6, 133 8, 140 8, 142 6, 93 11, 142 8, 97 5, 135 13, 154 5, 111 12, 172 4.19186
VD565TM 22 26 52256.3 186 11, 126 15, 97 5, 158 10, 107 7, 130 11, 110 5, 81 0.518519
TT998RC 11 16 52264.1 160 11, 150 8, 101 5, 185 15, 180 7.33333
DP160LA 25 27 52269.8 139 15, 101 6, 186 6, 113 2.78761
PR730YJ 28 29 52276.5 132 5.90909
KP634MZ 3 28 52277.2 149 7, 123 10, 174 6, 139 7, 139 10, 183 12, 135 8, 154 7, 95 6, 110 9, 102 9, 127 14, 114 7, 122 11, 131 7, 99 12, 96 9, 91 8, 137 10, 170 13, 166 5, 111 7, 132 8, 172 13, 161 8, 85 7, 102 7, 122 7, 88 8, 180 11, 158 12, 155 12, 146 8.00685
XD040VH 20 29 52281.6 118 13, 128 6, 117 7, 136 6, 187 8, 180 6, 80 6, 162 5, 147 9, 82 8, 158 9, 182 7, 106 14, 123 8.97561
HC719RE 14 15 52290.5 152 6.07895
